name,domain
Takahashi Market,takahashimarket.com
TOADSTOOL CUPCAKES LLC,toadstoolcupcakes.com
Vending Arizona,vendingarizona.com
"BASIN BURGER HOUSE, INC.",basinburgerhouse.com
Mimi’s Cupcakes,mimis-cupcakes.com
"Monticello's Market and Butcher Block, LLC",monticellosmarket.com
Snap Custom Pizza,snapcustompizza.com
Taco Locale,tacolocaleict.com
A Cookie Family,acookiefamily.com
Amy’s Drive Thru,amysdrivethru.com
Del Sur Artisan Eats L.L.C.,delsursaintsimons.com
North Side Pockets,northsidepocketsri.com
Pies Unlimited,piesunlimited.com
Ruggles Black,rugglesblack.com
Venturas Tamales,venturastamales.com
El Pueblo Inc,elpueblo.org
Happy Camper Cakes,happycampercakes.com
Johnny’s Pizzeria,johnnysonline.com
Mistoura Pastry,mistourapastry.com
Pet Foodie LA,petfoodiela.com
Blue Stone Pizzeria,bluestonepizzeria.com
Counter Culture Vero,counterculturevero.com
"INNER FUELED, LLC",innerfueled.com
Nom Nom Ramen,nomnomramen.com
Ono Gelato Company,onogelatocompany.com
PrairieSun Organic Farm Market,prairiesunorganics.com
The Lettucehead Food Company,lettuceheadfoodco.com
The Union Street Bakery & Cake Shop,unionstreetbakeryme.com
Tobin’s Feed & Seed,tobinsfeedandseed.com
Boss Sushi,bosssushi.com
Caliente Cab,calientecabco.com
COCO SHRIMP LLC,cocoshrimp.com
Favorite Yogurt,favoriteyogurt.com
New York Style Sausage Co.,newyorkstylesausage.com
"The Buffalo Shoppe, Inc",thebuffaloshoppe.com
5th Street Wine and Deli,5thstreetwineanddeli.net
Bäckerei Wolfgang Pfeifle,baeckerei-pfeifle.de
BLU Boy Chocolate Cafe and Cakery,bluboychocolatestore.com
DRUNKENRAISINS,drunkenraisins.com
Faye's Pizza,fayespizza.com
GIULIANO'S DELICATESSEN,giulianosgardena.com
Icedgems Baking,icedgemsbaking.com
J & A Gourmet,jagourmet.com
KITCH Organic,kitchorganic.com
Kona Sweets,konasweets.com
Mimi’s Kabob,mimiskabob.com
"Sorrento Italian Restaurant, Bakery & Deli",sorrentoportrichey.com
The Caketeria,thecaketeria.net
"THE COOK'S SHOP, LLC",thecooksshop.com
Total Care Chem-Dry,totalcarechemdry.com
Woodring Pike Place Market,woodringnorthwest.com
"BUTLER'S SMOKEHOUSE, INC.",butlers-smokehouse.com
Cinghiale - Osteria,cgeno.com
Green Tails Market,greentailsmarket.com
il Fustino,ilfustino.com
Jerome Ghost Pepper,jeromeghostpepper.com
Jj’s Deli and Liquors,jjsdeliandliquors.com
Rising Sun Distillery,risingsundistillery.com
Sweet Insanity Bake Shop,sweetinsanitybakeshop.com
TWO FAT COOKIES LLC,twofatcookies.com
"Di Gregorio Food Products, Inc.",digregoriofoods.com
Formosa Garden Chinese,formosagardensa.com
Grandmas Desserts ETC LLC,grandmasdesserts.com
Howden Market,howdenmarket.com
"OHL STYLE BEEF JERKY, LLC",ohlstylebeefjerky.com
Partiz and Cakes,partizandcakes.webs.com
PhilaDing,philading.com
Prep Freeze Cook,prepfreezecook.com
Rose Valley Cakes,rosevalleycakes.com
SWEET RED PEACH,sweetredpeach.com
El Tule Mexican and Peruvian Restaurant,eltulerestaurant.com
Holy Cannoli Sweet Shoppe,holycannoli.com
Ma’adan Catering,maadan.com
Shine Açaí,shineacai.com
Storybook Bakery LLC,storybookbakery.com
Studious Baker,studiousbaker.com
A to Z Produce,atozproduceandbakery.com
Alaska Home Pack,akhomepack.com
Cinagro,cinagrogoodies.com
Ferrara's Bread Company & Catering,ferrarasbreadcompany.com
Fort Collins Farmer's Market,fortcollinsfm.com
NutriLeaf,nutrileaf.net
Sancho’s Authentic Mexican Restaurant,sanchosmexican.com
9 Miles East Farm,9mileseast.com
SOM Olive Oil,404error.com
Becker Lane Organic Farm,beckerlaneorganic.com
CHEF HANS GOURMET FOODS INC,chefhansgourmetfoods.com
Choco Fruit,chocofruitgroup.com
Congas Fine Latin American Cuisine,congaschicago.com
Gourmet Kosher Gift Baskets,gourmetkoshergiftbaskets.com
Io E Tu Ristorante,ioetu.com
Millie’s Bakehouse,milliesbakehouse.com
Northeast Kingdom Processing,nekprocessing.com
Planit Protein,planitprotein.com
Roman’s Famous Meats & Seafood,romansfamous.com
See Spot Eat: A Doggie Bakery,seespoteat.com
Shale Rock Coffee House,shalerockcoffee.com
The Mardi Gras School of Cooking,themardigrasschoolofcooking.com
Bebops Donuts,bebopsdonuts.com
CleanMeals.com,cleanmeals.com
"Fresh Vintage Farms, LLC",freshvintagefarms.com
It’z My Party Cakery,itzmyparty.com
Just a Bunch of Carrots,justabunchofcarrots.com
The More You Dough,themoreyoudough.com
Uncle Peters Pasties,unclepeterspasties.com
Yagi Noodles,yaginoodles.com
ANDY ROO'S CAJUN ENTERPRISES INC,andyroos.com
Barron Bakery,barronbakery.com
Blue Tulip Chocolates,bluetulipchocolates.com
Garden Monsters,gardenmonsters.net
Joyce Gourmet,joycegourmet.blogspot.com
Merit Vegetarian,meritvegan.com
Oddball Eats,oddballeats.com
Rilibertos Fresh Mexican Food,rilibertos.com
"SWEETHEART DONUTS, LLC",sweetheartdonuts.com
The Kilted Cake,thekiltedcake.com
Webers Bread,webersbakery.com
Alfonso Pastry Shoppe,alfonsospastries.com
Bruce’s Foods,brucesfoodsmn.com
Carolina Pound Cakes,carolinapoundcakes.com
Harvest Moon Bagel Co,harvestmoonbagels.com
Nantucket Baking Company,nantucketbakingco.com
"NEXT DIMENSION BAKERY, LLC",nextdimensionbakery.com
SatinSlices,satinslices.com
Smith Island Baking Company,smithislandcake.com
Typhoon Noodle,typhoonnoodle.com
"Uncle Dave’s Homemade Ice Cream, LLC",uncledavesicecream.com
Barrys Theatre Cookies,barrystheatrecookies.com
Boulder Organic Coffee,boulderorganiccoffee.com
Castro Valley Natural Grocery,castrovalleynaturalgrocery.com
Cupcake Magician,cupcakemagicianonline.com
Milo and Olive,miloandolive.com
Sano Valley,sanovalley.com
SuperSeed Life,superseedlife.com
The CakeOver,thecakeover.com
Belmont Butchery,belmontbutchery.com
Chino Chinatown,chinochinatown.com
Corolla Cantina,obxcantina.com
"Deborah's Specialty Cakes, LLC",thebestcakesinathens.com
Friendly Confines Cheese Shoppe,friendlyconfinescheeseshoppe.com
Gourmet 88 Burbank,gourmet88.com
Love Sweet Things Bakery,lovesweetthingsbakery.com
Mijita,mijitasf.com
Munchathon,munchathon.com
"Patisserie Vero Beach, Inc.",patisserieverobeach.com
Tres Belle Cakes,tresbellecakes.com
Asheville Bee Charmer,ashevillebeecharmer.com
Berries By Quicha,berriesbyquicha.com
Bread Underground,breadunderground.com
Fresh-Tamales,fresh-tamales.com
Heaven In My Stomach,heaveninmystomach.com
"Hospitality Sales & Marketing, LLC",hospsales.com
Meat Maniac,meatmaniac.com
Smokin’ Beans Coffee,smokinbeans.com
St. Louis BBQ Store,stlbbqstore.com
Taiwan Pork Chop House,taiwanporkchophouse.com
ANDERSONS FROZEN CUSTARD INC,andersonscustard.com
Beyond Glaze,beyondglaze.com
Coolyo Frozen Yogurt,coolyofrozenyogurt.com
"CORA LEE CANDIES, INC.",coraleecandies.com
Houston Meat & Produce,houstonsmarket.com
"IL PANDOLCE, LLC",ilpandolce.com
Lemon Berry Frozen Yogurt,lemonberryfrozenyogurt.com
Olive My Heart,olivemyheart.com
Tastebud Food Tours,tastebudtours.com
"THE BREWMASTER'S BAKERY, LLC",thebrewmastersbakery.com
Top Shabu-Shabu & Lounge,topshabushabu.com
Bark Street Bakery,barkstreetbakery.com
Brown Butter Cookie Company,brownbuttercookies.com
California Caramel Company,californiacaramelcompany.com
Curry Sultan,currysultan.com
Hawaiian Vanilla Company,hawaiianvanilla.com
Malena’s Kitchen,malenaskitchen.com
Mecklenburg Chem-Dry,mecklenburgchemdry.com
Redbones Bakery,redbonesbakery.com
14 Carrot Whole Foods Inc,14carrot.net
21ST CENTURY BEAN PROCESSING LLC,21stcenturybean.com
Guma Spicy Pies Factory,gumapies.com
Pizza Bite,pizzabite.com.au
Better Gourmet Health Kitchen,justeatbetter.com
Desi Delights Inc.,desi-delights.com
Dine At Home Foods,dineathomefoods.com
Heavenly Delights Bakery,heavenlydelightsbakery.biz
Lupe’s Taqueria,lupessj.com
Rockville Bagels,rockvillebagel.com
The French Bakery & Courtyard Cafe,frenchbakeryhiltonhead.com
D & LP SUBS INC.,dlpsubs.com
Greecologies,greecologies.com
"Healthy Meals, INC.",healthymealsinc.com
MacDougall's Irish Victory Cakes,macdougallscakes.com
Pure Chocolate By Jinji,jinjichocolate.com
Casa Toscana - Artisanal Tuscan Eatery,casatoscana.com
"Cassandra's Gourmet Classics, LLC",islandtreasuresgourmet.com
COMMUNITY FOOD PANTRY IN TOOL,foodpantryintool.org
French Fryz,frenchfryz.net
Jody’s Bakery & Caterie,jodysbakery.com
KP'S HARVEST TIME PRODUCTS,harvesttimeshells.com
Mango Tree Thai Bistro,mangotreethaibistro.com
Vapor City,thevaporcity.com
Big Mountain Deli & Creperie,simplygourmetlakeplacid.com
Blossom and Son Roasters,blossomroasters.com
Buff Wings,buffwings.blizzfull.com
Chip’s Chocolate Factory,kcfudge.com
"Ehrlenbach Collins, Inc.",havenscandies.com
Il Forno To Go,ilfornocaffe.com
Joann’s Fudge,joannsfudge.com
Kitchen ZINC,kitchenzinc.com
Malakor Thai Cafe,malakor.com
Oui Presse,oui-presse.com
Pendulum Fine Meats & Market,pendulummeats.com
Raymer’s Homemade Candies,raymershomemadecandies.com
Scratch Taco Boutique,scratchtacoboutique.com
The Lucky Lunch Box,theluckylunchbox.com
Zillions Chili,zillionschili.com
29th Street Deli & Grill,29thstreetdeli.com
Craftsman Table & Tap,craftsmantableandtap.com
Extreme Pizza - Richmond,richmond.extremepizza.com
Gordon Skagit Farms,gordonskagitfarms.com
Round Swamp Farm,roundswampfarm.com
Sockerbit,sockerbit.com
The Blue Elephant Trail,blueelephanttrail.com
Trytkos Custom Smoked Meats,trytkos.com
Cannovas Restaurant,cannovasfreeport.com
Gerbeaux Dog Bakery,gerbeauxdogbakery.com
Gráinne Baking,grainnebaking.com
"MANZANITA ROASTING COMPANY, LTD.",manzanitaroasting.com
Taco Bandido,tacobandido.biz
Tazza Italian Ristorante,tazzaristorante.com
Wild Ginger Asian Bistro,ohwildginger.com
Blau’s Saukville Meats,blaussaukvillemeats.com
Hill City Popcorn,hillcitypopcorn.com
JKO Catering,jkocatering.com
Lagondola Spaghetti House North,lagondoladecatur.com
Mary J White,maryjwhite.com
Milk Road Coffee,milkroadcoffee.com
"Indie-Peasant Enterprises, Ltd. dba Shagbark Seed and Mill",shagbarkmill.com
YouGottaEatThis,yougottaeatthis.com
"AMERICAN SUNDANCER, INC.",americansundancer.com
Boston Honey Company,bostonhoneycompany.com
"Colorado Meat Company, LLC",coloradomeatcompany.com
Hannah Q Smokehouse,hannahqsmokehouse.com
"Mese Hsin Tung Yang Foods, Inc. (HTY)",htyusa.com
"Parker's Hot Dogs Of Santa Cruz, Inc.",parkershotdogs.com
Shirlyns Natural Food,shirlyns.com
Tom’s Jr Restaurant,tomsjrlamirada.com
"Volkers Bakery, LLC",volkersbakery.wordpress.com
Box Hill Crabcakes,boxhillpizzeria.com
Cellars Market,cellarsmarketchicago.com
Chem-Dry of Elko,chemdryofelko.com
CR Lapps Family Restaurant,crlappsfamilyrestaurant.com
Federico’s Bakery,federicos-bakery.com
Gateway Farm Market & Candyland,gatewaycandy.com
Ghiselani Designer Wedding Cakes,mauicakestore.com
Hot Wild Pepper,hotwildpepper.com
Mmm Que Rico,calabashperuvianfood.com
Pasteur Grill and Noodles,pasteurgrill.com
Raw To Go Pet Food,rawtogopetfood.com
Sheer Ambrosia,sheerambrosiabakery.com
Simple Scallion,simplescallion.com
TORTILLERIA SAN ROMAN INC,tortilleriasanroman.net
Colony Quality Meats,colonysqualitymeats.com
Dee-Jays Custom Butchering & Processing,deejayscustombutchering.com
"G.M. Thompson and Sons, Inc",gmthompson.net
Jensen’s Custom Cakery,jensenscustomcakery.com
Komo Asian Cuisine,komolongisland.com
Le Grand Bistro Américain,bistrolegrand.com
"Stir Crazy Baked Goods, LLC",stircrazybakedgoods.com
"Tri-State Local Foods, Inc. dba The Wild Ramp",wildramp.org
New Jersey Salt,newjerseysalt.com
Paris Truffles,paristruffles.com
Sierra Noodle House,sierranoodlehouse.com
Italian Connection Pizza,italianconnectionpizzeriadumont.com
King Corn,kingcorn.net
"Phillip Ashley, LLC",phillipashleychocolates.com
Platedate.,platedate.com
Sleek Creperie | Cafe Fairfield,sleekchocolatiercafefairfield.com
Very Crepe,verycrepe.com
White House Subs,whitehousesubshop.net
1836: A Texas Olive Company,1836oliveco.com
Austin Daily Press,austindailypress.com
Baked By Angels,bakedbyangels.com
Dolce Cupcakery,dolcecupcake.com
Donna Marie’s Gluten Free Bakery,donnamariesbakery.com
Moneta Moments,monetamoments.com
Opie’s Deli,opiesdeli.com
Sprout & Pour,sproutandpour.com
The Kandy Jar,thekandyjar.com
Westover Beer Garden & Haus,westovermarketbeergarden.com
Arlington Heights Farmers Market,ahfarmersmarket.org
Granny’s Mini-Hut,grannysminihut.com
Millcreek Olive Oil,millcreekoliveoil.org
Snickerdoodles Bakery and Coffee House,snickerdoodlesbakery.com
Bollitos,bollitos.co
Burger 7,burger7.com
Cipolli Cannoli,cipollicannoli.com
J'AIME CONFITURE LLC,jaimeconfiture.com
Sgt. Pepper’s Subs,sgtpepperssubs.com
Sharon’s Custom Designed Cakes,chicagolandcakes.com
B & M Market,bmfoodlovers.com
Eat Your Cake Too,eatyourcaketoo.net
Marujyu Market Catering,marujyumarket.com
North East of the Border,neotbtruck.com
"RAMSTEAD RANCH, LLC",ramsteadranch.com
Resdrob,resdrob.com
Ruby’s Neighborhood Restaurant,rubysofashland.com
BOKEBOWL LLC,bokebowl.com
Essence On Main,essenceonmain.com
Lake Thai Cuisine,lakethai.com
LEON'S FOOD CORP,mozzarepas.com
Mana Bu’s,hawaiimusubi.com
Reeses Barkery & Pawtique,reesesbarkery.com
Roccos Bakery,roccosbakery.com
Yellow Umbrella Provisions,yellowumbrellarva.com
Bon Appetit Crepe Company,bonappetitcrepecompany.com
Cakes by Rumy,cakesbyrumy.com
N’joypopcorn,njoypopcorn.com
"PALEO EATS, LLC",paleoeats.com
Poplandia Gourmet Popcorn,poplandiapopcorn.com
Rocco’s Pizzeria and Ristorante,roccos-pizzeria.com
The Fort Gift Shop & Candy Kitchen,mackinawcaramelcornfudge.com
Weinstock Sylvia Cakes,sylviaweinstock.com
Chick-N-Bones Cafe & Catering,chick-n-bones.com
Dulce Artisanal Pastry,dulcecollingswood.com
Farmers Exchange of Townsend,townsendfarmer.com
GRIP Mediterranean Grill,gripmedgrill.com
Hank’s Natural Choice Dog Treats,hanksdogtreats.com
Lively Coffee House & Bistro,livelycoffeehouse.com
"NOHO SHAWARMA HOUSE, INC",nohoshawarmahouse.blizzfull.com
PHOENIX PICKLE COMPANY LLC,phoenixpicklecompany.com
The Discerning Palate,thediscerningpalate.us
"AZ Gourmet Foods, Inc.",azgourmetfoods.com
Bedford Avenue Meat Shop,bedfordavemeatshop.com
Chocolate Therapy,ctsweetremedies.com
East Coast Burger Company,eastcoastburger.com
Frosted Cakerie,frostedjoplin.com
Rosalind Candy Castle Inc,rosalindcandy.com
"Sam's Hof Brau, Inc.",originalsamshofbrau.com
Traditional Irish Foods,traditionalirishfoods.com
Bleeding Heart Bakery & Cafe,bleedingheartbakerywesttown.com
Bode International,bodeinternational.com
Cajun Caleb,cajuncaleb.com
Local Kebab,localkebab.rocks
Michigan By The Bottle Tasting Room,mbtbtasting.com
Nanas Cakery & Bake Shoppe,nanascakery.com
Randy’s BiLo,randysbilo.com
Rustica Brick Oven Cafe,rusticabrickoven.com
Simply... by Dominique,simplybydominique.com
Sweet Cheeks Baking,sweetcheeksbaking.com
TACO SON LLC,tacosonmexicangrill.com
"The Cake Pros, A Blessing Table",thecakepros.com
Thuringer Meats,thuringermeats.com
"ALM Land Company, LLC",greeniesmarket.com
Bow Wow Baketique,bowwowbakeshoppe.com
Cafe Tazza,cafe-tazza.com
Fernandas NY Pizza,fernandasnypizza.com
Henry's Sweet Retreat,henryssweetretreat.com
Las Chicas Bakery & Cafe,laschicasbakery.com
Main Moon Chinese Take-Out,mainmoon.biz
Mamie’s Farmhouse,mamiesfarmhouse.com
"Nana's Baked Goods, LLC dba Nana's Banana Bread",nanasbananabread.com
Register Family Farm,registerfamilyfarm.com
The Brickhouse Burger Company,brickhouseburger.com
Boondocker’s Restaurant,boondockerscafe.com
"CASEY'S CUPCAKES, LLC",caseyscupcake.com
CHAN TANE,wokshop.com
Harvest Plates & Pints,harvestgaithersburg.com
Heggy Confectionery,heggysalliance.com
Kodama Koi Garden,kodamakoigarden.com
Milette’s Cakes Bakery,milettescakes.com
Proletariat Butchery,proletariatbutchery.com
Shamrock Foods Co. dba Shamrock Foodservice Warehouse,shamrockfsw.com
Sweet Secret Cupcakery,sweetsecret.co
Cedarburg Popcorn Company,cedarburgpopcorncompany.com
Hershey Business Systems,hershey.com
"Just Buns, Inc.",justbunsbakery.com
Lulu’s Thai Noodle Shop,lulusnoodles.com
Oink and Moo Burgers & BBQ,oinkandmoo.com
J O Spice,jospice.com
Sweet Mary's Gourmet & Custom Baked Goods LLC,sweetmarysgourmetcustombakedgoods.com
I & D Glatt Meat & Poultry,idglatt.com
J & S Watkins Homebaked Desserts,jswatkins.com
Maddog’s Creamery,maddogssweets.com
New York Bagels Bakery,nybbakery.com
Nina’s Deli & Caterers,ninasdeliandcatering.com
Oly Piroshki,olypiroshki.blogspot.com
"PET HEALTHY HOLDINGS, LLC",pethealthybrands.com
Putterham Grille,putterhamgrille.com
"SOBO RAMEN, INC.",soboramen.com
Tandoori Pizza,tandooripizzadublin.com
The Well Dressed Olive,thewelldressedolive.com
Ariana Kabob & Gyro Bistro,arianabistro.com
Cake J’adore,cakejadore.com
Dim Sum & Noodle,dimsumandnoodle.com
Kurabiiki,kurabiiki.com
"MOONSHINE MOUNTAIN COOKIE COMPANY, LLC",moonshinemountaincookies.com
KS Coffee,ks.coffee
"SPIKE'S TREATS, L.L.C.",spikestreats.com
D’Alessandro’s Corner Grill,dalessandroscornergrill.com
Farmers Market of Grapevine,farmersmarketofgrapevine.com
"Heavenly Hawaiian, Ltd.",heavenlyhawaiian.com
Jenns Cake Couture,jennscakecouture.weebly.com
Mayflour Confections,mayflourconfections.com
"MELTS WITHOUT BORDERS, LLP",meltswithoutborders.com
Peninsula Chem-Dry,peninsulachemdry.com
"BIG E CAFE, INC.",mybige.com
Brothers Express Pizza Café,brothersepc.com
Dagwood & Scoops,dagwoodandscoops.com
Deeskus,deeskus.com
Pacific Pie Company,pacificpieco.com
"GARY'S GROCERY/MARKET, INC.",garysgrocerymarket.com
Keremo Cakes,keremocakes.com
Lace and Sweets,laceandsweets.com
Lisa Cookie Shop,lisascookieshop.com
Off Kilter Brownies,offkilterbrownies.com
The Exotic Bean,theexoticbean.com
The Locavore Store,bigislandlocavorestore.com
Sweet Fest,thesweetfest.com
"Toasted Artisan Grilled Cheese, LLC",toastedgrilledcheese.com
Vaad Hoeir,ovkosher.org
VIENNA BAKERY PRODUCTS LLC,viennabakeryproducts.com
Caboose Restaurant,eatcaboose.com
Cake Jewel Custom Cakes,cakejewel.com
Country Style Marketplace,countrystylemarket.com
Extreme Pizza - Denver,cherrycreek.extremepizza.com
Gambino’s New York Subs,gambinosnysubs.weebly.com
Mac Dynamite LLC,macdynamite.com
Napkins Bar & Grill,napkinsnapa.com
Three Dogs Coffee Company®,threedogscoffee.com
Underscores Baked Goods,underscoresbakedgoods.com
"Cascade International Foods, Inc.",cifoods.com
Grand Rapids Farmers Market,grfarmersmarket.org
M & S Meats,msmeats.com
Mix Bakeshop,mixashland.com
Newday Desserts,newdaydesserts.com
North Fork Chocolate Company,northforkchocolate.com
PEAK BITES,peak-bites.com
"POLASHEK'S LOCKER SERVICE, INC.",polashekslocker.com
WILMINGTON FARMERS MARKET ASSOCIATION,wilmingtonfarmersmarket.com
You Say When Yogurt Shoppe,yswyogurt.com
Fluhrer Bakeries,fluhrerbakeries.com
Menchie's Pico Rivera,menchiespico.com
Pinole Blue,pinoleblue.com
"V. MILLER MEATS, LLC",vmillermeats.com
Fat Pelican,thefatpelican.com
Italia East Restaurant,italiapizzacafe.com
"JST Global, LLC",jstg.com
Kansas Pork Producers Council,kspork.org
Pan Plano Kitchen,panplanokitchen.com
"Book Soup, Inc.",booksoup.com
Burke's Seafood,burkesseafood.com
Seafoods Of The World,seafoodsoftheworld.com
gRAWnola,grawnola.com
Ms Joy African Market,msjoysafricanmarket.com
"Smell Taste Technology, LLC",lytebalance.com
Uncle Jr's Legendary BBQ,unclejrsbbqsauce.com
Bacon Bitch,baconbitch.com
Farm Box by 409 + Co,farmbox.409.co
Healthy Solutions Spice Blends,spiceblends.com
Little City Coffee,littlecitycoffee.net
Morning Joy Coffee,morningjoycoffee.blogspot.com
Sugar Buttons,sugarbuttonscakes.com
Agave Uptown,agaveuptown.com
BLUE REAL SPRING WATER,bluerealspringwater.com
Ekiben,ekibenbaltimore.com
G M Paris Bakery,parisbakerylivonia.com
"Innovation Bakers, LLC",innovationbakers.com
Kringles Bakery,kringlesbakery.com
Magic Plant,thepatentmagicplant.com
Hook Burger,hookburger.com
Perkins Franchising and Development,perkinsfranchising.com
Sunflower Asian Bistro,sunflowerasianbistro.com
Whistle Stop Bake Shop,whistlestopdesserts.com
Kreyol Passion,kreyolpassion.com
Origin Coffee Co.,origincoffeeadk.com
LITTLE ROCK TOMATO INC,littlerocktomato.com
Manea’s Meats,maneasmeats.com
PJ’s Pet Cafe,pjspetcafe.com
The Pink House,pinkhouseofclaremore.com
Windmill Farms Produce,windmillfarmsproduce.com
Ganko Express,gankofoods.com
Jefferson’s Coffee,jeffersonscoffee.com
Olive Oil Marketplace,oliveoilmarketplace.com
Shyndigz LLC,shyndigz.com
The Southern Pie Co.,thesouthernpiecompany.com
Vapor Boss,vaporboss.us
"Greatland Grocery & Supply, LLC",greatlandgrocery.com
Oasis Baklava,oasisbaklava.com
Smittys Grill,smittysgrill.com
Craving Kernels Gourmet Popcorn & Sweet Shoppe,cravingkernels.com
What-A-Paan,whatapaan.com
Tambellini Gourmet Foods,fundraisingpittsburgh.com
Ultimate Cupcake,ultimatecupcake.com
Victor Jr’s,victorjrs.com
Conrad Farms Gourmet Treats,conradfarms.net
DE NUNNO - LIVE. LOVE. PASTA.,denunno.com
Leftys Ann Arbor,leftysannarbor.com
"Livity Foods, LLC",livityfoods.com
Sushi Arigato,arigato-sushi.com
Manzanita Fresh Foods,manzanitafreshfoods.com
Michaela's Meals,michaelasmeals.com
Now Find Dairy-Free,nowfinddairyfree.com
RiverTown Sweets,rivertownsweets.com
Rocket Taco,rocket-taco.com
Small World Bakery,smallworldbakery.com.au
Sweetheart Treats,sweethearttreatsnc.com
La Helada Micheladas,laheladamichelada.com
Pekin Paradise,farmfreshduck.com
Stoltzfus Meats Booths Corner,stoltzfusmeatsbc.com
Al Carbon Best Burger,alcarbonburgerbar.com
Animal Crackers Miami,animalcrackersdelivers.com
Asheville Chocolate,avlchocolate.com
Cowford Chophouse,cowfordchophouse.com
GoodStuff Juices,goodstuffjuices.com
MORROKKI,morrokki.com
Swedish Bitters Herb Company,swedishbitters.com
Vitamin Grocer Australia,vitamingrocer.com.au
Mem Tea,memteaimports.com
One World Vegetarian Cuisine,onevegworld.net
Supreme Fish Delight,supremefish.com
Purely from Scratch,purelyfromscratch.com
LUSH COFFEE & TEA LLC,mylushcoffee.com
Papa Meat Market,papasmeatmarket.com
Raw Dog Express,rawdogfoodexpress.com
Animal Park,theanimalpark.com
Chaparral Homemade Ice Cream,chaparral-icecream.com
Clear Hills Honey Co,clearhillshoney.com
"DAN'S SMOKE HOUSE, INC.",internetjerky.com
"La Paix Bakery, Inc",lapaixbakery.com
La Petite Delicat,lapetitedelicat.com
Pie Me Over,piemeover.com
The Clean Eatery,cleaneaterylr.com
"Angel's Bake Shop, LLC",angelsbakeshop.com
Flaming Amy's Bowl,flamingamysbowl.com
"HONG KONG WOK N GRILL, INC.",hongkongwokngrillfl.com
Saylors Market,saylorsmarket.com
Akel’s Delicatessen,akelsdelidowntown.com
Bird Dog BBQ,birddogbbq.com
Countrytime Kettle Korn,countrytimekettlekorn.com
Dan's Market,dansfoods.com
Fresh Whole Food For Dogs,freshwholefoodfordogs.com
H & L Chem-Dry,hlchemdry.com
La Cazona,lacazonamexicangrill.com
Lascari’s Italian Cucina,lascarisdeli.com
Lebherz Oil & Vinegar Emporium,loveoliveoilvinegar.com
Mel’s Kitchen,melskitchencafe.com
Olde World Pastries Plus,oldeworldpastriesplus.com
Potomac Grocer,potomacgrocer.com
Sally’s Sweet Shoppe,sallyssweetshoppe.com
The Pizzeria,thepizzeria.us
Akai Hana,akaihanasushi.com
"BLACKWATER CREEK KOI FARMS, INC",koisale.com
Chilipa,chilipa.com
"Dessert Diva, LLC",dessertdivallc.com
JK’s Table,jkstable.com
Masala Myrtle Beach,masalamyrtlebeach.com
"PIE HEAVEN CAFE, LLC",pieheavencafe.com
Present Tense Farm,presenttensefarm.com
Sushi Fresh Ventura,sushifreshventura.com
Sweetwater Harvest Kitchen,sweetwatersf.com
Flying Burrito,originalflyingburrito.com
Green Chile Kitchen,gckrt66.com
Kellers Candies,kellerscandies.com
Mia Za’s Italian Cafe,miazas.com
Tepa Burger,tepaburger.com
AJ'S NY PIZZERIA LLC,ajsnypizza.com
ENSŌ Organics,enso-organics.com
House of Halva,houseofhalva.com
Petra Fresh Mexican Bistro,petramexicanbistro.com
Stumble Upon Bakery,stumbleuponbakery.com
Yum Yum Chocolates,yumyumchocolates500.com
Bagel & Deli Shop,bagelanddeli.com
Blue Ridge Goldendoodle Puppies,blueridgegoldendoodlepuppies.com
Food's Style USA Inc.,santouka-usa.com
Jw Pastry,jwpastry.com
Pasta Prima,pastaprima.com
Eleventh Avenue Exports & Imports LLC,11thavenuefoods.com
B.A. Burrito,baburritoco.com
Phaze Ventures LLC,phazev.com
Sabad Foods Inc.,sabadfoods.com
"Truffle Board, LLC.",truffleboard.com
Blanc Burgers and Bottles,blancburgers.com
Naicha,naichatea.com
"Painterland Sisters, LLC",painterlandsisters.com
Akwesasne Puppy Style Dog Biscuits,puppystyletreats.com
Bonjerk,bonjerk.com
Community Loaves,communityloaves.org
GYROS TO GO INC,gyrostogo1.com
Specialty Seafoods,seafoodspecialtiesonline.com
"TACO CRAVE, LLC",tacocrave.net
Alegro Foods,alegrofoods.com
Iron Chefs Hibachi & Sushi Bar,ironchefsusa.com
Jourdan River Steamer,jrsteamer.com
Koala Moa,koalamoa.com
Love & Buttercream,loveandbuttercream.com
Meals From The Heart Cafe,mealsfromtheheartcafe.com
Planet Hoagie,planethoagie.com
"POKEY O'S COOKIES & ICE CREAM, LLC",pokeyos.com
Posh Bagels,theposhbakery.com
The Orginal Rural Valley Bakery,ruralvalleybakery.com
ArrozRVA,arrozrva.com
MARION ACRES LLC,marionacres.com
MostlyChocolate.com,mostlychocolate.com
Oh So Sweet by Tiphanie,ohsosweetbytiphanie.com
Southern Bay Bakery,southernbaybakery.com
Caly's Kitchen,calyskitchen.com
Cookie Tray,cookietray.biz
"DA BURGER SHACK, LLC",daburgershack.com
Farmlands Market,farmlandsmarket.com
Ganache Desserts,ganachedesserts.com
Sweet Mango Thai Cuisine,sweetmangoohio.com
Van Otis Truffles,vanotistruffles.com
Roseline’s Farm & Bakery,roselinesbakery.com
Wonder Bakery,wonderbakery.com
Bluebird Café.,bluebirdcafe.us
Ground Up Group,groundupgroup.com
La Rosa Foods,larosafoodsny.com
Lomeli Butcher Shop,lomelimeats.com
Cork & Cow,corkandcow.com
The Cookie Mill,cookiemill.com
Balaffon LLC,balaffon.com
J.W.'s Food & Spirits,jwsfoodandspirits.com
Susaborlatintaste,susabor.net
TexaKana Organics,texakanaorganics.com
Arigato Hibachi & Sushi,arigatohibachisushi.com
Ashery Farms,asheryfarms.com
"Falls Meat Service, Inc.",fallsmeatservice.com
Flatlands Coffee,flatlandscoffee.com
Kettle Range Meat Company,kettlerangemeats.com
Leonard’s Malasadamobile Wagon,leonardshawaii.com
Pink Box Desserts,pinkboxdesserts.com
Suji Fresh,sujifresh.com
International Trade One Corp.,intertradeone.com
Kama Enterprise LLC,kama-llc.com
Rheb’s Homemade Candies,rhebcandy.com
Tiny Elephant Cafe,tinyelephantmontclair.com
Tower Indian Restaurant,towernc.com
Bangkok BAR NYC,bangkokbarnyc.com
Suzy’s Sweet Tooth,suzyssweettooth.com
Thai Meal,thaimeal.us
THB Bagelry & Deli,eatthb.com
TREASURE COAST RESEARCH CORRIDOR ASSOCIATION,treasurecoastresearchpark.com
Arcana Restaurant,arcanarestaurant.com
Bonfire Burritos LLC,bonfireburritos.com
Costas Supermarket,costassupermarket.com
Horne Pecan Company,hornepecancompany.com
Nelson Honey US,nelsonhoneyus.com
Pie Sensations,piesensations.com
Sweet Wife Baking,sweetwifebaking.com
VESTERGAARD FRANDSEN GROUP SA,vestergaard-frandsen.com
ChocolateMelangeur_Online Shop,chocolatemelangeur.com
Matisse Bistro,matissebistro.com
Rollin Street Bakery,rollinbakery.com
Worcester's Wild Blueberries,wildblueberryproducts.com
Breezy Organic Snackery,breezyorganic.com
C Salt Gourmet Market,csaltgourmetmarket.com
Major League Pizza,majorleaguepizza.com
Ugly Noodle Company,uglynood.com
Farm to Bus,farmtobus.com
Heirloom Fine Foods,heirloomff.com
Joe’s Italian,joesitalianonline.com
MeatTrack,meattrack.com
Sweet Megan,glutenfreesweetmegan.com
The Salted Cupcake,thesaltedcupcake.com
"10TH STREET PRODUCE, LLC",10thstreetproduce.com
Bird-In-Hand Bake Shop,bihbakeshop.com
Pasta Fina,pastafinas.com
Gourmet Italia Concept Store,gourmet-italia.com
KAISER FOODLINE LLC,kaisergourmet.com
Muscoreils Fine Desserts,muscoreils.com
Novy Ranches,novyranches.com
Trig's Smokehouse,trigssmokehouse.com
Femi’s Pizza,femispizza.com
"CHIEF'S CHOICE, L.L.C.",chiefschoice.net
Crazy Sweet,crazy-sweet.com
MiNU Foods,getgomix.com
Marukin Ramen,marukinramen.com
"MEAT CHEESE BREAD, LLC",meatcheesebread.com
Mermaid Juice,mermaidjuice.com
Paramount Piroshki,galantfoodcompany.com
The Lockedoor Social Dining,thelockedoorsocial.com
Wonder Food Catering,wonderfoodcatering.com
Sweet Peas Restaurant,sweetpbbq.com
The Cheese Iron,thecheeseiron.com
Toffee Boutique,toffeeboutique.com
Untamed Confections,untamedconfections.com
Marcel waffles,marcelwaffles.com
"My Skoopz, Inc.",skoopznatural.com
Angelo’s Foods,angelosfoodsdg.com
Chopsticks China Bistro,chopsticksbistro.com
Nest Burgers,nestburgers.com
SnoLabs,snolabs.com
3RD COAST KOMBUCHA LLC,3rdcoastkombucha.com
Chocnyc,chocnyc.com
FRENCH BOARDS AND BITES,frenchboardsandbites.com
Gold Star Kettle Corn,goldstarkettlecorn.com
Joel Catering and Special Events,joels.com
Luca’s Gourmet Deli,lucasdeli.com
Monster Gourmet,cateringmonster.com
Nicolo’s Chicago Style Pizza,nicolospizza.com
Pastry Chef Bakery,pastrychefbakery.com
Poppy Cake Baking Company,poppycakebakingcompany.com
Shabazz Good Foods,shabazzgoodfoods.com
Batter Up Cake,batterupcake.com
Gray Family Farm,grayfamilyfarm.com
On The Rise Baking,ontherisebaking.com
Packed with Life,packedwithlife.com
"Rich Jersey, LLC",richjerseyllc.com
The Soup Spot,thesoupspotpa.wordpress.com
Chad’s Carolina Corn,chadscarolinacorn.com
HEROFUEL,shopherofuel.com
Main Squeeze Natural Foods Cafe,main-squeeze.com
N' Cup Chocolate,ncupchocolate.com
Sprinkle Me Silly,sprinklemesilly.com
"SUGAR AND SALT BAKERY, INC.",sugarandsaltbakery.com
Bloomfield Best Bagels,bloomfieldbestbagels.com
Boozy Bones,boozybones.com
Diavola Pizzeria & Salumeria,diavolapizzeria.com
Dru Era,druera.com
"LA AMISTAD TORTILLERIA, INC.",laamistadtortilleria.ipage.com
Las Brasas Mexican Restaurant,lasbrasasyubacity.com
Michigan Fields,michiganfields.com
Old Siam Restaurant,thaisisters.com
Oliva Bella,olivabella.com
Anabella’s Wholesome Baked Goods,anabellasbakedgoods.blogspot.com
Pane Vino On the River,panevinoontheriver175.com
RAJA INDIAN SPICES LLC,rajaindianspicesjax.com
Shop Wise,shopwise.com.ph
Sitar Restaurant,sitarrestaurant.net
Anthony’s Jamaican Restaurant,anthonysjamaicanrestaurant.com
Blackwells Body Butter,blackwellsbodybutter.com
Coconut Information,coconutinformation.com
Domestic Details,domesticate-me.com
Newtown Farmers Market,newtownfarmersmarket.com
Olde World Apizza,oldeworldapizza.com
Sa-Bai Thong,sabaithong.com
Anmol LLC,eatanmol.com
Blend on Main,blendonmain.com
Guaranteed Fresh Produce & Dairy Co. Inc,gfproduceonline.com
Hoffman’s Quality Meats,hoffmanmeats.com
Rockey Mountain Chocolate Fntn,rockymountainchocolatefactory.com
The Chatham Jam & Jelly Shop,chathamjamandjelly.com
Blazing Foods,deathnuts.com
Froyola,froyola.com
Johnny D’s Restaurant & Pizza Parlor,johnnydspizza.com
Kalish Catering,kalishcatering.com
King's County Market,kingscountymarket.com
Pink Avocado Catering,pinkavocadocatering.com
Yum Asian Bistro,yumasianfusion.com
Tulua,gingershots.com
Brewed Awakenings Coffee Roasters,brewedawakenings.us
Clifton Bagels,cliftonbagels.com
"COCKRELL BREWING, LLC",cockrellbrewing.com
Fresh Midwest,freshmidwest.com
"L'il Hotties Foods, LLC",lilhottiesfoods.com
Liquid Art Coffeehouse,liquidartvt.com
Mekenita Mexican Grille,mekenitamexicangrille.com
Noce77 Ristorante,noce77.com
"Sheek Treats, Inc.",sheektreats.com
Tony Packo's Cafe,tonypackos.com
Althea's Tropical Delights,altheastropicaldelights.com
Cake Me Away Bakery,cakemeawaygastonia.com
Far From The Tree Cider,farfromthetreecider.com
Kazoopy's Pizza and Grinders,kazoopys.com
Lettie’s Kitchen,lettieskitchen.com
Philadelphia Soft Pretzels Inc,philasoftpretzels.com
The Cork & More,thecorkandmore.com
Heaven's Honey Inc.,heavenshoneyinc.com
"Rhett's River Grill and Raw Bar, L.L.C.",rhettsrivergrill.com
Shields Valley Ranchers,shieldsvalleyranchers.com
Subway of Southern Vermont,vtsubway.com
Tuscany Pizzeria,tuscanypizzeriasp.com
Georgia’s Gyros,georgiasgyros.com
Jacques Pastry Shop,jacquespastries.com
Jordan Lobster Farms,jordanlobsterfarms.com
Ko Bakery,kobakery.com
"Mancinis, Inc.",mancinis.com
"THE ORIGINAL FERRELL'S DONUTS, INC.",santacruzdonuts.com
"WANDERING TABLE, LLC",thewanderingtable.com
Awesome Hot Sauce,semperfryllc.com
Davey Jones Deli,daveyjonesdeli.com
Diho Siam,diho-siam.com
FOXTAIL BAKESHOP INC,foxtailbakeshop.com
Robin cafe,robincoffeeco.co
Boliantz E R Packing,erboliantz.com
Cakes by Stephanie,cakesbystephaniemi.com
Chocolates à la Carte,candymaker.com
Coastal Mist,coastalmist.com
Copper Kettle Chocolate Factory,copperkettlechocolates.com
"Jill's Cake Creations, Inc.",jillscakecreations.com
Metropolitan Restaurant & Lounge,r-bar.com
Mile High Thai,milehighthai.com
Naan Appetit,naanappetit.com
Zaytoon Mediterranean,zaytoonlansing.com
Ampersand Oil And Vinegar Tap House,ampersandoil.com
Cupcake Carnivale,cupcakecarnivale.com
Edison: Food+drink Lab,edison-tampa.com
Hometown Foods,myhometownfoods.com
"PEPE'S NY PIZZA, INC.",pepesnypizza.net
Potter’s Fine Pastries,pottersbakery.com
Southeast Market,southeastmarket.com
"THE DESSERT TRAY, INC.",thedesserttray.com
"BACKYARD BEVERAGES, LLC",backyardbeverages.com
Basilwood Farm LLC,basilwoodfarm.com
Nuevo,nuevofoodbox.com
Seasons Olive Oil & Vinegar Taproom,seasonstaproom.com
We Love Jam,welovejam.com
"Delta Hand Pies, LLC",deltahandpies.com
BurgerFit,getburgerfit.com
Heaven's Organics LLC,heavensorganics.com
Love's Bakery Hawaii,lovesbakeryhawaii.com
Marx Imports,marximports.com
Miss Angels Heavenly Pies,missangelsheavenlypiesinc.com
Sunshine Daydream Acres LLC,ssddhemp.com
"Wicked Bold, LLC",wickedbold.com
Kennewick Red Apple Market,kennewickredapple.com
MamaLei Body Essentials (All Natural Salt and Sugar Scrubs),mamaleibodyessentials.com
MidnighTreats,midnightreats.com
patisserie Jungle Cafe,junglecafe.xyz
Woori Mart,woori-mart.com
Caldino's Italian Market,caldinos.com
Metro Smokers Shop,metrosmokersshop.com
Pie Local,pielocal.com
The Panini Shop,thepaninishop.com
Who Cooks For You Farm,whocooksforyoufarm.com
WuBurger,wuburger.com
Copper Valley IGA,coppervalley.iga.com
Delicious Yogurt,deliciousfroyo.com
Heart & Sugar,heartandsugar.com
LA Luna Market,lalunamarket.com
One Eleven Trading LLC,111trading.com
W-2’s Quality Meats,w2squalitymeats.com
Adam's Meat Shop,adamsmeatshop.com
Bradford Bakery,bradfordbakery.com
Cub Pantry,cubpantry.com
RICES MARKET,ricesmarket.com
Nourish by Hollyberry,nourishbyhollyberry.com
Riverside Puppies,riversidepuppies.net
SWEET SIN By Claude Escamilla,sweetsinbyclaude.com
"No Sauce QUE, LLC",nosauceque.com
Sunright Corporation,snrtea.com
The Local Butcher,thelocalbutcherdenver.com
"CAKES BY RETTA, LLC",cakesbyretta.com
Calandra’s Italian Village,calandrasitalianvillage.com
Calvine's Gourmet Coffee,calvinescoffee.com
Cape May Peanut Butter Company,capemaypeanutbutterco.com
Afire Inc.,afireinc.com
Jimmy’s Peruvian Restaurant,jimmysperuvianrestaurant.com
Sweets to Nuts,sweetstonuts.com
Tend Coffee,tendcoffee.com
"Veronica's Sweetcakes, Inc.",veronicassweetcakes.com
"CALLAHAN'S COFFEE AND CONES, LLC",callahanscc.com
Chocolate Canopy,chocolatecanopy.com
Chocolate Cartel,chocolatecartel.com
Dolly's Pizza (Dolly's Pizza Official Page),dollyspizza.com
Generation Tea,generationtea.com
"LITTLE GENERAL FOOD SHOP, INC.",littlegeneralolympia.com
Olympia Cafe & Gyros,olympiacafeandgyros.com
Wok & Roll Teriyaki Catering,wokandrollteriyaki.com
"THE WISE PANTRY, LLC",roccospickles.com
Union Loafers Cafe and Bread Bakery,unionloafers.com
Brigadeiro Bakery,brigadeirobakery.com
Cissé Trading Co.,cissetrading.com
Divino Gelato Cafe,divinogelatocafe.com
Johnny’s Wood Oven Pizzeria,johnnyswoodovenpizzeria.com
Silao Foods Tortilleria,silaotortilleria.com
Stop and Taste,stopandtastepizzeria.com
"THE PLACE CATERING, INC.",sandiegokosher.com
A-1 Garden State Chem-Dry,a1gschemdry.com
"JEFFREY'S SIGNATURE SANDWICHES, LLC",jeffreyssignaturesandwiches.com
Morenas Cookies,morenascookie.com
Patrikon,patrikon.gr
Raining Manna Goat Milk Soaps,rainingmannasoaps.com
Shelly’s Deli,shellysdeli.com
sift bake shop,siftbakeshopmystic.com
Stinkin Good,stinkingood.com
The Power of Juice,thepowerofjuice.com
Big Bulls Bangn BBQ and Southern Comfort Food,bigbullsbangnbbq.com
Circo Pastry Shop,circospastryshop.com
Country Sliced Ham,honeyslicedham.com
Drei Stuben,dreistuben.ch
"Green Village Foods, LLC",greenvillagefoods.com
Kronch USA,kronchusa.com
Papa Joes Italian Restaurant,papajoes.org
BOCCI'S ON 7TH LLC,boccison7th.com
C’est La Vie Cakes,southbendweddingcakes.com
Canada Steak Burger,canadasteakburger.com
Falls Baking Company,fallsbaking.com
Foothill Farms,foothillfarms.com
Hungrybunny,hungrybunny.com
"Nature's Own, Inc.",naturesowninc.com
NU Cafe,nucafe.com
Obees,obeesfortcollins.com
Sugar and Snow Gelato,sugarandsnowgelato.com
Wag Natural Pet Market & Bathhouse,wagoftampa.com
Amy’s Creative Cakes,amyscreativecakes.com
Arnolds Meat Food Prods,arnolds-sausage.com
Black Mountain Bison,blackmountainbison.com
Charlottesville Cupcake & Cookie Co.,cvillecupcakeandcookieco.com
PLM Foods,plmfoods.com
Franklin Cider Mill Inc,franklincidermill.com
GQue Championship Barbeque,gquebbq.com
Key Largo Chocolates,keylargochocolates.com
SIMPLY NATURAL CAFE INC,simplynaturalcafe.com
Treatlane,treatlane.com
Union Tacos,uniontacos.com
Go Fish Sushi,gofishsushibar.com
Hearst Ranch Beef,hearstranch.com
Hot Boi Chili Oil,hotboi.co
Kandi’s Cakes & Bake Shop,kandiscakesandbakeshop.com
Lincoln Bakery,mylincolnbakery.com
One Aspired Cookie Co.,oneaspiredcookie.com
Rodelle Vanilla,rodellevanilla.com
Stoney Farms Crab Shop,stoneyfarmscrabshop.com
The Cookie Beautiful,thecookiebeautiful.com
Bangarang Foods,bangarangfoods.com
"Bone-in Butcher Shop, LLC",boneinbutchershop.com
Gini's Cakes&Bakes,ginis.me
Mineo & Sapio Italian Sausage,mineosapio.com
RecipeMatcher,recipematcher.com
Soflo Snacks,soflosnacks.com
Honest Chocolates,honestchocolates.com
Pho Ben,phobennoodle.com
Spelunkers,spelunkerscustard.com
5 Points Coffee & Tea,5pointscafe.com
Saddleback Chocolates,saddlebackchocolates.com
Sweets and Eats Bakery,sweetsandeatsbakery.com
Uma's Granola,umasgranola.com
Empoli Chicago,empolichicago.com
LA Sweetz,lasweetz.com
True Origin Foods,trueoriginfoods.com
Bravo Peruvian Chicken,bravochicken.com
GrassKickin' Farms,grasskickin.com
Hachi Ramen,hachiramen.com
Holyland Grocery & Deli,holylandgroceryanddeli.com
Hong Kong Bakery & Deli,hkbakery.com
"Kitchen Khemistry, LLC",info5778941.wixsite.com
"Metukim Bakery, LLC",metukimbakery.com
Rice Love,ricelove.com
Skybird Bakery,skybirdbakery.com
Sweets In a Jar,sweetsinajar.com
Current LA Food,currentla.org
Mama Dee’s Fye Popcorn LLC,fyepopcorn.com
nutriwing,nutriwing.com
"Ripcee, Inc",ripcee.com
"Skye Confections | Atlanta, Ga.",skyeconfections.com
The Juicy Crab Augusta,juicycrabaugusta.com
Falco's Bauce Sauce,falcosbaucesauce.com
Daily Spread Gourmet Restaurant,daily-spread.com
Unlocked Coffee Roasters,unlockedcoffee.com
9jatogo LLC,9jatogo.com
Arrowroot Coffee Co.,arrowrootcoffee.com
Rego Group .,regogroup.biz
Sweet55,sweet55.com
Vitality Functional Foods,vitalityfunctionalfoods.com
C&C Meat Market,ccmeatmarket.com
GGC Coffee,ggccoffee.com
Mint Bartending,mintbartending.com
Mookie's Kettle Korn,mookieskk.com
Oak Spring Farm,oakspring-farm.com
Pinkberry Northridge,pinkberrynorthridge.com
San Saba Produce,sansabaproduce.com
Stowe Bee Bakery,stowebeebakery.com
White Rooster,thewhiterooster.net
Wild About Harry's,wildaboutharrys.com
Shmore Boards,shmoreboards.com
Green Harvest Farms,ourgreenharvest.com
Kids Cook Real Food,kidscookrealfood.com
The Good Bread Co.,thegoodbread.com
BAKING FOR TWELVE,bakingfortwelve.com
dishkitchen.nj,dish-kitchen.com
DrOBeauty,droskinbutter.com
Jamee & Moore,jameeandmoore.com
Baked Just SO,bakedjustso.com
Chocolate Noise,chocolatenoise.com
Copper Top Coffee & Donuts,coppertopcoffee.com
Healthy Flagler,healthyflagler.org
Lamoon Thai,lamoonsilverspring.com
Mick's Gourmet Seasoning,micksgourmet.com
NorthFit Creamery,northfitcreamery.com
Red Newt Cellars,rednewt.com
Snow's Citrus,snowscitrus.com
Soyworx,soyworx.com
Stomp and Holler Sauce,stompandhollersauce.com
Tastefully Delicious,tastefullydeliciousky.com
Texas Cooking,texascooking.com
Udder Brothers' Creamery,udderbrotherscreamery.com
Cream n' Roll,creamnrollhi.com
Joseph's Pastry Shop,josephspastryshop.com
Shrimp Boutique,shrimpboutique.com
"Susan Sez ""say it with cake""",susez.com
