name,domain
"Sweet Ice M, Ltd.",sweetice.gr
Bill Rhodes Bakery,billrhodesbakery.com
Charm City Burgers,charmcityburgerco.com
EAT Almonds,eatalmonds.com
EatLoco,eatloco.org
Food.bd-01,dgfood.gov.bd
Okii Poke,okiipoke.com
Valley's Own Bakehouse,valleysownbakehouse.coop
AHCO Foods,ahcofoods.com
Charleston Specialty Foods,charlestonspecialtyfoods.com
It's All About The Mac,itsallaboutthemac.com
Kanasa,kanasa.co.uk
MASA GF,masagf.net
"Pop Queen, LLC",popqueen.co
Oat Cuisine,oatcuisine.com
Syzygy Specialty Coffee Roasters,syzygycoffee.com
Branch Patty,branchpatty.com
Cookie Dough Dreams,cookiedoughdreams.com
Lagniappe Specialty Meats,lagniappespecialtymeats.com
Mojo Thai&Sushi,mojothaisushi.com
RockawayBeachMo,rockawaybeach-mo.org
Rockford Cheese Shop,rockfordcheeseshop.com
Sol Cacao,solcacao.com
Milkwaukee joes,milwaukeejoesicecream.com
Prohibition Pastries,prohibitionpastries.com
Shabazz Seafood,shabazzseafood.com
Arizona Orange Co.,arizonaorangeco.com
Fronney's Foods,fronneysfoods.com
Kèva Juice Utah,kevajuiceutah.com
Kootenai County Farmers' Markets,kootenaifarmersmarkets.org
Radically Nourished,radicallynourished.com
Bread Basket NYC,breadbasket.nyc
Party Connections,partyconnectionscreativecatering.com
Geoff & Drews,gdcookies.com
Artisan Wyn Food Brokerage,artisanwynfood.com
Landis Supermarket,landismarket.com
Buckeye Organics,buckeyeorganics.net
Lunch Cashier System (LCS),lunchcashiersystem.com
New Orleans Lunch Box,neworleanslunchbox.com
North Georgia Pecan Company,northgeorgiapecan.com
Paradise Love and Veggies,paradiseloveveggies.com
Eagle Bakery Equipment,eaglebakeryequipment.com
Hershey's Honey,hersheyshoney.com
Ritter's Housemade Foods,ritterseatery.com
bangbop,bangbop.com
"Rainmaker Foods, LLC",rainmakerfoods.com
Raw Nest,rawnest.pl
OrganicPai,organicpai.com
Pizza Il Bacio,pizzailbacio.com
Breads of Fairlawn,breadsbakeryshop.com
Uncle Charlie's Gourmet Snacks™,eatcharlieschow.com
Continental Gourmet Sausage Co,continentalgourmetsausage.com
Courtville Global Food Solutions,courtvilleglobal.com
True Craves,truecraves.com
COVENTRY VILLAGE,coventryvillage.com.au
Frostings,frostingsva.com
"Farmington Bakery, Inc.",farmingtonbakery.net
Lobster Taxi®,lobstertaxi.com
Savor Matcha,savormatcha.com
Sea Harbor Ltd,seaharbour.com
South Side Street Foods LLC,southsidestreetfoods.com
Sunrise Bakery & Coffee Shop,sunrisebakeryandcoffeeshop.com
Bocakes,bocakes.com
Natural Harvest Food Co-op,naturalharvest.coop
SAAD WHOLESALE MEATS,saadmeats.com
The Jambalaya Shoppe Acadian,thejambalayashoppe.com
Davids Natural Market,davidsnaturalmarket.com
"Farhat Sweet, LLC",farhatsweets.com
Fishers Meats,fishermeats.com
Top of the Mornin Official Tshirt,topofthemornincoffee.com
Yummi Yummi,capefearrestaurants.com
BC’s Chicken Coop,bcschickencoop.com
Kajitsu,kajitsunyc.com
Pietro's Bakery,pietrosbakery.com
Ultimate Pizza Co,reddingsultimate-pizza.com
CHEESE N STUFF DELI,cheesenstuffdeli.com
Lee Sims Chocolates,leesimschocolates.com
North Central Enactus,nccenactus.com
Sherry B Dessert Studio,sherryb.com
VISHNU FOODS,vishnufoods.com
Roscoe’s Tacos,roscoestacos.com
Sophisticatering,sophisticatering.com
Ladera Quality Meats,laderameats.com
My Menu Pal,mymenupal.com
Nutty Scoopz,nuttyscoopz.com
Robert Carey Foods,robertcareyfoods.com
Suzie's Gourmet Gifts,suziesgourmetgifts.com
Alta Bakery,altamonterey.com
Chowder Factory,chowderfactory.com
Corks and Cattle,corksandcattle.com
Hiral Henna,hiralhenna.com
Perfectly Imperfect Produce,perfectlyimperfectproduce.com
Well Done Beef,welldonebeef.com
BABY CLYDESDALE LLC,babyclydesdale.com
Barone’s Tuscan Grill,baronestuscangrill.com
CoolSpot Frozen Treats,coolspotshop.com
Super G Mart,supergmart.net
Texas Pepper Jelly,texaspepperjelly.com
"Yoders Fine Foods, LLC",yodersfinefoods.com
BIG PIE IN THE SKY PIZZER,bigpieinthesky.com
Ecom Diversify,ecomdiversify.com
MARISCOS CHIHUAHUA,mariscoschihuahua.com
Taste of Xi'an,tasteofxianwa.com
WokChow Fire Seared Asian,wokchow.com
Amadio Ranch,amadioranch.com
Blue Nest Beef,bluenestbeef.com
Richeeze Melts,richeeze.net
Sweet Saffron LLC / Dateolate,sweetsaffrons.com
365 Caffe Italiano,365caffeitaliano.com
Frenchie Fresh Burger Bar,frenchiefresh.com
Ha’s Apple Farm,hasapplefarm.com
Pawsitive Dog Mom,pawsitivedogmom.com
Zaza's Perfect Pie,zazasperfectpie.com
Creswick Farms,creswickfarms.com
Pacific Fine Food Inc,pacificfinefood.com
Pearson's Premium Gourmet Foods,pearsonspremium.com
"Kiwi Kuisine, LLC",kiwikuisine.com
LOKL,lokl.com
MELINA INTERNATIONAL TRADING COMPANY LLC,melinainternationaltrading.com
Washougal Coffee Company,washougalcoffeecompany.com
Relish Kitchen Store,relishkitchenstore.com
GreenSpot Urban,greenspoturban.com
Screamin' Jay's Hot Lunch,screaminjays.com
FILL A BAGEL,fillabagel.com
Giancarlo Fine European Pastries,europeanpastry.com
Bistro 45,bistro45.com
Jam Food Shop,jamfoodshop.com
"ALBINA CITY NUTS, LLC",albinacitynuts.com
Hawthorne Del Aire Certified Farmers Market,hawthornedelairefarmersmarket.blogspot.in
Meriwether Cider Company,meriwethercider.com
JudiFoodi,judifoodi.com
My Natural Cook,mynaturalcook.com
Banjo Coffee,banjocoldbrew.com
Big A Rootbeer Drive In,bigadrivein.com
Copper Creek Cookies and Fresh Catering,coppercreekcookies.net
Facebook Conservas de Mingo,conservasdemingo.com
Fatima Johnstone Personal Chef,fatimacooks.com
"Ferrucci's II Gourmet, Inc.",ferruccisgourmetfoods.com
Mamie’s Toffee & Treats,mamiestoffee.com
Red Chilli Hunan Restaurant,redchilihunanrestaurant.webnode.com
The Mochi Shop,themochi.shop
Wari Bites,waribites.com
Bagel Oasis,bageloasis.com
Mad Hat Tea CO,madhattea.com
"Chef Joseph´s Kick Sauce, LLC",chefjosephskicksauce.com
Mod Nosh LLC,modnoshco.com
Myo Pure Frozen Yogurt,myofrozenyogurt.com
VIGNOLI Italian Food Anthology,vignolifood.com
Bangkok City Thai Cuisine,rocklinthai.com
Cimino's Little Italy,mamaciminospizza.com
Flying Pie Pizzeria,flying-pie.com
3.14 Sweet & Savory Pi Bar,314sweetandsavorypi.com
Gael’s Gourmet,gaelsgourmet.com
BL Quality Meats,blqualitymeats.com
Mitch’s Cookie Cafe,mitchscookies.com
Talula’s Table,talulastable.com
"Columbia Candy Kitchen, Inc.",columbiacandykitchen.com
Honeymoon Chicken,honeymoonchicken.com
Pono Burger,ponoburger.com
Port City Pie Company,portcitypiecompany.com
Stacked & Folded,stackedandfolded.com
Victorian Pantry,victorianpantry.com
WALSH NATURAL HEALTH LLC,walshnatural.com
Ambitious Ales LLC,ambitiousales.com
Bierman Bacon,biermanbacon.com
Molly Malloy’s,mollymalloysphilly.com
Pie Slingers Pizzeria,pieslingers.com
Island Ono Loa Grill,islandonoloagrill.com
Joe Fish Casual Seafood,gojoefish.com
Menehune Mac Candies,menehunemac.com
SUSHI MAZI INCORPORATED,sushimazi.com
Barilla Restaurants,barillarestaurants.com
Cult Legume LLC,cultlegume.com
Cumberland Bakery,cumberlandbakery.com
Flashbox Kitchen,flashboxkitchen.com
Jim Romas Bakery Inc,jimromasbakery.com
Otter Creek Bakery,ottercreekbakery.com
Riva Fish House,rivafishhouse.com
The Cooking Penguin,thecookingpenguin.com
Lee's Grain-Free,leesgrainfree.com
Mountain View Donut Factory,mvdonutfactory.com
Mozzicato DePasquale Bakery,mozzicatobakery.com
Redjacket Electric Grain Roasters,redjacket-roasters.business.site
The Farmhouse Deli & Pantry,thefarmhousedeli.com
Tokyo Hibachi & Sushi Buffet,tokyodeptford.com
Little Lost Kitchen,littlelostkitchen.com
Texas Salt Co,texassaltco.com
Thai Me Upp,thaimeuppla.com
"Yellowbird Farms, LLC",yellowbirdfarms.com
Aloha Candy Co.,alohacandies.com
ReScale Supply,rescale.supply
BBQRubs.com,bbqrubs.com
Oh Shito!,ohshito.com
Chrysanthemum: Rare Teas & Flowers,chrysanthemumbrooklyn.com
Old Pumpernickel Deli,oldpumpernickeldeli.com
Hurry Curry of Tokyo - Seattle,hurrycurryoftokyo-seattle.com
Santino’s NY Pizza,santinosnypizza.net
Taco Billy,tacobillyasheville.com
MARIS FOUNDATION,marie-stella-maris-foundation.org
Secret City Vapor,secretcityvapor-fortwalton.weebly.com
Kent Natural Foods Co-Op,kentnaturalfoods.org
LA DIVISA MEATS,ladivisameats.com
CACAOCUVÉE,cacaocuvee.com
Farmernut,farmernut.com
Ginger Graze Gourmet,gingergrazegourmet.com
Top Tier Cakes,toptiercakescleveland.com
OJIYA CORPORATION,ojiyausa.com
Pure Vegan Cakes,purevegancakes.com
The Grove SF,thegrovesf.com
Upbeet + Rooted,upbeetandrooted.com
What is Jeff baking?,whatisjeffbaking.com
Big Daddy’s BarB-Q,bigdaddysbarb-q.com
Cake & More,cakeandmore.biz
Heaven Creamery,heavencreamerycentennial.com
Manukahaus,manukahaus.de
Nilssens,nilssensfoods.com
Phat Philly’s Cheesesteaks,phatphillys.com
Sugar HI,sugar-hi.com
Schulzies Bread Pudding,schulziesbreadpudding.com
LawLers Barbecue,lawlersbarbecue.com
The Original Goodie Shop,theoriginalgoodieshop.com
"Cromchies, LLC",cromchies.com
Edible Opus,edibleopus.com
Gluten Free Cookie Jar,thegfcookiejar.com
Twisted Fresh,twistedfresh.com
HEAD NUT INC,theheadnut.com
SEOULSPICE,seoulspice.com
Bernard's Gourmet Foods,bernardsgourmetfoods.com
Cliff's Local Market,cliffslocalmarket.com
Kirkland Feedyard Inc,kirklandfeedyard.com
Scrambled Eggs Studio,scrambledeggs.studio
Lady D’s Oodles Of Poodles,ladydsoodlesofpoodles.com
"Southern Steer Butcher, LLC",southernsteer.com
"TAYLOR'S SAUSAGE, INC.",taylorsausage.com
CUPCAKE MAGIC LLC,cupcake-magic.com
Little Italy Gourmet Market,littleitaly1.com
P.S. Burgers,psburgers.com
POP'T BY LILY,poptbylily.com
Sanders Cookie Jar Bakery,sanderscookiejarbakery.com
Arizona Rub,arizonarub.com
"Hummingbird Cereal, LLC",hummingbirdcereal.com
Hawaiian Crown Plantation,hawaiiancrown.com
Newcastle Pizzeria,newcastlepizzeria.com
"Croghan Meat Market, Inc.",croghanmeatmarket.com
El Patron Cocina & Bar,elpatronkc.com
Fruition Chocolate,tastefruition.com
Robinette Farms,robinettefarms.com
Sweet Encounters,cashewdreamcream.com
Sylvio’s Pizzeria,sylvios.com
Verdonis,verdonis.com
"BLUESMAN BBQ, LLC",thebluesmanbbq.com
Cranked Up Confections,crankedupconfections.com
Kansas City Fudge,kansascityfudge.com
Cypress Grove Farm Store,cypressgrovefarmstore.com
Master Chefs Institute,masterchefs-llc.com
Moonflower Bakery LLC,moonflowerbakery.com
Rojoz Wraps & Smoothies,rojozwraps.com
Hannah’s Koney Island,msuconey.com
Sababa Grill,sababagrill.com
Tennessee Bob's Hot Sauce Company,tennesseebob.com
Yerbuzz - Hard Yerba Mate,yerbuzz.co
Better Brain & Body ⚡,bbbproteinbar.com
BORING GOATS LLC,boringgoats.com
Lintons Food Management,lintonsmanagedservices.com
Navarino Orchard,navarinoorchard.com
"North American Food Distributing Co., Inc.",nafdc.com
ROGERS ORCHARDS INC,rogersorchards.com
AVA Manufacturing LLC,avamanufacturing.com
Europea Food,europeafood.com
GoodFella's Brick Oven Pies,goodfellaspies.com
Joy Pizza N Joy Chicken,johnscreekchicken.com
Yogurt Blast,yogurtblast.com
Biscayne Coffee,biscaynecoffee.com
MR AND MRS PICKLE LLC.,mrandmrspickle.com
Nashville Food Co-op,nashvillefood.coop
Living Greens,livinggreensjuice.com
Bummy Legion,bummylegion.com
Kauai Hemp Co.,kauaihempco.com
Villarinas Pasta,villarinas.com
Marisi Italiano,marisilajolla.com
Ontario Meat Market,joesmeatmarket.net
Sweet Cravings Bakery + Bistro,cravemoab.com
Frank’s Bakery & Gibaldi’s Italian Bread,franksbakerysandiego.com
Kitchen Deets,kitchendeets.com
"The Olive Place, LLC",oliveplace.store
The Protein Store,theproteinstore.com
Rosario’s Italian Market,rosariosbutchershop.com
The Clean Plate Kitchen,cleanplateclinton.com
Asian Veggies,asian-veggies.com
Splurge Bakery,splurgebakery.com
Tikki Masala,tikki-masala.com
Cookies By Connie 1,conniescookies.com
Great Plains Sauce & Dough Co,greatplainspizza.com
"Divinely Different, Inc. dba Nectar Hard Seltzer",nectarhardseltzer.com
Soul Flours Bakery & Catering,soulflours.com
Yubii Foods,yubiifoods.com
"EL NUTRI-TACO, LLC",elnutritacopdx.com
FEDENICO INC,fedenico.com
Tio Chuy's Tacos,tiochuystacos.com
Schmid's of San Clemente Fine Chocolate,schmidschocolate.com
The Dark Chocolate Bakery,thedarkchocolatebakery.com
Kavaia,kavaiatea.com
Chefs Picks,pickyourchefs.com
Vibe Coffee Co.,vibe.cc
Bakery Packaging Boxes,bakerypackagingboxes.com
New Fudgin' Way,notnaughtybakery.com
PappaRoti US,papparoti.us
Uniquely Emu Products Inc,uniquelyemu.com
Fresco Pasta LLC,frescopasta.com
The Original Crepe Factory,theoriginalcrepefactory.com
Town Meat Market,townmeatmarket.com
Untouchables Pizza,untouchablespizza.com
Ana Parzych Cakes,anaparzychcakes.com
Fears’ Confections,fearsconfections.com
The Pittsburgh Fudge Company,pittsburghfudge.com
Den Hill Permaculture LLC,denhillpermaculture.com
Karren's Specialty Cakes,karrensspecialtycakes.blogspot.com
Mad Taco,themadtaco.com
Nicola’s Pasta Fresca,nicolaspastafresca.com
R-C Ranch,r-cranch.com
Sisters Bake Shop,sistersbakebyjojo.com
Alamo Pecan & Coffee Company,alamopecan.com
Say it with Sugar Cake Shop,sayitwithsugar.com
"SAS IMPORTS, Inc",sasimportspet.com
The Juice Merchant,thejuicemerchant.com
Ciccio's Olives Extra Virgin Olive Oil,cicciosolives.com
Smallford Farm Shop,smallfordfarmshop.com
Sun Fat Trading Company,sunfatusa.com
Sweet Retreat Cupcake Boutique,thesweetretreatmn.com
"VG'S BAKERY, INC.",vgsbakery.com
Blackbeard Spice Company,blackbeardsspice.com
Bunzel’s Catering,bunzels.com
"Brew n Bake, LLC",brewnbake.com
BrewSense.,brewsense.com
JOLIE ESSENTIALS LLC,jolieessentialsllc.com
Maui Prime Fine Foods,mauiprime.com
MJC ARTISAN SHOPPE/BUTTERCREAM & CO.,msjanescupcakes.com
Scratch Gourmet Express and Catering,scratchgourmet.com
Nick's of Calvert,nicksofcalvert.com
Green Grocer Chicago,greengrocerchicago.com
J Sweets,jsweetsstore.com
Sammy Cheezecake,sammycheezecake.com
ZEDRIC'S LLC,zedrics.com
Berkshire Food Co-op,berkshire.coop
Michael's Exotic Peppers,michaelsexoticpeppers.com
Oakleaf Cakes,oakleafcakes.com
BIS (llc),eatbis.com
KOPPS FROZEN CUSTARD,kopps.com
Dara Food LLC,darafood.com
Keep It Fresh,keep-it-fresh.com
TrimCuisine,trimcuisine.com
Afragola Dolce LLC,afragoladolce.com
Bauman Family Apple Butter,baumanfamily.com
Connecticut Cookie Co.,ctcoco.com
Genesis Churrasqueria Restaurant,churrasqueriagenesis.com
Saucy Llama Foods,saucyllamafoods.com
SI Sweets,sisweets.com
SLO Food Co-op,slofood.coop
Mellizoz Tacos,mellizoztacos.com
Padoca Paws,padocapawsny.com
SimpleRaw.,simplerawdogtreats.com
Vernon Valley Deli,vernonvalleydeli.com
Big Stick Willy's - A Gourmet Cheese Stick Co.,bigstickwillys.com
Taqueria el Vecino,taqueriaelvecino.com
FeedingU Kosher,feedingukosher.com
Banán,bananbowls.com
Buy Most Selling Breakfast Sandwich Maker On Amazon,buykitchenproduct.com
CookingTrendy,cookingtrendy.com
Kosher Starbucks,kosherstarbucks.com
Melitota Turkeys,melitotaturkeys.com
Peggy Jean's Pies,peggyjeanspies.com
Pepperocini,pepperoncinibyob.com
Saint Louis Kolache,stlkolache.com
Skycakes,skycakesxskyzeno.com
The Baker's Rack,thebakersrackbakingco.com
Steiner's Coffee Cake of New York,steinerscoffeecakeofnewyork.com
Federico’s Pizza and Restaurant,federicospizza.com
Trillium Natural Foods,trilliumnaturalfoods.net
Eastern District,easterndistrictny.com
"FLIGHT 126 CAFE, INC.",flight126cafe.com
Jolly's Old-Fashioned Teas Cream,jollysteascream.com
Oregon Copacking,oregoncopacking.com
Best Decaf Coffee,bestdecafcoffee.com
CENTRAL FLATS & TAPS,flatsandtaps.com
Crumb and Clover Bake Shop LLC,crumbandcloverbakeshop.com
LA Sultana Bakery,lasultanabakery.com
Mexican Latin Store,mexicanlatinstore.com
Cajun Boil Express,cajunboilexpress.com
The Velvet Chocolatier,thevelvetchocolatier.com
il porcellino salumi,ilporcellinodenver.com
Knifehand Nutrition,knifehandnutrition.com
Marion’s Pie Shop,marionspieshopofchatham.com
Warriors Jerky,warriorsjerky.co
Camellia Rd,camelliard.com
Highland Gourmet Scones,highlandgourmet.com
patriot woodcrafters,patriotwoodcrafters.com
"Plymouth Beef Co., Inc.",plymouthbeef.com
The Downtowner Stockton,thedowntowner.net
Tony Savatt Inc,tonysavatt.com
Tre Foglie,trefoglie.com
"TRUNCK'S COUNTRY FOODS, INC.",trunckscountryfoods.com
War Pig BBQ,warpigbbq.com
"Xtraordinary Home Products, LLC dba Chefables",chefables.com
Perfect Fit Chocolate,perfectfitchocolate.com
TAG'S BAKERY INC.,evanstonbakery.com
TS Concessions,alltsconcessions-rentals.com
Bethesda Crab House,bethesdacrabhouse.com
Forager Coffee + Tea,foragercoffeetea.com
Punjabi Rasoi,punjabirasoinj.com
Bakehouse 46,bakehouse46.com
"JUST PIE, LLC",justpie.net
Barbecue at Home by Dickey's,barbecueathome.com
Crisp NYC,crispnewyorkcity.com
"Rising Sun Snacks, Inc.",risingsunsnacks.com
Stephen's Breads,stephensbreads.com
Stony Island Tea,stonyislandtea.com
Vegan Vendz LLC,veganvendzllc.com
B'beri Desserts,bberidesserts.com
Elixir Superfood & Juice,enjoyelixir.com
Goodnoe Farm Dairy Bar Inc,goodnoe.com
MIMS All Day,mimspgh.com
Stratton Foods,strattonfoods.com
Wild Phoenix Pet Foods,wildphoenixdogfood.com
Punalua Bake Shop,bakeshophawaii.com
Pure Bulgarian lavender,purebulgarianlavender.com
The Mighty Bin,themightybin.com
FAB Fruit,fabfruitbowls.com
Natural Alternative Food Co-Op,nafoodcoop.com
Papa Pretzel,papapretzel.com
Renaissance Patisserie,renaissancepatisserie.com
Salt & Fat,saltandfatny.com
Violante R & Son,violanteandson.com
Cereal Squad,cerealsquad.com
Our House Bistro,ourhousebistro.com
Ruben's Americas,rubensamericas.com
Super Bowls Performance Foods,eatsuperbowls.com
Taqueria Nixtamalito,tortillerianixtamal.com
Baked by Nature,bakedbynaturefood.com
Farmers Chile Market,farmerschilemarket.com
"Oak Hill Bulk Foods, Inc",oakhillbulkfoods.com
Spice Season,spiceseason.com
Sugaromo Bakery LLC,sugaromo.com
Dream Market,dreammarketusa.com
Monica’s Gourmet Cookies,monicasgourmet.com
San Leon Oyster Festival,sanleonoysterfest.com
embue cacao,embuecacao.com
Flex Food Inc,flexfoods.co
Mattito's,mattitos.com
Meat & Graze,meatandgraze.com
"MJ Global Innovations,LLC",chichimix.com
Queen Creek Olive Mill,queencreekolivemill.com
Humbird Cheese Mart,humbirdcheese.com
Miel Foods,mielfoods.com
"Eva's Bakery, LLC",evasbakeryslc.com
Haiku's luscious cookies,studiohaiku.com
BITE SOCIETY,hellobitesociety.com
Pastry and More,pastryandmore.com
R2GO,r2goindy.com
Super Batter,superbatter.com
JAVA CREW,javacrew.com
Lotus Market,lotusmarkets.com
Mountain View Meat Company,mountainviewmeats.com
La Loma Tamales,laloma.com
Franco’s Casual Italian Restaurant,francoscasualitalianrestaurant.com
Standard Concession Supply,standardconcessionsupply.com
WholeHearted Epicure,wholeheartedepicure.com
Zimi Bagel Café,zimibagelcafe.com
Bistrolls,bistrolls.com
Foxy Sushi,foxysushi.com
Playa Betty’s,playabettys.com
THE DOGHOUSE PDX LLC,thedoghousetruckpdx.com
Beautiful Farms,beautifulfarms.co
Edgartown Seafood Market,edgartownseafood.com
Fridge & Pantry Uptown Market,fridgeandpantryoxford.com
The Food Diva,alexfooddiva.com
American Farms Produce II,americanfarmsproduce.com
Drooly Dog Food,drooly.com
Loki's Gourmet,lokisgourmet.com
ShoreFyre Fresh Grill & Bar,shorefyre.com
Codetta Bake Shop,codettabakeshop.com
Exclusive Beef Jerky Company,exclusivejerky.com
kitchenedia,kitchenedia.com
Otto’s Meats,ottosmeats.com
SearBQ,searbq.com
PDX EMPANADAS LLC,pdxempanadas.com
Provisions Trading Company,provisionstrading.com
Tepan Co,tepan.co
Peck Boards,peckboards.com
Gigi Blue - Delectable Edibles,gigibluenyc.com
Mrs. Klein's Pickle Co.,kleinspickle.com
County Yankee,countygrocer.com
Golden State Ice Cream,goldenstateicecream.com
Karmelkorn Orange Julius,karmelkornfargo.com
Road to the Plate,roadtotheplate.com
The Silk Tea Co,thesilktea.co
Turnpike Market,turnpikemarket.com
Hungry Zeit,hungryzeit.com
The Bee Pollen Company,thebeepollen.com
Tortilla Grille,tortillagrille.com
Gourmet Zap,gourmetzap.com
Mill Hollow Cafe,millhollowdeli.com
Moku Chocolate,mokuchocolate.com
Outside the Box Cakes,otbcnj.wix.com
Butter Pecan Bakeshop,butterpecanbakeshop.com
Chef Archana's The Seattle Indian Food,seattleindianfood.com
First Bite Bakeshop,firstbitebakeshop.com
Kopenhagen USA,kopenhagenusa.com
Siegi's Sausage Factory,siegis.com
Burgrz,burgrz.com
Ball Park Brands,ballparkbrand.com
Chefs 2b,chefs2b.com
The Hungarian Butcher,hungarianbutcher.com
Unique Business Solutions LLC,unique-solutionsinc.com
Blue Dogwood Public Market,bluedogwood.com
GOLDEN THAI CUISINE LLC,goldenthaicuisine.com
Luciano's Bistro LLC,lucianosbistro.com
OMG CANDY STORE,omgcandystore.com
MANNA HARVEST,mannaharvest.net
Pickerfresh,pickerfresh.com
Simple Nutri,simplenutri.com
Crème Caramelle,cremecaramelle.com
"Allergen Free Bakers, LLC",allergenfreebakers.com
CANBY ASPARAGUS FARM/CASA DE TAMALES INC.,canbyasparagusfarm.com
Partage,partage.vegas
Premier Raw Cafe,premierraw.com
Rising Tide Natural Foods,risingtide.coop
Cyn Tucci’s,cyntuccisbakery.com
House Wine & Bistro,housewineandbistro.com
Sunshine Valley,sunshinevalley.com
Tea Thyme At Sadie's,teathymeatsadies.com
mberry,mberry.us
Ednas Bakery,ednasbakery.com
"Go Chicken Go, Inc.",gochickengo.com
Cookie Crumb Cookies LLC,cookiecrumbcookies.com
Stella’s Fine Market,stellasfinemarket.com
The Crown Supermarket,thecrownmarket.com
DIRUSSO'S SAUSAGE INC,dirussos.com
"Good Source Foods, Inc.",goodsourcefoods.com
Kratom Marvelous,kratommarvelous.com
"Nicholas Meat, LLC",nicholasmeat.com
Sheffield Spice & Tea Co,sheffieldspices.com
Lipkin Bakery,lipkinsbakery.com
Whitehurst Farm,whitehurstfarm.com
Station House BBQ and Catering,stationhousebbq.com
Bettersweet Bakery,bettersweetmiami.com
Delaware Sauce Company,delawaresaucecompany.com
Hilltop Boilers Maple Syrup,hilltopboilersmaplesyrup.com
M Burger Chicago,mburgerchicago.com
Sauce on the Maggie,sauceonthemaggie.com
Sushimakio,sushimakio.com
Zai's Dessertery,zaisdesserts.com
"BLUE RIDGE MEATS OF FRONT ROYAL, INC.",blueridgemeats.com
Priya’s Roti Shop,priyasfoods.com
TOUGH COOKIE BAKERY,toughcookiebakery.com
Village Tap,villagetap.com
Z-Cakery,zcakery.com
Cool Foods Co,coolfoodsco.com
"Denver Meats, Inc.",denvermeats.com
edublechefs,edublechefs.com
Jarabe Gourmet Pops,jarabed.com
Leonardo's Pizza,leonardosonline.com
Namaste Indian Street Food,namastestreetfood.com
The Black Leaf Tea & Culture Shop,theblackleaftea.com
Tupelo Tea Inc,tupelotea.com
Garam Goddess,garamgoddess.com
Ahoy Barkery,theahoybarkery.com
Dons Meat Shop,donsmeatshop.com
Furever Love Club,fureverloveclub.com
"Irresistible Foods Group, Inc. (IFG)",irresistiblefoods.com
Olea Estates,oleaestates.com
ilili Restaurants,ililirestaurants.com
Menya Ramen House,menyaramenhouse.com
Truffnies,truffnies.com
Bestershire Ltd,bestershire.com
KonaCoffeeMarket,konacoffeemarket.com
Tagaras Hellenic Gastronomia,tagaras.com
Champion Food Group,championfoodgroup.nl
Kandiyohi County Food Shelf,kandiyohicountyfoodshelf.com
Serendipitous Confections,superfinefeline.com
Spring Hill Rabbits,springhillrabbits.com
"Sun Worshiper Sunscreen, LLC",sunworshipersunscreen.com
Sweet Potato Kitchen and Take-Out,sweetpotatokitchen.com
Fangs & Fur,fangsfur.com
WannaCook,wannacookapp.com
Fit N Firm Foods Inc.,fitnfirmfoods.com
Spiva Cooking,spivacooking.com
The Cuisine Lover,thecuisinelover.com
Yuvi's Bake Shop,yuvisbakeshop.com
Jagua Factory,jaguafactory.com
neonwhale,neonwhale.com
All Good Craft Granola Bars,allgoodgranolabars.com
"Andersen Feeds, Inc.",andersenfeedsinc.com
Cajun Creole Market,cajuncreolemarket.com
Far Land Provisions,farlandprovisions.com
Lulubee Artisanal Chocolates,lulubeechocolates.com
Silver Fox Farm (Chicago),silverfox.farm
Denver Cookie Co.,denvercookieco.com
Foodgruve,foodgruve.com
HerosKing NYC,keroskingnyc.com
Kupcakerie,kupcakerie.com
Bread House,thebreadhouse.com
BD Provisions New Milford,bdprovisions.com
Cibo Meals,cibomeals.com
Gabrieles German Sweets,gabrielesgermansweets.com
Sauce Boss Burger Co. LLC,saucebossburger.com
F.E. CROWN,fecrown.com
VDE Bakery & Chocolate Equipment,vdemachines.com
Annie's T Cakes,anniestcakes.com
Astonishing Coffee Company,astonishingcoffee.com
FoodAMed M,foodamed.com
Bean Hoppers Coffee,beanhoppers.com
Cali Orexi Meals,caliorexi.com
Hershey Harvest,hersheyharvest.com
The Delish Dish Catering & Events,thedelishdish.com
"Chesed Farms, LLC.",chesedfarms.com
Fortune Food Service Co. Inc.,fortunefoodservice.com
"Get Noshy, LLC",getnoshy.com
Jai Eats,jaieats.com
Spice SPC Indian Grocery,spicespc.com
Supply by Kara,supplybykara.com
House of Clarendon,houseofclarendon.com
Kuya's,kuyascuisine.com
Svaa Haa Foods,svaahaafoods.com
The Acme Box LV,theacmeboxlv.com
Tlaloc Mexican Food,tlalocmexicanfood.com
Baby AL's Chicago Dog,babyals.com
Ava's Premium Toffee Co.,avaspremiumtoffee.com
Bambino's Inc.,bambinoshawaii.com
"Great Harvest of Butte, Mt.",buttemt.greatharvestbread.com
Nantasket Sweets By Swedes INC.,nantasketsweets.com
100 Pleats,100pleats.com
Bemka corporation - Caviar Lover,caviarlover.com
Granville Milling Co.,granvillemilling.net
OE Bowls,oebowls.com
Petra Kitchen,petrakitchensd.com
The Cake Girl ™️,thecakegirl.com
Marvellous Superfood LTD,marvelloussuperfood.co.uk
Carla's Fresh Market,carlasfreshmarket.com
Couture Cakes of Greenville,couturecakesofgreenville.com
Thai Touch Restaurant,thaitouchglendale.blizzfull.com
Operation Austin Tea Xchange,austinteaxchange.com
Taste of the Strand,tasteofthestrand.com
Tasty Taquitos,tastytaquitos.com
URM Foodservice,urmfoodservice.com
"Westtown Amish Market - Fresh Food, Great Shopping",westchesteramishmarket.com
Bee K'onscious,bkshoney.com
Benstein Grille,bensteingrille.com
Detroit Sausage / Smith Meat Packing Network,detroitsausage.com
Festive Fudge,festivefudge.com
Hortiport,trogo.co
Roast Umber,roastumber.com
VanLandschoot & Sons Fish Market,vsifish.com
Cocina del Corazon,cocinadelcorazon.com
Raining Cookies,rainingcookies.com
"Second Helpings, Inc.",secondhelpings.org
Compare Foods,comparefoodsdirect.com
Idaho Tomato Lady,idahotomatolady.com
King's Court Brew Co,kingscourtbrewingcompany.com
The Bread Underground,thebreadunderground.com
Beyond Vegan Cell Food,beyondvegancellfood.com
The Snackery Bake Shop,snackerybakeshop.com
Baked Downtown,bakedgso.com
Homebaked,homebakedweymouth.com
Global Food Products Inc,eatzyglobal.com
Local Roots Market,localrootswooster.com
Popcorn Junction,popcornjunction.com
Uncommon Gourmet,uncommongourmet.com
Vinny's Euro American Organic Cuisine,vinnysfriscorestaurant.com
non|verbal,non-verbal.co
"Who Wants A Treat, LLC",whowantsatreat.com
Deep Rooted Juice Co,deeprooted.life
Bright Side Sweets,brightsidesweets.com
East Hill Honey Co.,easthillhoney.com
Heaven Cupcake,heavencupcake.com
The New Butler,thenewbutler.com
Bevans Oyster Co,bevansoyster.com
Chewelah Farmers Market,chewelahfarmersmarket.com
ham-towne-spicery,hamtownespicery.com
Micro Munchie Inc,micromunchie.com
ZAAZEY® Extra Virgin Olive Oil,zaazey.com
Donut Haus Loveland,thedonuthaus.com
Kai's Baking,kaisbaking.com
Monterey Fine Foods,montereyfinefoods.com
Supreme Bakery,supremebakery.com
Bark & Brew,barknbrewwi.com
FitEx Meals,fitexmeals.com
Tipsy Bean Café,tipsybean.cafe
Waffle Cakes,wafflecakes.com
Yummaries Bakery,yummaries.com
786° Degrees Wood Fired Pizza Co,786degrees.com
Aisle Mine,aislemine.com
Comanche Compost,comanchecompost.com
"Frik & Frak Foods, LLC",frikandfrakfoods.com
Rubi Agave,rubiagave.com
Voodoo Roasters Coffee,voodooroasters.com
Brew Bird,brewbirdfargo.com
Craft Tasting Room & Growler Shop,craftgrowlershop.com
everydaygourmet,shopeverydaygourmet.com
Graze & Vines,grazeandvines.com
Illegal Oats,illegaloats.com
Jack's Fruit & Meat Market,jacksmarket.net
Strudel House LLC,strudel-house.com
Shisler's Cheese House,cheesehouse.com
Heartland Society,heartlandshops.com
XLVII's Bakery,xlviisbakery.com
Aya Pastry,ayapastry.com
Brez Coffee Co,brezcoffeeco.com
Perrotti's Quality Meats,perrottiscranford.com
Suph's Snacks,suphssnacks.com
Van Leer Chocolates,vanleerchocolate.com
M Food Group GmbH,m-foodgroup.de
Wise Potato Chips,wisestorefront.com
Annie's Home Delivery,annieshomedelivery.com
Gourmet-Food.com,gourmet-food.com
Los Amigos Taqueria,amigosburritos.com
Bee J's Cookies,beejscookies.com
Beyond Heat LLC,beyond-heat.com
"Ney's Premium, Inc.",neysbigsky.com
Bougie Barks,bougiebarks.com
Lucid Delights,luciddelights.com
Babbie: Cookie Dough...Elevated,babbiedough.com
Zestos Foods,zestosfoods.com
"Colorado Craft Beef, LLC",coloradocraftbeef.com
Kosher Catering Miami | Fresko | Kosh | Rustiko,koshermiamicatering.com
Za'atar Road,zaatar-road.com
Sweetbite,sweetbite.gr
Good Dogg Beverage,gooddoggbeverage.com
"MAMMA GERT'S, LLC",mammagerts.com
Napa Nuts,napanuts.com
Creative Cakes by Donna,cakesbydonna.com
Wholesale Goat Milk Soap,wholesalegoatmilksoap.com
Girl Friday Cooking Co.,girlfridaycookingco.com
Goldy Recipes,goldyrecipes.com
Maitland Chocolate Factory,maitlandchocolate.com
Umpleby's Bakery & Café,umplebys.com
Zavotski Custom Meats &,zavotski.com
MANGO VEGETARIAN LIMITED,mangovegetarian.com
Olive R Twist Olive Oil Co,olivertwistoliveoil.com
The Melting Truck LLC,themeltingtuck.com
Two Sisters Baking Co.,twosistersbakingco.com
Funny Face Bakery,funnyfacebakery.com
ember .,tryember.com
"BRINGHURST MEATS, INC.",bringhurstmeats.com
Grove Cookie Company,grovecookiecompany.com
The Better Bakehouse Company,betterbakehouse.com
The Diabetic Pastry Chef™ Bakery,diabeticpastrychef.com
twopennys,thetwopennys.com
Brewtality Coffee Co.,brewtality.coffee
Copal Progressive Mexican Restaurant,copallnk.com
"Green Mount Co., Ltd. dba Nature Star Corp.",naturepluschips.com
BREW Urban Cafe,brewurbancafe.com
Nicks Famous Bar-B-Q,nicksfamousbbq.net
Purely Pastured Farm,purelypasturedfarm.com
Square Pie City,squarepiecitymiami.com
The Juice Pod,thejuicepod.com
Butterball Foodservice,butterballfoodservice.com
CocoaVanilla Cakes,cocoavanilla.com
Destiny African Market & Variety Store,destinyafricanmarket.com
Jah Mama Sauce,jahmamasauce.com
Kitchen Fixins,kitchenfixins.com
Mill Cove Baking Company,millcovebakingco.com
CORNOLOGY,cornology.com
Home Pressure Cooking,homepressurecooking.com
Kanan Baking Company,kananbaking.com
Shish Kabob Grill,shishkabobgrill.com
Simple Fine Foods,simplefinefoods.com
Glean Coffee,gleancoffee.com
JTB Distributors,jtbdistributors.com
Ralston Foods,ralstonfoods.com
eatmovebelieveforteens,eatmovebelieve.org
Herb&Eatery,herbandeatery.com
Sticky Fingers Vermont Bakery,stickyfingersvermontbakery.com
"Big Red Treats, LLC",bigredtreats.com
Charmington's,charmingtons.com
Good Flavors,goodflavorschinese.com
Lily's Baths & Biscuits,lilysbathsandbiscuits.com
Oil and Spice Company,oilandspiceco.com
Tasty Sushi,tastysushicary.com
A Touch of Magic Sweets & Treats,atouchofmagicsweets.com
Wisconsin Garlic,wisconsingarlic.com
"MELT Enterprises, LLC dba Babunya's Gourmet Spice",babunyas.com
Casita Michi,casitamichi.com
Tabula Rasa Farms,tabularasafarms.com
OvenWorks Pizza,ovenworkspizza.com
Authentic Pizza Ovens,authenticpizzaovens.com
Big Deal Burger Mabank,bigdealburgerco.com
Little Harbor Lobster Company,littleharborlobster.com
Serene Cuisine of India,serenecuisineofindia.com
"The Spice Group, Inc.",thespiceinc.com
Anatolian,anatolianvt.com
Charlie's of,charliesofbayhead.com
PAUL DMV,pauldmv.com
Puffy Cotton Candy,puffycottoncandy.com
Emma's Popcorn,emmaspopcorn.com
Glow Superfood,glowsuperfood.com
La Finca Coffee & Bakery,lafincacoffeebakery.com
Manoa Honey,manoahoney.com
Saltology®,bathsalt.com
Darn Gouda Charcuterie,darngouda.com
Fountain City Foods,fountaincityfoods.com
MyGrillie,mygrillie.com
Uncle Dennis' Foods,uncledennisfood.com
Andale Mexican Grill,andalemexican.com
Avalon New York,avalonnewyork.net
Cricket & Fig Chocolate,cricketandfig.com
Dulci Sweets,dulcisweets.com
"Mad Mac, LLC",madmacnyc.com
Pack House Farm,packhousefarm.com
Elevated Apothecary,elevatedapothecary.com
Mast Bites,mastbites.com
Calisdan Culinary,calisdanculinary.com
Sugarbakers,sugarbakerscakes.com
After By Tori,its-v.com
Putney General Store,putneygeneralstore.com
LoungIn' Cake LLC,loungincake.com
Ursa Nova,shopursanova.com
Bake For Me,bakeforme.com
ZILK ZEGAN Beverages,zilkzegan.com
indgio jones eats,indigojoneseats.com
L'Chaim Meats,lchaimmeats.com
OPPI'Z,oppiz-sb.com
Portland Salt Co.,portlandsaltco.com
Duck Phat Foods,duckphat.com
Gitto Farmer's Market,gittofoods.com
Once In A Blue Moon Bakery,bluemoonbakery.com
Dolores Food Market,doloresfoodmarket.com
Johnny Burrito,johnnyburrito.com
"Yumbini Foods, LLC",yumbini.com
Arrowhead Specialty Meats,gamemeat.com
Delicious Future,deliciousfuture.com
La Bella Vita Restaurant,labellavitatemecula.com
Mad Rose Specialty Foods,madrosefoods.com
"Mochi. Donuts & Dogs, LLC",mochidot.com
Yogli Mogli,yoglimogli.com
Tàstès Market,tastesmarket.com
6viand,6viand.com
Fitt Enterprises Inc.,fittmealstogo.com
The Original Pancake House South Florida,ophfl.com
Williams Hand Baked Ltd,williamshandbaked.co.uk
Biscuit Bentos LLC,biscuitbentos.com
Cookie Charm,cookiecharm.com
Magic Ring Donuts,magicringdonuts.com
"Buffalo Cheese Traders, LLC",buffalocheesetraders.com
Cookie Spin,cookiespinchicago.com
Farm Bell Kitchen,farmbellkitchen.com
Swizzler,swizzlerfoods.com
Barley Swine,barleyswine.com
Caramel Wrappers @ Sweet C Inc,caramelwrappers.com
GoodnessGracie Gourmet Foods,goodnessgracie.com
Joey's Custard,joeyscustard.com
Muscle Minded,muscleminded.co
nuJava Coffee Roasters,nujava.com
Pangolin Cafe,pangolindelight.com
Vapor Chef,thevaporchef.com
JARS Sweets & Things,jarsbyfabioviviani.com
Nona Street Bistro,nonabistro.com
Tahini,tahinistreetfood.com
Mueller Chocolate Co,muellerschocolate.com
ROVM Hard Kombucha,rovmhardkombucha.com
Kanfuela Kaffé Roastery,kanfuela.com
LWR Farmers Market Coffee,lwrfarmersmarket.org
Santa Maura Spice & Garlic Co,santamauraspice.com
Cakes By Gina,cakesbygina.com
Fresh Guacamole,freshguacmex.com
Fresh Plate Market,freshplatemarket.com
Go Fresh Produce Market and Indian Grocery,gofreshproducemarket.com
Hebert Honey,heberthoney.com
Iowa Beef Center,iowabeefcenter.org
Kellys' Community Kitchen,kckdavidson.org
Me And B Make Tea,meandbmaketea.com
Connecticut Organic Pasta,ctorganicpasta.com
Cookies For You,cookiesforyou.com
Top This Chocolate,topthischocolate.com
Chantilly Cakes Inc,chantillycakes.com
HUNFHD Bakery,hunfhd.hu
KUDZU Bakery,kudzubakery.com
Melostagma - Honey drop,melostagma.com
Oak & Honey,oakandhoneygvl.com
The Food Florist,thefoodflorist.com
National Pasta Association,ilovepasta.org
Seasoned Specialty Foods,seasonedspecialtyfoods.com
"7 Muffins A Day, LLC",7muffinsaday.com
Aktion Performance,drinkaktion.com
Baker Street Market,bakerstmarket.com
C.W. Shumate,cwshumate.com
Déjà vu Sweets,dejavusweets.com
Jk Farming,jkfarming.com
Fife N Good LLC,fifengood.com
Break & Co.,breakco.nyc
Soca Food,socafood.com
"LusOasis, Inc. dba Alchemeat",alchemeatus.com
Firefly Coffee House,fireflycoffeehouse.com
Charcuterie Chick,atlcharcuteriechick.com
Perry Bindelglass Foods LLC,pbhotsauce.com
Smoked Q,smokedq.com
Brighton Engineering Inc,brightonengineering.com
FūDO ATL,fudoatl.com
GoWild Australia LLC,kakadukickers.com
Love Guac Hut LLC,loveguachut.com
Impasta,impastacompany.com
Strider Coffee,stridercoffee.com
Kent Pizza Garden Inc,kentpizzagarden.com
Papa Caps Foods LLC,papacapsfoods.com
24hr-coin-laundry,clearwatercoinlaundry.com
Benton's Coffee,bentonscoffee.com
Bizzy B Cakes,bizzybcakes.com
Father & Son's Kitchen & BBQ,fatherandsonskitchen.com
Mio Organic Kitchen,miokitchen.com
slacks-jelly-farm,slacksjellyfarm.com
2 Stones,2stones.net
Cartnut,cartnut.com
Honeybear Bake Shop,honeybearbakeshop.com
Mustard Seed Shelter,themustardseedshelter.org
Whole Earth Market Coop,wholeearthgrocery.coop
Snowcap Cold Brew,snowcapcoldbrew.com
"Wildwood Specialty Foods, LLC",wildwoodspecialtyfoods.com
ZFS Ithaca,zfsithaca.com
Almena Meat Co,almenameatcompany.com
Calico Jack Rums,calicojackrums.com
Salt Grotto Life,saltgrottolife.com
Truth Honey,truthhoney.com
Wavecrest Cafe Vista USD Nutrition,wavecrestcafe.com
B&B Bakery,bnbbakeryla.com
Bell Institute of Health & Nutrition,bellinstitute.com
Marix Tex Mex Playa,marixtexmex.com
Twin City Produce Co.,twincityproduce.com
Zanzibar Spice,zanzibarspicellc.com
Buunni Coffee,buunnicoffee.com
Eat Greekish LLC,eatgreekish.com
"Epic Essentials, LLC",epicessentials.com
Secret Sandwich Society,secretsandwichsociety.com
SpheraPearls,spherapearls.com
Top Protein,topprotein.com
Foods In Season,foodsinseason.com
"Kooshy, Inc.",kooshy.com
Oast House Oils,oasthouseoils.com
Beard BQ Sauce,beardbqsauce.com
CHEF YO'S REAL FOOD,chefyosrealfood.com
June Bug LLC,junebugdogsupplies.com
Tar Heel Fish House Inc,tarheelfishhouse.com
4th St BAKER,4thstbaker.com
Andies Restaurant,andieschicago.com
Humidity Control Systems Inc,coolerking.com
Oils By Nature,oilsbynature.com
"Schmoo.Pies, LLC",schmoo-pies.com
Tacos el Yiyo,ordertacoselyiyo.com
Pete's of Gaffney,petesofgaffney.com
Wayward Sandwiches,waywardsandwiches.com
Pittsburgh Fresh,pittsburghfresh.com
Golden Chinese Wok,goldenchinesewoklilburn.com
Williamstown Farmers Market,williamstownfarmersmarket.com
"Capt'n Chucky's Crab Cake Co. Mullica Hill, NJ",captnchuckysmullicahill.com
confectionist-main,confectionistbakeryatl.com
Katie's Best Chicken,katiesbestchicken.com
Leeners,leeners.com
More Than Waffles,morethanwaffles.com
Summer Organic,summerorganictan.com
BreadEx,breadex.com
Get Rad Pizza,getradpizza.com
Guerilla Bizkits,bizkits.biz
Tulsa Fruit Co,tulsafruit.com
Wawel S.A.,wawel.com.pl
green-tea-stonybrook,greentearestaurantsb.com
Just. Organic. Tea.,justorganictea.com
Kookiee Co,kookieeco.com
Peoria Cookers,peoriacookers.com
the haven,thehavensunvalley.com
DELLA CASA Select Pasta,dellacasaoriginal.com
Halal Cuts,halalcutstx.com
Orange Clementine,orangeclementine.com
VegReady,vegready.com
MUSKET POWDER SEASONINGS,musketpowder.com
Braid Challah SCV,braidchallahscv.com
Casa Chicas,casa-chicas.com
"Custom Cakes Orlando, Fl",customcakesorlandofl.com
Earls Grocery,earlsgrocery.com
Five Sushi Brothers,fivesushibrothers.com
In Season,getinseason.com
Rock the Roll - Artisan Foods,rock-the-roll-llc.square.site
ITO RAMEN,itoramen.us
JNelson Farms,jnelsonfarms.com
Get Real Foods LLC dba REAL Cookies Co.,realcookiesco.com
Wrong Direction Farm,wrongdirectionfarm.com
Mains Market,mymainsmarket.com
Saber Meals,sabermeals.com
Lucky's Dog Treats,stores.dogncatsnacks.com
Sweetbottoms Baby Boutique,sweetbottomsbaby.com
Accurate Ingredients West,aiwest.com
"Martha Green's Doughlectibles, Inc.",allmarthagreen.com
Snap Gourmet Foods,snapgourmetfoods.com
