name,domain
Ground Up PDX,grounduppdx.com
The Humble Toast,thehumbletoast.com
Sweet Heather Anne,sweetheatheranne.com
RubySerena,rubyserenatreats.blogspot.com
Migliore Gourmet Foods,miglioregourmet.com
Perfect Brewing Supply,perfectbrewsupply.com
Ellerbe Fine Foods,ellerbefinefoods.com
Kerr by Ingredion,kerrbyingredion.com
Demeter's Pantry,demeterspantry.com
"zest - smoothies, juices, eats & treats",zesteats.com
Castleberry's Food Company,castleberrys.com
Fresh First Restaurants,freshfirst.com
Weeknight Dinners,kellyepowers.com
"FoodieKid, LLC",foodiekid.com
"326, LLC dba Mike's Meat Market",mikesmeatmarket.com
Poke Guru,poke.guru
Pulxior Juices,pulxior.com
Pie Corps,piecorps.com
Acala Farms: Gourmet Cooking Oils,acala-farms.com
Food Made Fresh,foodmadefresh.com
Fresco Piada USA,frescopiadausa.com
Mandys Mood Foods,mandysmoodfoods.com
Planet Of The Crepes,planetofthecrepesnj.com
Preservation & co.,preservationandco.com
Organarchy Hops,organarchyhops.com
Fotis and Son Imports - Fotis Fine Foods,fotisfinefoods.com
Off The Shelf Catering,offtheshelfcatering.com
Yalis Coffee,yaliscoffee.com
BW Pharms,bw-pharms.com
Chi Mac,chimacseattle.com
"AMISH WEDDING FOODS, INC.",amishweddingfoods.com
"Pond Jumpers, Inc.",pjingredients.com
Souders Honey,soudershoney.com
Threespears Nutritional USA,threespearsnutritional.com
168 Market,168markets.com
Derby's Delights All Natural Dog Treats,derbysdelights.com
The Original Popcorn House,originalpopcornhouse.com
MegumiNatto,meguminatto.com
Mighty-O Donuts,mightyo.com
"Smile Trading Co., Ltd.",smiletrading-hk.com
Don Carmelo's Mexican Grill,doncarmelosmexicangrill.com
Terre Botanicals,terrebotanicals.com
Mom's Garden Foods,momsgardenfoods.com
NutFrusion,nutfrusion.com
Tiny House Chocolate,tinyhousechocolate.com
Well Food Co,wellfoodco.com
"Yeak, Inc.",yeakinc.com
LevelUp Foods,levelupfoods.com
OMD Inc.,omdkobebeef.com
Shayba Naturals,shaybanaturals.com
Tall Hat Foods,tallhatfoods.com
The Fresh Plan,thefreshplan.com
The Illuminated Oven,illuminatedoven.com
Tree Things,treethings.com
FRIEDERICHS SEED INC,friederichsseed.com
"Fying, Inc.",fying.com
Petoskey Pretzel Co.,petoskeypretzelco.com
Chisesi Brothers Meat Packing Co.,chisesibros.com
"The Bus Stop, Geauga Countys Food Truck",eatatthebusstop.com
Dish Gourmet,dishgourmet.com
TAJ PALACE YAKIMA,tajpalaceyakima.com
"NewNew Foods, Inc. dba CAcafe, Inc.",cacafe.com
Healthyish Foods,healthyishfoods.com
INGREDIENT SOLUTIONS CORP,ingredientsolutionscorp.com
Twin Seafood Market,twinsseafood.com
99Juices,99juices.com
Affinity Confections,affinityconfections.com
"THE SEQUOIA SANDWICH COMPANY, INC.",sequoiasandwich.com
"HOOTERS FOODS, INC.",hootersfoods.com
Hoss' Loaded Burgers,hossburgers.com
RAMONA FAMILY NATURALS INC.,ramonafamilynaturals.com
Victi LCG,victilcg.com
Yolk.,eatyolk.com
Bee Healthy Farms LLC,beehealthyfarms.com
SHOOGA,realshooga.com
Yummylicious Cookie Company,yummyliciouscookies.com
Alldrin Brothers Almond Co.,alldrinalmonds.com
"Sunfresh Foods, Inc.",sunfreshjams.com
Fire Drops,firedrops.com
Clemens Foodservice,clemensfoodservice.com
Mom On Timeout,momontimeout.com
Sweet Nova,sweetnova.com
Argo Georgian Bakery,argobakery.com
Big Sky Bread Company Inc.,mainebread.com
Mimi's Confitures,mimisconfitures.com
Pita Fusion,pitafusion.com
WYCEN FOODS INC,wycenfoods.com
Capital Harvest on the Plaza Farm Market,capitalharvestdc.com
O. Poké Restaurant,omegapoke.com
Mostly Made,mostly-made.com
Vitello's Restaurant | Feinstein’s,vitellosrestaurant.com
2b Whole European Gluten-Free Bakery,2bwhole.net
Jobelyn Inc.,jobelyn.us
The Peanut Shoppe of Springfield,ohiopeanutshoppe.com
Chef Andrea Lawson Gray,chefandrealawsongray.com
Mayan Fiesta,therummiest.com
The Secret Ingredient Girls,thesecretingredientgirls.com
BoudinAndCracklins.com,boudinandcracklins.com
Fasta & Ravioli Co.,fastaraviolico.com
"ASHLEY*S SWEET CHIPS, LLC",ashleyssweetchips.com
Pie Oh My,pieohmystl.com
"Stellar Gourmet Foods, Inc.",stellarsauce.com
Skip's Meat Market,skipsmeatmarket.com
"Better N Bacon LLC, distributors of Bacon Up bacon grease",baconup.com
DeNicola Brothers Concepts,denicolabrothersconcepts.com
Foodterra,foodterra.com
Istanbul Mediterranean,istanbullv.com
"Roly Poly Enterprises, Inc",rolypolyinc.com
Moon Rocks Gourmet Cookies,moonrocksgourmetcookies.com
Otterbein's Cookies,otterbeinscookies.com
tupelo Park City,tupeloparkcity.com
Celifood,celifood.com
Detroit Gourmet Nut Company,detroitgourmetnuts.com
"Extra Virgin, an Olive Ovation",extravirginoo.com
Lili’s Gourmix,lilisgourmix.com
Sapore della Vita - Specialty Foods,saporedellavita.com
THE DONUT STOP INC,thedonutstop.com
MARION ZOOLOGICAL INC,marionzoological.com
Samurai Noodle,samurainoodle.com
All GF Vegan,allgfvegan.com
Art of Cookery,artcookery.com
"Atlantic Food And Spices, Inc. dba Ruchi Foods",ruchifood.com
KitchenPC,kitchenpc.com
Yez! Foods,yezfoods.com
Chef Lerman's Sauces | www.cheflerman.com,cheflerman.com
Heather's Confections,heathersconfections.com
Reuter's Bakery,reutersbakery.com
Bailey's Bowl,baileysbowl.com
Cake and Candy Center,cakeandcandycenter.com
MHFS,milehigfoodscience.com
Sweet Jumbles,sweetjumbles.com
Curry and Hurry,curryandhurry.net
Utah Coffee Roasters,utcoffee.com
Little Gem Belgian Waffles,littlegemwaffles.com
Valley View Orchard Pie/Dad's Dynamite Pies,dadsdynamitepies.com
Amanda's Own Confections - Allergy Friendly Chocolates and Sweets,amandasown.com
"TROPICAL HEALTH FOODS, LLC",tropicalhealthfoods.com
"The Honey Hutch, LLC",thehoneyhutch.com
MAXIMOE Foods LLC.,maximoe.com
Castle Kitchen Foods,castlekitchenfoods.com
Love Creamery,lovecreamery.com
"Engrain, LLC",engrain.us
EZ DOH,ezdoh.com
"GRAND CENTRAL FOODS, INC.",grandcentralyork.com
Old World Productions,oldworld.productions
Plant Based Recipes,elivefood.com
Wild Branch Foods,wildbranchfoods.com
Empacadora Ponderosa USA,ponderosa.com.mx
Revolution Artisan Pops,revolutionartisanpops.com
Crozet Creamery,crozetcreamery.com
Funny Farm Foods,funnyfarmfoods.com
Marshalls Creek Spices,marshallscreekspices.com
The POWER of Elderberries,thepowerofelderberries.com
Authentasty,authentasty.com
Sweet Cake Bake Shop,sweetcakebakeshop.com
Erika's Gluten-free Kitchen,erikasglutenfreekitchen.com
Mr.Ts' Bustaruant,mrtbustaraunt.com
Vince's Gourmet Imports,vincesgourmet.com
Yo Wild!,yowild.com
Strings Ramen,stringsramen.com
Dr. Stadnyk's Hot Sauce,drstadnyks.com
Flavor Republic Spice Co.,flavorrepublic.co
Hungry Bird Eats,hungrybirdeats.com
Pucquio Restaurant,pucquio.com
Yankee Bean,yankeebean.com
"Dom's Sausage Co., Inc.",domsausage.com
Regal Beagle Bakery,regalbeaglebakery.com
Cocktail Caterers,cocktailcaterersnyc.com
Tea Thyme,teathymechef.com
Wisconsin Soup Company,wisconsinsoupcompany.com
POCTLI,poctli.com
"FOREST HILLS FOODS, INC.",fhf.spartanstores.com
Donostia Foods,donostiafoods.com
KALYPSO FARMS DAIRY,kalypsoyogurt.com
G&K Sweet Foods LLC,gksweetfoods.com
Hot-N-Poppin Chicago Style Gourmet Popcorn,hnpchicago.com
giveme5giveme10.com,giveme5giveme10.com
Vessel Kitchen,vesselkitchen.com
Demers Food Group,cheatinggourmetfoods.com
Palmer's Direct To You Market,palmersdirecttoyou.com
HillBunker Farms,hillbunkerfarms.com
13 Stars Hot Sauce,13starshotsauce.com
"House of Pizza, MN",houseofpizzamn.com
Nutritruck,nutri-truck.com
Two Fields Bakeshop,twofieldsbakeshop.com
SoCo Ginger Beer,socogingerbeer.com
"Egunsifoods, LLC",egunsifoods.com
RK Response Inc.,trulyclear.com
BellaRoca Designs,bellarocacakes.com
Shanny Cakes,shannycakesnyc.com
Dishes Delish,dishesdelish.com
Natur-Tyme,natur-tyme.com
Testa's Pantry,testaspantry.com
"Cucina Calabrese Foods, Inc.",cucinacalabresefoods.com
Rock Chef Rolls,rockchefrolls.com
Mad Pizza,madpizza.com
AL'S GOURMET NUTS,alsgourmetnuts.com
Downstate Donuts,downstatedonuts.com
VittlesInc,vittlesinc.com
Fauzia's,fauzias.com
Montilio's Baking Co.,montilios.com
Granny's Cakes,grannyscakesgourmetfoods.weebly.com
Pink House Chocolates,thepinkhouse.biz
"Sabine, Naturally!",sabinenaturally.com
Steidinger Foods,steidingerfoods.com
DIRT FOOD,eatdirtfood.com
Enjoy Jool,enjoyjool.com
Twisted Curry,twistedcurry.com
"La Cocina de Ana, LLC",cocinadeana.com
Max's Degrees,maxsdegrees.com
Top Burmese Hospitality Group,topburmese.com
gfJules,gfjules.com
Live Well Snacks LLC,livewellsnacks.com
Bonjour Bakehouse,bonjourbakehouse.com
Jonesey's Inc.,joneseyssauce.com
Marvell Foods,marvellfoods.com
Mel's Molasses Bread,melsmolasses.com
Tubby's Taste,tubbystaste.com
Brooke & Bradford,brookeandbradford.com
Joe Schmo's Kitchen,joeschmoskitchen.com
K's EUROPEAN JAMS LLC,ksjamsny.com
Brooklyn Cider House,brooklynciderhouse.com
Painted Turtle Hard Cider,paintedturtlehardcider.com
Pollo Inka Express,polloinkaexpress.com
The Forked Spoon LLC,theforkedspoon.com
Zippy Pizza Inc,zippypizzainc.com
New Bread Gluten-Free Lifestyle Company,newbreadcompany.com
Granny's Delight Old Fashioned Bread,grannysdelight.com
Gooey&Co,gooeyandco.com
D. Brian's All Natural Deli and Catering,dbrians.com
"Deane's Kombucha, LLC",deaneskombucha.com
Smackerals By Michelle,smackeralsbymichelle.com
The Produce Station,producestation.com
"Riverfront Marketing Group, LLC",riverfrontmarketinggroup.com
EcoMeal Organic,ecomealorganic.com
Felix LA,felixla.com
Marsatta Chocolate Inc.,marsatta.com
Prima Frutta,primaveramarketing.com
The Marshmallows Company,themarshmallowscompany.com
The Daily Meal,thedailymeal.com
Zacki's Culinary Creations,zackisculinarycreations.com
Chef Ryan Hoffman,chefryanhoffman.com
Her Garden Kitchen,hergardenkitchen.com
Live Life Well Fed,livelifewellfed.com
"Chop Chop, Inc.",chopchopkosher.com
"Miss Sydney’s Secret Family Recipes, LLC",misssydneys.com
"Kate's Kakes, LLC",kateskakes.com
LiceNil - The Super Lice Killer,licenil.com
Chef Cowgirl,chefcowgirl.com
Brew Brew Coffee and Tea,brewbrewcoffeeandtea.com
Caias Cookies,caiascookies.com
Caribbean Cowboy BBQ,caribbeancowboybbq.com
Grand Junction Grilled Subs,grandjunctionsubs.com
JIANMAR LLC,jianmarfoods.com
HAYWARD COMMUNITY FOOD SHELF INC,haywardfoodshelf.net
Cuisine en Locale,cuisineenlocale.com
GREEKEXPORTS- Export Services,greekexports.org
Spice House USA,spicehouseusa.com
I Heart Veg,iheartveg.com
Orange & Blossom Patisserie,orangeblossomco.com
Crumbles Cookies,crumblescookies.com
Mealcourt LLC,mealcourt.com
Fresh N Fit Cuisine,freshnfitcuisine.com
Oh My Lolli!,ohmylolli.com
Chevys Fresh Mex SOL LLC,chevysmd.com
Goba Tea®,gobatea.com
Seattle Pops,seattlepops.com
Sierra Midwest Inc,sierramidwest.us
Tea Thoughts,teathoughts.com
Crave Truck LLC,cravetruck.com
"Cape Whoopies, Maine's Gourmet Whoopie Pie",capewhoopies.com
Food For Your Good,foodforyourgood.com
Lanka Canneries Pvt Ltd,lankacanneries.com
"RECIPE 33, Inc.",recipe33.com
The Art In Cake,theartincake.com
Tiny Pies,tinypies.com
Woof Stop Barkery,woofstop.com
Iggy's Alive & Cultured,iggys.com
The Mushroom Meat Co.,mushroommeatco.com
Sweet Silk Treats,sweetsilktreats.com
Burnt Sacrifice BBQ,burntsacrifice.com
John's Water Ice,johnswaterice.com
miFLAVOUR,miflavour.com
Stokes Chile,stokeschile.com
Culinary Products,culinaryproducts.com
Don Juan Chiles,donjuanchiles.com
Baber's Vis-Vita Sales,vis-vita.com
"Ali V's Kitchen, LLC dba Siempre Soups",siempresoups.com
Simmering Sugar,simmeringsugar.com
Vital Root,vitalrootdenver.com
FoodNavigator-USA Summit,foodnavigatorusasummit.com
Honest Biscuits,honestbiscuits.com
Sak's Deli,saksdeli.com
Whole Health Everyday,wholehealtheveryday.com
Cheatwood Honey Co.,cheatwoodhoney.com
"Mama Soup, Inc.",mama-soup.com
Rave Organics,raveorganics.com
Owner at Raw Crunch Bar,rawcrunchbar.com
Tall Boy,tallboypdx.com
Dave's Coffee Roasters,davescoffee.com
Healthy Fresh Meals,healthyfreshmeals.com
R Square Casing,rscasing.com
Mindo Chocolate Makers,mindochocolate.com
Simba's Barkery LLC,thebarkerydfw.com
"Total Source Food Service North covering Colorado, Utah and Wyoming",totalsourcefdsrv.com
Deja Vegan,dejavegan.com
maison de pawZ,maisondepawz.com
Gateau O Chocolat,flourfreecakes.com
Bija Bhar dba Anjali's Cup,anjaliscup.com
HS Green,hsgreen.menu
HercuLean Meal Prep,herculeanmealprep.com
Neo Cocoa,neococoa.com
Golden Bear Java Co.,goldenbearjava.com
Cupcake and a Smile,cupcakeandasmile.com
"Twist Bakery & Cafe, Inc.",twist-bakery.com
Fikabröd,fikabrodbox.com
Flour & Co,flourandco.com
Foodjin,foodjin.org
"Global Trading Ventures, Inc.",globaltradingventures.com
Pure Body Protein,purebodyprotein.com
3D Baking Co.,3dbaking.net
EZ Wings,ezwings.com
Jael LLC,jaelproducts.com
Seattle Elderberry,seattleelderberry.com
Slo Baked Bakeries Inc,slobaked.com
Wild Patch Chocolates,wildpatch.com.au
Appalachia Cookie Company,appcookieco.com
Mandola's Italian Kitchen,mandolas.com
Renaissance Specialty Cakes & Desserts,renaissancespecialtycakes.com
Abridged Essentials,abridgedessentials.com
Good Measures Foods,goodmeasuresfoods.com
The Fry Guys,fryguysbusiness.weebly.com
Au Petit Goût Photography,elizabethgaubeka.com
Currysutra™,currysutra.com
Italian Food Specialists,italianfoodspecialists.com
"Glenna Farms, Inc.",glennafarms.com
Mile High Raw,milehighraw.com
Plant Based Meals,plantbasedmealsnow.com
Seed + Sprout,seedandsproutsd.com
Smokin' Texas Gourmet,smokintexasgourmet.com
Z Garden Mediterranean Cuisine,zgardensantamonica.com
OriginAl's Chicken Ribs,chickenribs.com
Sweet Teez Bakery,sweetteezbakery.com
Arugula Ristorante Italiano,arugulachaddsford.com
"Nela, LLC",nelanature.com
EatandEvolve,eatandevolve.com
Turkish Fair Trade Imports,hatunoliveoil.com
Creole Bagelry,creolebagelry.com
LN Coffee Roasters,lncoffees.wordpress.com
Root Cellar Catering Co.,rootcellarcateringco.com
Pittsburgh Juice Company,pittsburghjuicecompany.com
"The Polar Bear Kitchen, LLC",thepolarbearkitchen.com
Amuse Pooch LLC,amusepoochtreats.com
Fire Ox Foods,fireoxfoods.com
Pizza Luce,pizzaluce.com
La Dolce Vita Pizzeria,ldvpizzeria.com
Landert Bread,landert.us
Papa Vince,papavince.com
Anta Faye,antafaye.com
Rosey Bloom's Collard Greens,roseyblooms.com
Chef For All Seasonings,chefforallseasonings.com
Deli Halal Brand,delihalal.com
Savvybeast Treats,savvybeasttreats.com
Marcona,marconarestaurant.com
Rainbow Confections,rainbowconfections.com
Suzannes Natural Foods Inc,suzannes.com
Fadaro Fancy Foods Corp.,fadaro.com
Floyd Farms,floydfarmsfeed.com
Hot Charlie's,hotcharlies.com
Hot Line Pepper Products,hotlinepepperproducts.com
"Treats For Chickens, LLC",treatsforchickens.com
"Key-lix, LLC",key-lix.com
Cocoa Family,cocoafamily.com
Leaf & Grain,eatlg.com
El Pavo Bakery,elpavobakeries.com
Hotpie~Island Joe's,hot-pie.com
The Black Garlic Company,theblackgarlicco.com
The House Of Jerky,houseofjerky.net
URJA Coconut Water,drinkurja.com
Mama Lam's,mamalams.com
Mediterranean Diet Pet Food,mediterraneandiet-petfood.com
"Caviar Creator, Inc.",caviar-creator.com
Chocolate Angel Creations,chocolate-angels.com
Yumii Kettle Corn Company,thatsyumii.com
Dining,diningeating.com
DeliFeast,delifeast.blogspot.com
Royalty Pecan Farms,royaltypecans.com
"Happy Koala, LLC dba Happy Mammoth, LLC",happymammoth.com
Little Organics USA,littleorganicsusa.com
Pompeii Pizza,pompeiipizza.ie
Redstone Olive Oil,redstoneoliveoil.com
"Sweetkiwi Holdings, Inc.",sweetkiwi.com
Doc's Salt Free,salt-free.com
Butter Lane Cupcakes,butterlane.com
The Cordial Cherry,thecordialcherry.com
bake magazine,bakemag.com
Good Burrito Co.,goodburrito.co
"Best Recipes Media Group, LLC",bestrecipes.co
I Love Thai Cooking,ilovethaicooking.com
Oasis Supply Company,oasisupply.com
"Planet Bakery, Inc",baklava.com
Cocomos,cocomosnack.com
Lula's Catering,lulasforlunch.com
MsVegan.com™,msvegan.com
Bacon Swinery,baconswinery.com
Greco Fresh Grille Corporation,grecofreshgrille.com
LiveLife Ceuticals,livelifeceuticals.com
Oliver's Beer Biscuits,oliversbeerbiscuits.com
ButterCrumb Bakery,buttercrumbbakery.com
Kaizen Shabu,kaizenshabu.com
Pastry Palace,pastrypalacelv.com
"Bundts & Butter, LLC",bundtsnbutter.com
Charqui Jerky Co.,charquijerky.com
Framore - Authentic Italian Food Imported,framore.com
Third Eye Dog Bakery,thirdeyeoats.com
Barkz,barkz.com
The Estes Paw Company,theestespawco.com
Oh Snap! Let's Eat!,ohsnapletseat.com
Pizza Supreme Corporation,eatpizzasupreme.com
Sancti-Tea,sancti-tea.com
The Happy Bento,thehappybento.com
The Screaming Pumpkin,thescreamingpumpkin.com
The Three Snackateers,threesnackateers.com
Food Groove Mission,foodgroovemission.com
Harmon's Heavenly Honey,harmonsheavenly.com
Old Havana Foods,oldhavanafoods.com
The Wooden Spoon Chicago,woodenspoonchicago.com
Harvest Moon Baking Co. (HMBC),hmbc.co
Hemplete,hemplete.com
Gelato Supply,gelatosupply.com
Kitchen Conservatory,kitchenconservatory.com
Made You Hungry,madeyouhungry.com
Souq International Market,souqmarkets.com
Prep Creative,prepcreative.com
MiaBella,miabella.co
WELA,welahealthbar.ca
Audrey's Chia Cookies,audreyschia.com
"Unicoi Preserves, LLC",unicoipreserves.com
Executive Chefs Catering,executivechefscatering.com
"Mojo Tago, LLC.",mojotago.com
Karl's Craft Soup,karlscraftsoup.com
Momma Gourmet,mommagourmet.com
STACK Subs,stacksubs.com
Ade In Your Life-AIYL Good Eats,aiylgoodeats.com
Gran Dia Bakery,grandiabakery.com
Jake's Stadium Pizza,jakesstadiumpizza.com
The Turmerator,turmerator.com
Zambeezi,zambeezi.com
Bitterman Salt Co.,bittermansalt.co
Cassie's Country Cupboard,cassiescountrycupboard.com
"Cheshire Community Food Pantry, Inc.",cheshirefoodpantry.org
Barnes and Hoggetts,barnesandhoggetts.com
Bernd Hecker Bäckerei,baecker-hecker.de
"Cheff'n & Eetinn: Artisan Bakery, Eetery & Catering",cheffneetinn.com
Nomad Meal,nomadmeal.com
Euvitis Delicacies,euvitisdelicacies.com
Tio Simon Foods,tiosimonfoods.com
Bernice's Bakery,bernicesbakerymt.com
Shroomeats,shroomeats.co
Soul Salve,soulsalve.co
The Loaf Bar,theloafbar.com
Chocoholic,trychocoholic.com
Mel's Butter Blends,melsbutterblends.com
The Familiar Kitchen,thefamiliarkitchen.com
Bert & Bennett's,bertandbennetts.com
Chewy Pawz,chewypawz.com
Rubinette Produce Market,rubinetteproduce.com
The Wholesome Bar,thewholesomebar.com
Mother Earth Vinegar,motherearthvinegar.com
"Pizza Girl, Inc.",pizzagirl.com
TaylorMade Meals Personal Chef Service,taylormademeals.com
"Niúke Foods, LLC",niukefoods.com
Saporito Kitchen,saporitokitchen.com
213 Foods,213foods.com
By The Way Bakery,btwbakery.com
LaBodega's Authentic Latin Cusine,labodegas.com
Tasty Ribbon,tastyribbon.com
Master Pie Making,masterpiemaking.com
Omnivore Meats,omnivoremeats.com
Yotopia: Iowa's Farm Fresh FroYo,yotopiafroyo.com
Father Time Kitchen,fathertimebread.com
Simply406,simply406.com
Asheville Moutain Kitchen,ashevillemountainkitchen.com
Baxter's Gourmet Catering,baxtersgourmet.com
FEM Power Protein Powder,femproteinpowder.com
Plant Candy,plantcandy.com
Real Raw Shea,realrawshea.com
Red Velvet NYC,redvelvetnyc.com
Village PieMaker,villagepiemaker.com
Cocina Corazón,cocinacorazon.com
FINE FOODS COLLECTION,finefoodscollection.com
Kitchen Culture®,mykitchenculture.com
Vance Global Inc.,vance-global.com
Veggies Don't Bite LLC,veggiesdontbite.com
Mike and Jen's Hot Cocoa,mikeandjens.com
Olive Lucy Gourmet Foods LLC,olive-lucy.com
Grant's Pizza House,grantspizzahouse.com
Blissful Spoon,blissfulspoon.com
Kolache Republic,kolacherepublic.com
Mayhem Foods,mayhemfoods.com
"Smoke Crossroads, Inc",smokecrossroads.com
Benjii's Canine Cuisine,benjiis.com
Grovestone,grovestone.com
Seva Foods,sevafoods.com
Yogurt 101,yummyyogurt101.com
Casa D'Erba,casa-d-erba.com
Early Bird Tacos,earlybirdtacos.com
Kooshi Gourmet,kooshigourmet.com
Paige's Bakehouse,paigesbakehouse.com
Nak Snacks,naksnacks.com
Nicky's Pizza,nickyspizza.com
ACW Philly: A Cupcake Wonderland,acwphilly.com
Do-Biz Foods,do-biz.com
My Yogurt,myyogurtusa.com
Powerhaus Wholesome Pizza & Eats,powerhauspizza.com
Priscotty Pure,priscottypure.com
Santora Foods,santoraspizzaandcatering.com
We Decorate Kakes,wedecoratekakes.com
Provisions Coffee & Kitchen,buttermilkprovisions.com
OliveOil.com,oliveoil.com
Piko Provisions,pikoprovisions.com
Simple Supplemental Foods LLC,simplesupplefoods.com
Southernside,thesouthernside.com
Taste of Scandinavia,tasteofscandinavia.com
Think Tasty,thinktasty.com
Delightful Natural Food,delightfulnaturalfood.com
Organic Soup Kitchen,organicsoupkitchen.org
Kawi Foods,kawifoods.com
LEKYTHOS,lekythos.com
Sizzle&Crunch Vietnamese Grill,sizzleandcrunch.com
"Bentilia, Inc.",bentilia.com
Leafy Tamale,leafytamale.com
The Bake Bike,thebakebike.com
Bitoys Sweet Treats Inc.,bitoysbrands.com
"Nutra West, Inc.",nutra-west.com
Bare Bowls,barebowls.com
PFS Blends,pfsblends.com
"BARE Blends, LLC",bareblends.com
Hypnotic Donuts and Biscuits,hypnoticdonuts.com
Little Pine Low Carb,thelittlepine.com
SweeTreats Bakery,sweetreatsbakery.com
De Mars's LLC,demarsllc.com
HIGH 5 INC,high5inc.com
PIASA,piasa.com
The Ciao Wagon,theciaowagon.com
Bonpastry,bonpastry.com
Flavorah,flavorah.com
Whatz2eat,whatz2eat.com
Banh Mi Viet,banhmiviet.co
Blue Flamingo Skincare,bfskin.com
Marukai Corp. dba Tokyo Central,tokyocentral.com
Jimmy Luv's Bloody Mary Mix,jimmyluvsbloodymarymix.com
Muesliikon,muesliikon.com
PangeaKeto,pangeaketo.com
Accidental Spices LLC (DBA Professor Bailey's Pimento Cheese),professorbaileys.com
The Cinnamon Snail,cinnamonsnail.com
Luchi & Joey's,luchiandjoeys.com
Monthly Brews,monthlybrews.com
Cocorado,cocorado.com
Gnam Gnam Gelato,gnamgnamgelato.com
Fresh & Best Produce,freshbestproduce.net
Angel Fox Foods LLC,angelfoxfoods.com
Fresko LLC,freskofresh.com
Uncle Giant,unclegiant.com
Furious Sauces,furioussauces.com
Taqueria Cantina,taqueriacantina.com
Ammi's Spice,ammispice.com
HomeMaking Queen,homemakingqueen.com
JELLYBEAR JELLY COMPANY,jellybearjellycompany.com
sünabloom,sunabloom.com
"Perfection Snacks, Women Owned / Native American Owned",shop.perfectionsnacks.com
Beverly Hills Caviar,beverlyhillscaviar.com
Bread & Pickle,breadandpickle.com
"FULL EARTH FARM, LLC",fullearthfarm.com
Gratitude Gourmet,gratitudegourmet.com
Bertman Foods,bertmanballparkmustard.com
Boochman Kombucha,boochman.com
"Kore Kitchen, LLC",korekitchen.com
Pi Greek Bakerie,pibakerie.com
All American Pizza,allamericanpizzaokc.com
"Catered with Class, The Bay",cateredwithclassca.com
Daniel's Dog Treats LLC,danielsdogtreats.com
Overwood Artisan Platters,overwoodartisanplatters.com
"Pittman & Davis, LLC",pittmandavis.com
Olive This!,olivethis.com
Simsim Mediterranean Grill,eatsimsim.com
Gourmet Hemp Foods,gourmethempfoods.com
SEATTLE BAGEL BAKERY LLC,seattlebagel.com
Sugar Couture,sugar-couture.com
Parré Chocolat,parrechocolat.com
The Country Butcher,thecountrybutcher.com
NikooCake,nikoocake.com
Seghetti's Top Secret Seasoning,seghettis.com
Dollar Rub Club,dollar-rubclub.com
Plant Jam,plantjam.co
TheraGold,theragold.com
Bloombox Foods,bloomboxfoods.com
Pasta Sisters,pastasisters.com
Heritage Foods Company,myheritagefoods.com
Hestia Food and Ingredients,hestia-fi.com
Wild Living Foods,wildlivingfoods.com
J. Chocolatier,jchocolatier.com
Little Muenster,littlemuenster.com
Anoush USA,anoushusa.com
Ivy Bakery,ivybakery.com
Joy and Sandwiches,joyandsandwiches.com
Mioposto,miopostopizza.com
The Gathering Table,gatheringtablefl.com
Poulette,poulettenyc.com
Soul'y Raw Pet Food,soulyraw.com
The Unsweetened Tooth,theunsweetenedtooth.com
WISCONSIN ASSOCIATION OF MEAT PROCESSORS INC,wi-amp.com
Cachito Coffee and Bakery,cachitocoffee.com
900 Degrees Neapolitan Pizzeria,900degrees.com
Dans Supermarket Store,shopdanssupermarket.com
Midwest Processors LLC,midwestprocessors.com
"DBT's Cookies & Sweets, LLC.",dbtscookiesandsweets.com
Refreshing Bytes,refreshingbytes.com
CHIMANGO,chimango.co
honey bee’s,honeybeesbg.com
Dallmann Confections,dallmannconfections.com
"Damn Handsome Grooming Co, LLC",damnhandsomegroomingco.com
Farmer and the Dail,farmerandthedail.com
PERFORMANCE Foodservice - Fox River,foxriverfoods.com
Pantry Fuel,pantryfuel.com
The Light of Dog,thelightofdog.com
"Topsy Toffee, LLC",topsytoffee.com
BIGA San Diego,bigasandiego.com
"CROFTON & SONS, INC.",unclejohnspride.com
Low Salt Kitchen,lowsaltkitchen.com
Food recipe,favouritetastyfoodrecipe.blogspot.com
Loralie's Baking Company,loraliesbrownies.com
Roger's Ice Cream and Burgers,rogersicecreamburgers.com
Cielito Cocina Mexicana,cielitodanville.com
JIMMY'S COOKIES LLC,jimmyscookies.net
Pacific Northwest Cookie Co.,pnwcookies.com
DIDIER'S GROCERY INC,didiersgrocery.com
"TOMMY'S ORIENTAL FOOD, INC.",tommysthaidenver.com
ChefShop,chefshop.com
Santa Ana Sweets,santaanasweets.com
The Chocolate Season,thechocolateseason.com
A Little Brittle Heaven,brittleheavenli.com
DC Empanadas,dcempanadas.com
Diman-ni Organics,dimanniorganics.com
Heffys BBQ Company,heffys.com
Pada Sushi,padasushi.com
Happy Howl,thehappyhowl.com
BuffaLouie's,buffalouies.com
Hashes And Brews,hashesandbrews.com
"Nouvel, LLC [Specialty Food Manufacturer]",nouvelidea.com
Parlor's Handcrafted Ice Creams,parlorsicecreams.com
"Bakery Systems, Inc. - Creative Automation",bakerysys.com
Chef Bob's Catering & Craft Service 201-767-1516,chefbobonline.com
Eight Vegan,eightvegan.com
"ICING ON THE CAKE, INC.",icingonthecakebakery.com
Miss Hannah's Gourmet Popcorn Company,misshannahspopcorn.com
The Soup Cup a MicroSouperie,thesoupcuptc.com
"MBC Concessions, Inc.",mbcconcessions.com
The BEACH BARK® Brittle Company,beachbarkbrittle.com
E.A.T Marketplace,eatmarketplace.com
Entree Kitchen,entreekitchen.com
Front Porch Pickings,frontporchpickings.com
Food Service International (FSI),fsiseattle.com
Shaded Trails All Natural Dog Treats,shadedtrails.com
Snackin' Free,snackinfree.com
Blue Barn Gourmet,bluebarngourmet.com
Coqui the Chef,coquithechef.com
Himalayan Chef,himalayanchef.com
Bay Country Bakery,baycountrybakery.com
Dream Delicacies,dreamdelicacies.com
Yippea,yippea.com
Yummy Supper,yummysupper.com
Gatherer's Gourmet Granola,ggranola.com
Naughty But Nice Kettle Corn Co.,nbnkettlecorn.com
"Posh Confections, LLC",poshconfections.com
Prime Poke,primepoke.com
Vive la tarte,vivelatarte.com
All Real Meal,allrealmeal.com
Virginia Gourmet,virginiagourmetmarket.com
HeartyMakes,heartymakes.com
Scramblers,eatscramblers.com
BKD Group,bkd.group
Fishetarian Fish Market,fishetarianfishmarket.com
Press It Juicery,pressitjuicery.com
Roxanne's Taqueria,roxannestaqueria.com
Simma's Bakery,simmasbakery.com
SYRACHA'CUSE Gourmet Sauces,syrachacuse.com
Toto.,totofoods.co
Brand New Vegan,brandnewvegan.com
Chef Tech Cooking School,cheftechcookingschool.com
Salt84,salt84.com
Canelé Gourmet Pantry,canelepantry.com
Falafel Place,myfalafelplace.com
La Vegana Mexicana,laveganamexicana.com
Mei Mei Dumplings,meimeidumplings.com
"Miller Organics, LLC",millerorganicsllc.com
Sweet P's Pantry,sweetpspantry.com
Tough Cookies Meal Prep,toughcookies.co
"Global Food Forager, LLC",globalfoodforager.com
"La Casserole Gourmet, LLC dba Hibisbloom",hibisbloom.com
Red Spatula,redspatulasf.com
"PFVN, Inc. | Processed Fruits and Vegetables Network",pfvn.us
Le Marcel Specialty Bakery for Dogs,lemarceldogbakery.com
Quants Bakery,quantsbakery.com
"Taking Stock Foods, LLC",takingstockfoods.com
Tinker Kitchen,tinkerkitchen.org
EAT SMARTER US,eatsmarter.com
"Freshmade NYC, LLC",freshmadenyc.com
FLO'S FRIENDLY FOODS LLC,flosfriendlyfoods.com
Fresh Thymes Eatery,freshthymes.com
Jim's Amazing Bread,jimsamazingbread.com
"The Bourgeois Bistro,LLC",thebbistro.com
"The Nut Shoppe, Inc",thenutshoppechocolates.com
"Auster Foods, LLC",austerfoods.com
Lorraine's Cakes,lorrainescakesllc.com
Organic 101 LLC,organic101.com
Rainy Day Chocolate,rainydaychocolate.com
Solera Chocolates,solerachocolates.com
100 Bowls of Soup,100bowlsofsoup.com
"WHOLeeCOW, LLC",whole-ecow.com
Leafwize Naturals,leafwize.com
PepperNutz.com LLC,peppernutz.com
canihaveabite,canihaveabite.com
Eatables,eatables.co
"GZ Culinary Consulting, LLC",galenzamarra.com
Sweet Vegan,sweetvegan.nyc
"Furbabies Delectable Delights, Inc.",furbabiesdelectabledelights.com
islsnack,islsnac.com
YoLKERY,yolkery.com
"Z Natural Foods, LLC",znaturalfoods.com
Jimmy`s Sauces USA,jimmyssaucesusa.com
The Green Palate,thegreenpalate.com
Toddler Health,toddlerhealth.net
Town Farm Gardens LLC,townfarmgardens.com
At Your Service Sales,atyourservicesales.com
Jerky By Art,jerkybyart.com
Dr Meaux's Cajun Recipe,drmeauxs.com
Freshyfare,freshyfare.com
Good & Butter,goodandbutter.com
Nutrifox,nutrifox.com
Tarantino Gourmet Sausage Company,tarantinosausage.com
Grill 7,grill7.com
Windansea Deli Provisions,wsdelipro.com
Minerva Limited,minervalimited.com
Blue Mountain Meats,bluemountainmeats.com
"Fortner's Products, LLC",fortnersproducts.com
Gum Technology,gumtech.com
Really Good Dog Food,reallygooddogfood.com
"Shade Tree Sauce Co., LLC",gunshotsauce.com
Green Brothers Juice & Smoothie Co.,greenbrothersjuice.com
"JNS Foods, LLC",jnsfoods.com
Olde Town Spice Shoppe,oldtownspices.com
Gayla's Grits,gaylasgrits.com
Mama Mae's,mamamaes.com
Masi Masa Trading Company,masimasa.com
"Taverrite's Italian Foods, LLC dba Taverrite's Make It Italian",makeititalian.net
Florida Candy Factory,angelmint.com
A Well-Seasoned Kitchen,seasonedkitchen.com
Katerinas Finest LLC,katerinasfinest.com
Adventure Kitchen,adventurekitchen.com
"Langlois Fancy Frozen Foods, Inc.",langloisfoods.com
Pauline's Cuisine,paulinebilly.com
Dany Candy Bay Inc.,danycandybay.com
EarthKosher Kosher Certification Agency,earthkosher.com
Minutenbrot,minutenbrot.de
The Organic Whey,theorganicwhey.com
Domi Italian Ice,domi-ice.com
Pan De Oro Tortilla Chips,pandeoro.com
What's KP Cooking?,whatskpcooking.com
Dish Dish LLC (Your Online Family Cookbook),dishdish.us
Doughnut Plant,doughnutplant.com
Douglas Sweets,douglassweets.com
Healthy Island Products,healthyisland.com
The Stonehouse Bakery,stonehousebakery.com
Vital Kitchen,vitalkitchen.co
Mille-feuille Bakery,millefeuille-nyc.com
Mother Snacker,mothersnacker.com
Ovid Elevator Co,ovidelevator.com
Son of a Barista,sonofabarista.com
The Connected Chef,theconnectedchef.org
Big Wave Eats,bigwaveeats.com
Antonino's Ristorante,antoninosristorante.com
"Sweetly, Inc.",sweetly.co
Northern Spice Company,northernspiceco.com
SMART INGREDIENTS,smartingredients.net
Union Spice Blends,unionspiceblends.com
Grandma Sandino's,grandmasandinos.com
Conscious Bean,consciousbean.com
Flying Apron,flyingapron.com
Frankfort Foods Inc,enricositalian.com
"Revolution Doughnuts, LLC",revolutiondonuts.com
uniqop,uniqop.com
"The Charming Kitchen - Event Planning, Traditional Italian Bakery & Confections",thecharmingkitchen.com
Journey Juice,journeyjuice.com
Dippers Packing Co Inc,supri.com
Natural Foods Plus,naturalfoodsplus.com
Heavenly Sweet,heavenlysweet.com
Scott's Hometown Foods,cookswedish.com
Spar Sausage Co.,sparsausage.com
SooFoo,soofoo.com
Vegetarian Times,vegetariantimes.com
Modesto Certified Farmers Market,modestocfm.com
Bread & Tulips,breadandtulipsnyc.com
Mercer Meadows Bakery and Farm,mercermeadows.com
"Peas, Love and Carrots",peaslovencarrots.com
Via Roma Foods,viaromafoods.com
Woke Foods,wokefoods.coop
Vern's Toffee House,vernstoffee.com
Direct From Philly,directfromphilly.com
dulcederm,dulcederm.com
Grateful Plate Meal Delivery & Catering,gratefulplatephilly.com
"Lone Star Bee Co., LLC",lonestarbee.com
"Breadlovers ""German Style"" Sourdough Bread Baking Kit",breadlovers.net
Bulk Services LLC,bulkservicesllc.com
"V-DOG FOOD, LLC",v-dogfood.com
Full n' Free,fullnfree.com
"SAIGON EGGROLLS, LTD",saigoneggrolls.com
"The Kitchen Whisperer, LLC",thekitchenwhisperer.net
Zone Healthy,zonehealthy.com
"Bert's Bites, LLC",lovebertsbites.com
Carib Product,caribproduct.com
Casa Sanchez SF,casasanchezsf.com
Easton Farmers Market,eastonfarmersmarket.com
Fresh Company,freshcompany.net
New Day Bakery,newdaybakery.net
Caramel Caravan Co.,caramelcaravan.com
Kanab Creek Bakery,kanabcreekbakery.com
Pizzology Craft Pizzeria,pizzologyindy.com
Raw Pet Food,rawpetfood.com
Girl Meets Food®,girlmeetsfood.com
Unique Sweets,cookingchanneltv.com
Acme Farms + Kitchen,theacmebox.com
"Daelia's Food Company, Ltd.",daeliasbiscuitsforcheese.com
Mission Minis,missionminis.com
Newcastle Produce,newcastleproduce.com
PUDDLES BARKERY LLC,puddlesbarkery.com
A Twist On Olives,atwistonolives.com
Poppie's Dough,poppiesbakeshop.com
Real Simple Good,realsimplegood.com
Golden Roots Kitchen,goldenrootskitchen.com
Single Fin Kitchen,singlefin.kitchen
"Custom Confections, LLC",customconfections.net
Red Oak Grill,redoak-grill.com
Made in Xodar,madeinxodar.com
Bambuza Hospitality Group,bambuza.com
Obrigaderia,obrigaderia.com
Long Dog Fat Cat,longdogfatcat.com
Crawfish.com,crawfish.com
eatwell ORGANIC NOODLE,eatwellorganicnoodle.com
UMAI Savory Hot Dogs,umaihotdogs.com
Longer Healthier Life,longerhealthierlife.net
"CRG Management, LLC dba CALI",cicciocali.com
Life Is Grruff,lifeisgrruff.com
SoupSonic,soupsonic.com
SKORDO,skordo.com
host with grace,hostwithgrace.com
Noble Pig,noblepig.com
American Specialty Foods,asfbrands.com
Big Fred's Pizza,bigfreds.pizza
"Cakes, Chocolates and More",cakeschocolatesandmore.com
Cute as a Cupcake! Cupcakery & Bake Shop,cuteasacupcake3.com
Adams Avenue Roots and Folk Festival,adamsaveonline.com
"Success N Fundraising, llc",successnfr.com
Boulder Baked,boulderbaked.com
Branson's Chocolates,bransonschocolates.com
Chiles and Smoke,chilesandsmoke.com
FunGuy Mushrooms,thefunguymushrooms.com
Vesper Brothers' Foods,vesperbrothersfoods.com
"Area71, LLC",tablerockarea71.com
Big Gorilla Jerky,biggorillajerky.com
Big Lou's Onion Sauce,biglousonionsauce.com
Cobalt Grille,cobaltgrille.com
Pili Group,thepiligroup.com
Elona Foods,elonafoods.com
Guacamoli,guacamolico.com
Infused Aromas and Flavors,infusedaromasandflavors.com
Garden of Eden Kingdom Living,gardenofedenkingdomliving.com
Irie Vybez,irievybez.com
Farmhouse Burger Company,farmhouseburgerco.com
Fire Dept Meals,firedeptmeals.com
Cocoa & Crumb LLC,cocoaandcrumb.com
Ginger Time Ginger Shots,drinkgingertime.com
Mocha Miski,mochamiski.com
Cookies OMG,cookiesomg.com
"Dear Martini, LLC",dearmartini.wordpress.com
Frozen Kuhsterd,frozenkuhsterd.com
Miele Gelato,mielegelato.com
"Vitulli Estates, LLC",vitulliestates.com
Baked Cravings,bakedcravings.com
LICHTENSTEIN MÜHLE,lichtensteinmuehle.de
EatOrToss,eatortoss.com
Mad Mama Naturals LLC,madmamanaturals.com
BCN Houston,bcnhouston.com
Jaspen's Inc.,jaspens.com
Retaste™️ FoodTech LLC,retaste.co
Bluff Country Co-op,bluff.coop
Naked Farmer,eatnakedfarmer.com
Sesamagic LTD,sesamagic.com
The Natural Branches,thenaturalbranches.com
"Minnesota Feed Distributors, Inc.",mnfeed.com
Wholesome Grub,wholesomegrub.com
Grounding Roots,groundingroots.com
Mamahuhu,eatmamahuhu.com
Floyd & Fred Foods,hotlime.com
The Caramel House,thecaramelhouse.com
The Stoner's Cookbook,thestonerscookbook.com
Virginia's Cakes,virginiascakes.com
Vogli Estate,vogliestate.com
Grassa Gramma,grassagramma.com
ZORA Chocolate,zorachocolate.com
Howl at the Spoon,howlatthespoon.com
3 Paws Kitchen,3pawskitchen.com
Better Baker,thebetterbaker.blogspot.com
"Clover Specialties, Inc.",cloverspecialties.com
Andro's Rostilj,androsrostilj.com
"Old World Foods, LLC",oldworldfoodsllc.com
Boule de Pain,bouledepain.com
"Gurme212 USA, Inc.",gourmet212.com
Whits Frozen Custard of Westerville,whitscustard.com
Halo + Cleaver,haloandcleaver.com
Hello Cookie,heyhellocookie.com
"The Italian Apron, Inc",theitalianapron.com
Chrissys,chrissys.co
Follow sp. z o.o.,irenki.pl
Garcia Nevett Chocolatier de Miami,garcianevett.com
Dinas Dumpling,dinasdumpling.com
Penny Lick Ice Cream Company,pennylickicecream.com
Muniq,muniqlife.com
"Send Me Waffles, LLC",sendmewaffles.com
"Tochi Snacks, Inc.",tochisnacks.com
Sweet & Cute Sweets,sweetandcute.com
Joburg Kosher,joburgkosher.com
Organic SCA,organicsca.com
The Crunchy Baker,crunchybaker.com
Maestro Sausage Co.,maestrosausage.com
Edelweiss European Bakery,edelweissbakeryfl.com
Whole Kosher Services,wholekosher.com
Lovebirds Donuts,lovebirdsdonuts.com
The WOW Factor Cakes,charlotteweddingcakes.com
Beber Fresh Almondmilk,freshalmondmilk.com
Iris Delights Artisanal Chocolates,irisdelights.com
Cleveland Tofu,clevelandtofu.com
Ebrofrost Denmark A/S,ebrofrost.dk
Eurobake Bakery,eurobakebakery.com
Hudson Milk + Market,hudsonmilk.com
JT's Pizza,jtspizzacolumbus.com
Redz Restaurant NJ,redzrestaurant.com
TheFunnelCakeTruck,thefunnelcaketruck.com
Lucky Kitchen,luckykitchen.net
Certified Organic Direct,certifiedorganicdirect.com
GRBNGO,grbngo.com
Poor Devil Pepper Company,poordevilpepperco.com
Bon Appetit French Bakery and Cafe,bonappetitfrenchbakery.com
Nourishing Notes,nourishingnotes.com
Olmsted,olmstednyc.com
Team Kitchen,teamkitchen.co
Joto Sake,jotosake.com
The Peach Pelican,thepeachpelican.com
FLANCRANSTINS,flancranstins.com
Mid East Pasty Delight,mepdelight.com
"Noomi, LLC",noomibrand.com
NU Kitchen,thenukitchen.com
Recipe Fairy,recipefairy.com
Gold Source Labs,goldsourcelabs.com
Woogie Sauce,woogiesauce.com
DECODED Foods,decodedfoods.com
Milk Burger Inc.,milkburger.com
Foodies of New England,foodiesofnewengland.com
SOCIARICE,sors.pro
Treat Cupcake Bar,treatcupcakebar.com
Hannah's Bretzel,hannahsbretzel.com
"Double R Brand Foods, LLC",rrbrandfoods.com
Solo Merengues,solomerengues.com
Tweedle Pet Products LLC,tweedlepetproducts.com
Fresh Take Kitchen,freshtakekitchen.com
Brain Garden,braingarden.freeservers.com
Gnosis Chocolate,gnosischocolate.com
Square Eats,squareeats.com
Gaku Ramen,gakuramen.com
Art of the Table,artofthetable.net
Chic Sweets Fine Desserts,mychicsweets.com
"It's JUST Food, LLC",itsjustfoodllc.com
La Fondue,lafondue.com
Rimini Bakery,famousriminibakery.com
Carolina Food Service,carolinafoodservice.com
Hawaii Pantry,hawaiipantry.com
Gourmet Treats Inc,gourmet-treats.myshopify.com
Icing on the Cupcake,icingonthecupcake.com
"La Soupe, Inc.",lasoupe.org
Classic Cheesecakes & Cakes,classiccandc.com
