name,domain
"Atomic Vapor, LLC",atomicvaporco.com
Boombalatti’s Homemade Ice Cream,boombalattis.com
Cooking Good Inc,cookinggoodllc.com
Degollado Mexican Restaurant,degolladomexicanfood.com
Franklin County Farmers Market,franklincountyfarmersmarket.org
Honey’s Harvest,honeysharvest.com
Irene’s Cakes By Design,irenemaston.com
Little Miss Cupcape,littlemisscupcape.com
Little Veselka,veselka.com
Royalty Pet Foods,royaltypetfoods.com
Samwich Factory,samwichfactory.com
"TURNER HAM HOUSE, INC.",turnerhams.com
Calico Cheesecake Company,calicocheesecakes.com
Fudenjuce,fudenjuce.com
Kabob Oasis,freshkabob.com
Philadelphia IFT,philadelphiaift.org
Afrigenix,afrigenix.com
D’Tutanelli’s Pizza,dtspizza.com
Foggy Ridge Cider,foggyridgecider.com
"GALAXY TACO, INC.",galaxytaco.com
La Tiendita Chevron,latienditaproducts.com
Luke’s of Mundelein,lukesofmundelein.com
Lviv European Kitchen & Millie’s Italian Deli,lviveuropeankitchen.com
Mert’s Specialty Meats,mertsspecialtymeats.com
Prime Foods Market,primefoodsmarket.com
To Go Cafe,togocafe.net
"17 Berkshire, LLC",17berkshire.com
BeanBerry,beanberrycafe.com
BOHEMIAN KITCHEN LLC,bohemiankitchen.biz
Capt’n Nemo’s,capnemos.com
Cleverly Nourished,cleverlynourished.com
Golden Fig Fine Foods,goldenfig.com
Langlois Market,langloismarket.com
Pinkys Up GF Pizza Crust,pinkysupgfcrust.com
The Table Foundation,thetablefoundation.org
Cakeworld Bakery,cakeworldbakery.com
"FREDDY GUYS HAZELNUTS, LLC",freddyguys.com
Grampa’s Honey,grampashoney.com
Reggies Restaurant,reggieslive.com
SHANE CANDY CO,shaneconfectionery.com
Tabla Indian Chinese & Thai,tablacuisine.com
Chesapeake Popcorn Company,chesapeakepopcorn.biz
"Daphne's Simply Southern, LLC",daphnesbakery.com
"DEFAZIO'S, INC.",defazioswichita.com
Little China Kitchen,littlechinakitchen.com
Mezquite Pollo Express,mezquitepolloexpress.com
Pho 9 Vietnamese Kitchen,mypho9.com
Udupi Indian Veg & Vegan Cuisine,udupiaz.com
Willamette Wild Hare,thewildharesaloon.net
Acre Station Meat Farm,acrestationmeatfarm.com
Club Vapor,clubvaporecigs.com
Confectionism,confectionism.net
MALCOLM SICKELS MD P.C.,drsickels.com
Prime Butcher,primebutcher.com
Pup’s Kitchen,pupskitchen.webs.com
Bang.,eatatbang.com
Cookiedoodle,cookiedoodleshop.com
Donny’s Glidden Lodge,donnysgliddenlodge.com
DW’s Grill Mongolian BBQ,dwsgrill.com
Flo’s Hong Kong Food Market,flosrestaurants.com
Happy Hooves Organic Farm,betterbeef4u.com
Kohns Kosher Meat & Deli,kohnskosher.com
La Dolce Vita Courthouse Bakery,ladolcevitalancaster.com
Lee Lee International Supermarkets,leeleesupermarket.com
Mediterranean Bakery,mediterranean-bakery.com
Natures Purpose CBD,naturespurposecbd.com
Peter Pan Donut & Pastry Shop,peterpandonuts.com
Scrima’s Pizza,scrimaspizza.com
The Joyful Tree Placenta Encapsulation & More,thejoyfultree.com
A & C Pork Store,acporkstore.com
Camboni Italian Restaurant & Bar,cambonirestaurant.com
Chatham Sandwich Shop,chathamsandwich.com
Grove Brittle Works,grovesbrittleworks.com
JKB Cakes,jkbcakes.com
PANADERIA Y PASTELERIA LA IMPERIAL INC.,panaderiaypastelerialaimperial.com
Rhoyal Decadence,rhoyaldecadence.com
Spices and Curry cooking classes,spicesandcurrycookingclasses.com
Whisker Bones Supply,whiskerbones.com
Fro-Yo Frozen Yogurt & Treats,fro-yoandtreats.com
Island Edge Culinary,islandedgeculinary.com
Kosmos Peru,kosmosperu.com
MezeHub,mezehub.com
Alamo City Chocolate Factory,alamocitychocolatefactory.com
"D.LISH'S HAMBURGERS, INC.",dlishs.com
Davidson Pizza Company,davidsonpizza.com
Hoboken Burrito,hobokenburritos.com
Macaron Bar,macaron-bar.com
"MIYAGI RAMEN, LLC",miyagiramenbar.com
Olive Branch Bakery & Cafe,olivebranchwaco.com
Candy Cupboard,candycupboard.com
Chem-Dry of SE Iowa,chemdryofseia.com
ERIC'S ICE CREAM FACTORY LLC,ericsicecream.com
"Ethereal Cupcakes and Coffee Shoppe, LLC",etherealcupcakesandcoffeeshoppe.com
Lee’s Farmers Market,leesfarmersmarket.com
Marina Breeze,marinabreezeapts.com
"NELSON'S MEAT MARKET, INC.",nelsonsmeat.com
Nibs & Greens,nibsandgreens.com
NW Food & Gifts,nwfoodandgifts.com
Old Town Vapor Mill,oldtownvapormill.com
Sjolinds Chocolate House,sjolinds.com
Sushi Thai Fusion,sushithaifusion.com
The Curly Baker,thecurlybaker.com
Westside Chem-Dry,westsidechemdry.com
A Little Something Bakery,alittlesomethingbakery.com
Bodrum Mediterranean,bodrumnyc.com
Co Co Vietnamese Sandwiches & Pho,cocovietnamesesandwiches.com
Confetti Cupcakery,confetticupcakery.blogspot.com
"FRANK WARDYNSKI & SONS, INC",wardynski.com
Giggy Bites Inc,giggybites.com
Jazzy Cheesecakes,jazzycheesecakes.com
Lunada Eatery & Cantina,lunadaeatery.com
Scratch Baking,scratchbakingct.com
Sweet Natalie’s Gluten Free Bakery,sweetnataliesgeneva.com
Thai Classic III,thaiclassiconline.com
The Finery & Blacksmith Bar,thefineryrestaurant.com
Acacia Food Mart,acaciamart.com
City Sweets & Confections,citysweets.com
First Noodle Co,firstnoodleco.com
Indie Cakes & Pastries,indiecakes.com
"KEBABS TO GO, LLC",kebabstogo.com
Leyla World Frozen Yogurt,leylaworld.com
Onion Mountain Kitchen,onionmountaincatering.com
South Sound Vapor 2,southsoundvapor.com
Sugart Cakes,sugart-cakes.com
Tea Tree Asian Bistro,teatreeasianbistro.com
Westea,westeacafe.com
XMRE,xmremeals.com
Azar and Company,azarsausage.com
Cairo Restaurant & Cafe,cairooc.com
IFSM,ifsmla.com
Kessler Baking Studio,kesslerbakingstudio.com
"Poshed Divas, Perfectly Posh Independent Consultants",posheddivas.com
Red Ass Gourmet Spice,redassgourmetspiceco.com
Schreiner’s Fine Sausage,schreinerssausage.com
Tomdan Enterprises Inc,originaltommys.com
Baklava Couture,baklavacouture.com
The Drinking Buddy Shop,thedrinkingbuddyshop.com
Mangia Reale,mangiareale.com
Suwanee Creek Roasters,suwaneecreekroasters.com
Fit Bowl Co.,fitbowlco.com
STACKED! LLC,stacked-pancakes.com
Sunday Gravy NYC,sundaygravynyc.com
KleurPoeder BV,holicolourpowder.co.uk
From Roy,thisisfromroy.com
Raw Popsicles,rawpopsicles.com
Soul Bowls,soulbowlsnj.com
Patisserie Vanessa,patisserievanessa.com
Sweet Inspiration,sweetinspirationbakery.com
Souvlaki House Restaurant,thesouvlakihouse.com
West End Coffee Roasters,westendcoffee.com
Lchaim Foods,lchaimfoods.com
Claremont Spice & Dry Goods,claremontspice.com
Jaali Bean,jaalibean.com
Katy Kakes,kaitykakes.com
"THE ROME STORE, LLC",romegrocery.com
West Coast Sourdough,wcsourdough.com
Big Dog’s,uhungrybro.com
j.Dickey's Sauces,jdickeyssauces.com
Lighthouse Rum Cakes,lighthouserumcakes.com
The Dinner Shoppe,thedinnershoppe.com
Chaka's Mexican Restaurant LLC,chakasmexicanrestaurant.com
Electric City Roasting Co.,electriccityroasting.com
Fuse Frozen Co,fusefrozenco.com
Jasper Meats,jaspermeats.com
Sally's Apizza,sallysapizza.com
Seamar Delight Corp,seamardelight.com
Tasty Thai & Sushi,tastythaiandsushi.com
THE BAKESHOP ON 20TH LLC,bakeshopon20th.com
BAKERY ANDANTE LIMITED,bakeryandante.co.uk
Coletti’s Market,colettismarket.com
"Forage South Artisan Purveyors, LLC",foragesouth.com
"Smell That Bread, LLC",smellthatbreadbakery.com
Wally’s Deli,wallys-deli.com
Anantra Thai Restaurant,anantrathai.com
Dearborn Italian Bakery,dearbornitalianbakery.com
Fool's Gold BBQ,foolsgoldbbq.com
McKay's Markets,mckaysmarket.com
Measured Baking Co.,measuredbaking.com
OMG THC,omgthc.vegas
Another Beautiful Day Natural Foods,anotherbeautifulday.wordpress.com
"FAB CAKES, INC.",fabcakes.com
Ladurée USA,laduree.com
Lite Bite,litebite.com
Vinnie’s Pizzeria & Family Restaurant,vinniestrattoria.com
"Creative Confectionaire, Inc.",creativeconfectionaire.com
Drizzle Olive Oil & Vinegar Tasting Room,drizzletastingroom.com
Federal Meats,federalmeats.com
Fond: Lunch and Deli,fondlunchdeli.com
"Knox Dough, LLC",knoxdough.com
mamagyro,mamagyro.com
MILOHAS,milohaspastries.com
O'live,olivebarsoap.com
Tucci’s Southside Subs,southsidesubsaustin.com
"Cakes, Elevated - Colorado Wedding and Celebration Cakes",cakeselevated.com
Cheesy Eddie's Bakery,cheesyeddies.com
Country Hen,countryhen.com
Farmhaus Cider Co.,farmhauscider.com
House O' Soul,houseosoul.info
"KATHY'S PIES, INC",kathyspies.com
Lucila Cakes,lucilacakesmiami.com
Mouthfeel Culinary Co.,mouthfeelculinaryco.com
The Honey Jar,thehoneyjarhome.com
Bake Code,bakecode.us
INSPIRED TASTES LLC,inspiredtastes.com
Lucy’s Sweet Surrender,lucyssweetsurrender.com
Relish Market LLC,relishmarket.com
Vineyard 2121,vineyard2121.com
China Sky / China #1,china1houston.com
Country Wagon Produce,countrywagon1.com
Ralph's Red Apple Market,ralphsredapple.com
Sweet Thyme Bakery,sweetthymebakery.com
Tom’s Red Pepper,tomsredpepper.com
Trattoria Stefano,trattoriastefano.com
Blue Sheep Dessert Boutique,bluesheepbakeshop.myshopify.com
Huong Lan Sandwich,huonglanfresno.com
Mitch’s Meats & Fish,mitchsmeats.com
Nancy’s Fancies,nancysfanciescakes.com
SANG KEE NOODLE HOUSE LLC,sangkeenoodlehouse.com
The Butcher Shop - S & S,ssproduce.com
York City Pretzel Company,yorkcitypretzelcompany.com
"ALL IN OUR FAMILY FOODS, INC.",allinourfamilyfoods.com
Benny Palmetto's,bennypalmettos.com
"Cori’s Kitchen, Inc.",coriskitchen.com
For Heavens Cake,forheavenscake.org
KP’s Kettle Corn & Concession,kettlecornny.com
La Sorpresa Barata Market,asianmarketescondido.com
Lotsa Mozza,lotsamozza.com
Maria’s Mom’s,mariasmoms.com
Snackrilege,snackrilege.com
Truly Teas,trulyteas.com
"FOR DOG'S SAKE, INC.",fordogsake.com
Simply Sweet Shop,simplysweetshopnola.com
The Greek Oven Maui,thegreekovenathens.com
West End Confection Co,westendconfectionco.com
"Inglenook Pantry, Inc.",inglenookpantry.com
Pappas Burger,pappasburger.com
Royal Kitchen Inc,royalkitchensinc.com
Taco Burrito King,tacoburritoking.com
Triangle Dist,triangledist.com
Azucar Bakery Inc,azucarbakery.com
"BAILEY'S NATURALS, LLC",baileysnaturals.com
Bon Choix,lebonchoixbakery.com.au
FOX ISLAND BAKERY,foxislandbakery.com
"Les Boulangers Associés, Inc (LBA)",lba-inc.com
Green Pea Cookie,greenpeacookie.com
ABC Donuts,abcdonuts.com
Carrot Cake Lady,carrotcakelady.com
Michael Cutler Co.,michaelcutlerco.com
Cassidy’s Corner Cafe,cassidyscornercafe.com
Gourmet Goodies Bake Shop,ggcupcake.com
Leaning Ladder Olive Oil,leaningladderoliveoil.com
Marbled Meat Shop,marbledmeatshop.com
Masis Bakery,masisbakery.com
Sonya V Gluten Free,sonyavglutenfree.com
Rising Phoenix Pizzeria,risingphoenixpizza.com
Big K Food Market,bigbearhealthfood.com
Osaka Ramen LLC,osakaramendenver.com
ST. PAUL SWITCHEL,stpaulswitchel.com
"Sweet Pete's Pure Simple Sweets, LLC",sweetpetescandy.com
Dale’s Food Pride,dalesfoodpride.com
FARM MAID SOAP LLC,farmmaidsoap.com
"Foodservice Solutions, Inc.",fsimidwest.com
Francela,francela.com
Heat Hot Sauce Shop,heathotsauce.com
Holliday Sweets,hollidaysweets.com
I Monelli Trattoria Pizzeria,imonelli.info
Purple Martin Cafe,purplemartincafe.com
The Supper Truck,ilovesupper.com
"di Piazza Gemelli, LLC",gemellihome.com
Joseph's Grainery,josephsgrainery.com
Mariposa Food Co-op,mariposa.coop
Scordato Bakery Inc,scordatobakery.com
The Beehive Cafe,thebeehivecafe.com
The Waffle Affair,thewaffleaffair.com
Aardvark Pets,aardvarkpets.com
AJISEN RAMEN (NORTH AMERICA) INC.,ajisencalifornia.com
"Anna's Gourmet Banana Nut Bread, Inc.",annasgourmetbnb.com
Baked Blessings,bakedblessingsbylisa.com
Cody Coffee Roaster,codycoffee.com
MALCO'S BUXTON MEATS LLC,malcosbuxtonmeats.com
My Chef Meals,mychefmeals.com
Yaya’s Cakes,yayascakesny.com
Debra’s Foods,debrasfoods.com
Drew’s Market,drewsmarket.com
Everything Bagel,everythingbagelstaugustine.com
Mama Gizzi Pasta,mamagizzipasta.com
Pakpao Thai Food,pakpaothai.com
Pizza Track,pizzatrack.net
Aztec Mexican Foods,aztecmexican.com.au
Bree’s Sweet Treats,treatsbybree.com
Farm & Culture Co.,farmandculture.com
Farmstead Meatsmith,farmsteadmeatsmith.com
Isaura Bakery,ibglutenfree.com
The Surfing Crab,thesurfingcrab.com
Food for My Family,foodformyfamily.com
Bob’s Processing,bobsmeat.com
Gregory’s Deli,gregorysdeli.com
K & L Delicatessen,kldeli.com
Lake Placid Chocolatier,lakeplacidchocolatier.com
M & M VITAMINS LLC,mandmvitamins.com
Arrowhead Beef LLC,arrowheadbeef.com
FreshBev - A Private Label Company,freshbevco.com
Lutunji's Palate,lutunjispalate.com
MTD Enterprises Corp,mtd-corp.com
Caffrey’s Deli & Subs,caffreysmpls.com
Oh So Cheesy USA,ohsocheesy.com
Piccolo Italian Market & Deli,piccolomarket.com
Something Sweet Bakery,somethingsweetgalt.com
brazibeans,brazibeans.com
Primas Mexican Grill,primasmexicangrill.com
HomeSmart Realty,temeculaoliveoil.com
Wenning Foods,wenningfoods.com
Duke’s Naturals,dukesnaturals.com
Ultimately Sweet Desserts,ultimatelysweetdesserts.com
Bien Caribbean Latino,bienkeywest.com
CASTOR AVE MARKET LLC,supremofoods.com
Envoy Fresh,envoyfresh.com
"Farmer Direct Foods, LLC",farmerdirectfoods.com
"Food Service Systems, LLC",foodservicesystems.com
"Difonzo Bakery, Inc.",difonzobakery.com
GRIA Food Co.,griafoodco.com
AJ Coffee Company,ajcoffeeco.com
Ali's Sweet Treats,alissweettreats.com
Keto Queen Kreations,ketoqueenkreations.com
The Wacky Cookie Company,wackycookies.com
Corned Beef House,cornedbeefhouse.com
Green Street Natural Foods,greenstreetnaturalfood.com
GreenIsland Bakery,greenislandbakery.com
TruFlavor Seasonings,truflavorseasonings.com
Wolfies of Warwick,wolfiesofwarwick.com
A-1 Imported Groceries,a1groceriesanddeli.com
"AMERICA'S FOODS, INC.",americasfoodsinc.com
Damascus Grill,damascusgrill.com
Greek International Food Market,madfeta.com
Maple Leaf Coffee Roasters,mapleleafroasters.com
Ooh LaLa Cups,oohlalacups.com
Sun Coast Naturals,suncoastnaturals.com
BEEF JERKY STORE THE,beefjerkystore.com
Cafe USA,cafeusa.org
Connie's Bakery,conniesbakery.com
Goldstein’s Bagel Bakery,goldsteinsbagelbakery.com
Hogan’s Goat Pizza,hogansgoatpizza.com
Hula Hawaiian Shave Ice,hulahawaiianshaveice.com
Kernel Poppers,kernelpoppers.net
Mesa Frozen Yogurt,mesafrozenyogurt.com
Schuman’s Meats,schumansmeats.com
T PAULS URBAN CAFE,tpaulsurbancafe.com
The Santa Fe Granola Company,santafegranola.com
A Cut Above Deli,acutabovedeli.com
Bhanu Indian Grocery & Cuisine,mybhanu.com
Great Lakes Bee Co.,thegreatlakesbeecompany.com
InterGourmandise,intergourmandise.co.uk
Sushi Joa-Kirkland,sushijoa.com
The Shrimp Shack,shrimpshack.us
The Warren Farm & Sugarhouse,thewarrenfarm.com
Tin Man Sweets,tinmansweets.com
Trindy Gourmet,trindygourmet.com
Zanzis,zanzis.com
Muhanna Sweets,muhannasweets.com
Sommers Market,rgroceryoutlet.com
The Whole Grain Bakeshop,wholegrainbakeshop.com
Verve Taco-Scratch Mexican Kitchen,vervetaco.com
Solnce Yuga LLC,solnceyuga.ru
Dutch Country Chicken,northpointfleamarket.com
Flavor Juicery,flavorjuicery.com
Great Basin Community Food Co-op,greatbasinfood.coop
HAPPLE GOURMET FOODS L.L.C.,happlegourmet.com
Kondiment Kings,kondimentkings.com
Walts Jerky,waltsjerky.com
Big Tree Maple,bigtreemaple.com
"Bleu Fox Specialties, LLC",bleufoxcheeseshop.com
Cakes By Chriz,cakesbychriz.com
Chicco Baccello,chiccobaccello.com
Famo’s Subs & Salads,famossubs.com
Hanabi Japanese Cuisine,hanabimn.com
Honu Hawaiian BBQ,honuhawaiianbbq.com
Paradox Pizza,paradoxpizza.com
"RC Food Service & Produce, Inc.",rcfoodserviceandproduce.com
Sip Therapy,getsiptherapy.com
Thomas German Bakery,germanbakeryflorida.com
Emilio’s Brick Oven Gourmet Pizza,emiliossterling.com
Essen Bakery,essenbakery.com
Global Gourmet Markets LLC,globalgourmetmarkets.com
Lemon Tree Frozen Yogurt,lemontreefrozenyogurt.com
LUX Pizza,luxpizza.com
Mt Plymouth IGA,550.retailer.iga.com
Pirate Paws Barkery,piratepawsbarkery.com
Sugar Grove Ham,sugargroveham.com
Chick P,chick-p.com
Euro Deli and Market,eurodeliandmarket.com
Groceryland,grocerylandfoods.com
Ekacos Foods,ekacosfoods.com
Simple Simon Bakery,simplesimonbakery.com
Son of Egg,sonofegg.com
The Olive Oil Tap Room,theoliveoiltaproom.com
Vervacious,vervacious.com
Blue Nile Botanicals,bluenilebotanicals.com
Half Moon Bay Salt Water Taffy Company,halfmoonbaytaffy.com
JX Ranch Natural Beef,leannaturalbeef.com
Nancy’s Candy & Spice,nancyscandynspice.com
Pitbull Vape Juice,pitbullvapejuice.com
Cassidy’s Cakes,aikencakes.com
Classic Golden Pecans,classicgoldenpecans.com
Gypsy Circus Cider Company LLC,gypsycircuscider.com
Thai Town Cuisine,thaitowncuisine.com
Washington Street Ale House,wsalehouse.com
Forage Foods,foragefoodsco.com
Marsha's Maple House,marshasmaplehouse.com
THE DOUGH-NUT LLC,thedoughnutoregon.com
Wonderland Bakery,wonderlandbakery.com
BBQ Pellets Online,bbqpelletsonline.com
DeBrito Chocolate Factory,debritochocolate.com
Grecian Delight,greciandelightmiddletown.com
MeadKrieger Meadery LLC,meadkrieger.com
Sake Service Institute Inc,blog.umamimart.com
Sutter Meats,suttermeats.com
Ashker’s Juice Bar and Cafe,ashkersbuffalo.com
"Candy Kitchen Shoppes, Inc.",candykitchen.com
Choose Copi,choosecopi.com
Indu Convenient Store,indugrocery.com
Posti’s Pizza,postispizza.com
"BADBOYBURRITO, INC.",badboyburritokeywest.com
Byen Bakeri,byenbakeri.com
Diana’s Heavenly Cupcakes,dianasheavenlycupcakes.com
Loveland Foods,lovelandchocolate.com
"MINGLEMENT, INC",minglement.com
Portland Farmers Market,portlandfarmersmarket.org
Smugtown Mushrooms,smugtownmushrooms.com
TAP Buns and Bowls,theasianproject.com
Texas Moon Gourmet Toffee,txmoon.com
Cherish Every Bite,cherisheverybite.com
Delucchi’s Market,delucchismarket.com
Eventide Oyster Co.,eventideoysterco.com
Green Harvest Food Emporium,greenharvestfood.com
Louisiana Fig and Fruitcakes,louisianafigandfruitcakes.com
Star Big Bazaar,starbigbazaar.com
Water Park Cafe,waterparkcafedc.weebly.com
"Core Botanica Processors, LLC",corebotanica.com
Homemade Ice Cream & Pie Kitchen,piekitchen.com
Lyndell’s Bakery,lyndells.com
Patisserie Florentine Boutique,patisserieflorentine.com
Rakadeka Fresh Thai Kitchen,rakadeka.com
Sanook Soi 38,sanooksoi38.com
Truly Wize Gluten-Free Bakery,trulywize.com
Bon Appétit Box,bonappetitbox.com
Falafelle,falafelle.com
Luk & Bart Homemade Food,lbpierogi.com
bento.zone (Bento Smart Cuisine),bento.zone
Go Pet Go,gopetgokc.com
JavaCycle,javacycle.com
Lakes Region Cupcakes,lakesregioncupcakes.com
Oh Fudge Store,ohfudgestore.com
Pizzafest,pizzacraft.com
Siam Hibachi,siamhibachi.com
Sweet Life Enterprises,sweetlifeinc.com
Wolfies Roasted Nut Company,wolfiesnuts.com
Arbor Farms,arborfarms.com
Big Bunny Market Inc,bigbunnymarket.com
Highlands Seafood,highlandfish.com
John Fazio Farms,johnfaziofarms.com
Maemax Market LLC,maemaxmarket.com
BUNS Burger Shop,bunsburgershop.com
Cookies & More Ice Cream Parlor,icookiesandmore.com
Dough New York Style Bakery,doughnc.com
Kohler’s Bakery,kohlersbakery.com
MR EATZ,mreatz.com
Paleo Kits,paleokits.org
Piper’s Mighty Good Pizza,pipersmgpizza.com
Quartino Bottega Organica,quartino.com
Queen City Cupcakes,qccupcakes.com
Royal Garden Chinese Restaurant,royalgardenchinese.com
Shaanxi Gourmet,shaanxigourmet.com
Two Salty Dogs Pet Outfitters,twosaltydogs.net
Valley Meal Prep,valleymp.com
White Mountain Cupcakery,wmcupcakery.com
La Spiga,laspiga.com
"ZEBRA HOUSE COFFEE, LLC",zebrahousecoffee.com
Italianni's International,italiannis.com
Bistro Nouveau,bistronouveau.com
Lucy & Leo's Cupcakery,lucyandleoscupcakery.com
Ashland Baking Co,ashlandbakingco.com
Burger Street,burgerstreet.com
Famous Kabob,famouskabob.com
Hometown Marketplace,hometownmarketplace.org
Logan Sausage Company,logansausage.com
NEW WORLD FOODS (EUROPE) LIMITED,kingselitesnacks.co.uk
Riverside Pizzeria,riversidepizzeria.net
Emerald Sky Edibles,emeraldskyedibles.com
Flour Power Custom Cakery,flourpower.com
Servimundo International Corp,servimundointernational.com
Cedro Alto - Coffee Farmers Collective,cedroaltocoffee.com
Just Kosher,justkosher.co.uk
Little Saigon Cafe,littlesaigoncafe.com
LOR Farms,lorfarms.com
Maddie Cakes,maddiecakespa.com
Oregon Mushrooms,oregonmushrooms.com
The Wrap Shack & Pizzeria,thewrapshack.net
Chianti Reserve,chiantireserve.com
Daddy O’s Green Onion,daddyosgreenonion.com
Liquid Bread Gastropub,liquidbreadcampbell.com
Mountain Man - Northglenn Market Place (104th & I-25) We are North of Office Depot,mtnmannorthglenn.com
SweetHearts Bakery,sweetheartsbakery.com
Tiny's Coffee,tinys.coffee
Adams Rib,adamsribco.com
BUTCHER & THE BAKER LLC THE,butcherbakerseattle.com
East Aurora Cooperative Market,eastaurora.coop
Chris Cakes Northwest,chriscakesnorthwest.com
Close to Home Pasta Company,closetohomepasta.com
Mangalitsa Estates,mangalitsaestates.com
Michi Tacos,michitacos.com
Portland Lobster Co,portlandlobstercompany.com
Taste & Technique Cooking Studio,tasteandtechnique.com
V V Foods,vvfoods.com
3D Bakery,3dbakery.com
"Applewood Farms International, Inc.",applewoodfarms.com
Baked Cup Company,bakedcup.com
Fish Stuff,yourfishstuff.com
FARM STEW,farmstew.org
Back 40 Kitchen,back40kitchen.com
Barrister’s Bagels,barristersbagels.com
Enchanted Wedding Cakes,enchantedweddingcakes.com
Lumineux Chocolate,lumineuxchocolate.com
Tina’s Yummies Bakery,tinasyummies.com
"Tuck-ins Foods, LLC",tuck-ins.com
1318 BRAUHAUS INC,bruphilly.com
Auryn Thai Cuisine,aurynthaicuisine.com
Best Bite First,bestbitefirst.com
Bonapita,bonapita.com
Catoctin Mountain Orchard,catoctinmountainorchard.com
Coney I Lander,coneyi-lander.com
Greenfields Bagels and Deli,greenfieldsbagelsanddeli.com
Legally Sauced,legallysauced.com
Robinson Fresh,robinsonfresh.com
La Playita,laplayitacafe.com
Mikka Group,mikagroupbd.com
Pepacton Natural Foods,pepactonnaturalfoods.com
Village Juice Co. Charlotte,villagejuiceclt.com
Bawarchi Indian Cuisine,bawarchiindian.com
Black Sheep Burgers | Shakes,blaaacksheep.com
Hillside Lane Farm,hillsidelane.com
San Marco Bakery,sanmarcocakes.com
Station Donuts,stationdonuts.com
No Glutes About It,noglutesaboutit.com
Whitefeather  Meats,whitefeathermeats.com
Andy’s Flour Power Cafe & Bakery,andysflourpower.com
Boon Thai Kitchen,boonthaikitchen.com
Celebration Cup,celebrationcup.com
Fresh Side,fresh-sides.com
Leroy Meats Of Horicon Inc,leroymeats.com
"Anmar Foods, Inc.",anmarfoods.com
Chaat Cafe,chaatcafes.com
GLOBAL HOOKAH DISTRIBUTORS INCORPORATED,southsmoke.com
Goldn Plump Poultry Inc,goldnplump.com
Groovy Donuts,groovydonuts.com
Illusions Food Co,illusionsfoodcompany.com
Lavande Farm,lavandefarm.com
Michael Meats,michaels-meats.com
"THE BAKER'S MARK, LLC",thebakersmark.com
Artisan Bistro & Bar,artisancoffeebistro.com
Gold Stone Mill,goldstonemill.com
"SABABA MEDITERRANEAN CUISINE, INC",sababacuisine.com
Sunflower Farm Creamery,sunflowerfarm.info
The Salted Tomato,the-salted-tomato.com
Sprout Localvore Restaurant and Bar,sproutrva.com
Birdie's Pimento Cheese,birdiespimentocheese.com
Expedition Joe Coffee Company,expeditionjoecoffee.com
Food Innovation MT,foodinnovationmt.com
Frost It Cakery,frostitcakery.com
Gingerspice,gsbakery.com
Good Times Solo Mio Pizzeria,goodtimespizzeria.com
"It's a Win-Win Catering, LLC",itsawinwincatering.com
Nourished Folks,nourishedfolks.com
Biker Jim’s Gourmet Dogs,bikerjimsdogs.com
Fabulous Freddies,freddieson31st.com
Foodsmith Harvey West,myfoodsmith.com
Anjon's Gourmet Sauces LLC,anjonsthesauce.com
Rocky Mount Health Foods,remedythisnaturally.com
Sweet Pea Cuisine,sweetpeacuisine.com
Sweethearth Bakeshop,sweethearthbakeshop.com
Tin Roof Bakery,tinroofbakeryandcafe.com
Albert Matthews,albertmatthews.com
City Bee Company,citybeecompany.com
Cloverleaf Pizza,cloverleaf-pizza.com
Euro Wine Bar,eurowinebar.com
Radish & Rye Food Hub,radishandryefood.com
Sassool,sassool.com
"THE KANSAS CITY BBQ STORE, LLC",thekansascitybbqstore.com
The Upper Crust Pie Bakery,uppercrustpiebakery.com
Andrej’s Eurapeon Pastry,poticawalnut.com
Fritzs Bakery Inc,fritzsbakery.com
Horizon Speciality Market,horizonmarket.com
Victoria Bakery & Café,victoriabakerymarin.com
Fusion Sushi,fusionsushi.com
Live Smart Company,ketobites.com
Naked Chocolate,nkdchocolate.com
Yitto Paws,yittopaws.com
YUMMY SMILE CORPORATION,okanus.com
Casa Linda Bakery,casalindasbakery.com
Casse-Croûte Bakery,c-cbakery.com
Hot Cookie,hotcookie.com
incrediBEAN,incredibean.com
Marx Bagels,marxbagels.com
Red Lake Nation Foods,redlakenationfoods.com
"S. A. MILLIGAN COMPANY, INC.",samilligan.com
Acorn Acres Farm,acornacresfarm.com
Bread & Cie Wholesale LLC,breadandcie.com
Fernando’s,margaritaandpeppers.com
Itani Ramen,itaniramen.com
MANN'S CHINESE CUISINE INC.,mannschinesecuisine.com
Mezcalito’s Cantina,mezcalitoscantina.com
Babe’s Hot Dogs,babeshotdogs.com
Sam’s-Leon Mexican Supplies,samsleon.com
AARON BELL,tidemillorganicfarm.com
Bagel Talk Old Bridge,bageltalkob.com
Chanterelle To Go,chanterelletogo.com
Collierville Farmers Market,colliervillefarmersmarket.org
Now Thats Killer Jerky,nowthatskillerjerky.com
Oscar’s Deli & Grill,oscarsdelionline.com
SQUARE MEAL MARKET,squaremealmarketmealkits.com
SoDelicious HomeMade Bakery,sodelicioushomemade.com
Spring Garden Bakery & Coffee,springgardenbakery.com
"SUNNY'S LEGENDARY FROZEN YOGURT, LLC",sunnysfrozenyogurt.com
Buttercream Cupcakes & Coffee,buttercreamcupcakes.com
Immm Rice and Beyond,immmchicago.com
Jessicas Best,jessicasbest.com
Nostrano Vineyards,nostranovineyards.com
"NOURISHED BY NATURE, LLC",nourishedbynature.us
The Olive Oil Pantry #2,ourolivepantry.com
"CASCADE FRESH, INC.",cascadefresh.com
Clearwaters Distinctive Gifts,jonesfarminc.com
Jean’s Cottage Inn,jeanscottageinn.com
Luca Chef Services,verdleaf.com
Pizza Cucinova,cucinova.com
Shake Foundation,shakefoundation.com
Austin Cake Lady,austincakelady.com
Cafe SiTALY,cafesitaly.com
Cake Cupcakery,cakebydistinctivedetails.blogspot.com
Foxhollow Farm,foxhollow.com
Ledgers Deli,legersdeli.com
MILAGROS CAFE LLC,milagroscafe.com
Brooklyn Baby Cakes,brooklynbabycakes.com
Salem Spice,salemspice.com
Sunflower Caffe,sonomasunflower.com
The Soup King / Bagelocity,soupkingbagelocity.com
Euro Bake Inc,eurobake.com
Farmstead Farmers Market,farmsteadmarket.com
GO POPCORN,letsgopopcorn.com
Javi’s Modesto Mexican Restaurant,javismexicanrestaurant.com
MooJesus! Dairy,moojesus.com
Nightingale’s Pantry,nightingalespantry.com
P3 Artisan Pasta,p3pasta.com
Real Usha Sweets & Snacks,realusha.com
Robyn’s Sweet Boutique,robynssweetboutique.com
Slender Wave Cavi Lipo Ultrasound,slenderwave.com
Sub Shop West Eugene,subshopwesteugene.com
Canton Junction Deli,junctiondeli.com
CUPCAKES BAKERY AND DELI LLC,cupcakes-too.com
"Dimare's Pastry Shop & Cafe, LLC",dimarepastry.com
Kings Pizza Restaurant,kingspizzarestaurant.com
Mad Goat Coffee,madgoatcoffee.com
Screaming Tuna,screamingtuna.com
Tee’s Cakes & Pastries,teescakesandpastries.com
The Hills Market,market-columbus.com
8 Arms Community Bakery,8armsbakery.com
Bandon Baking Co & Deli,bandonbakingco.com
Bessie’s Farm Goods,bessiesfarmgoods.com
"CHELLES MACARONS, LLC",chellesmacarons.com
Chicago Kernel,chicagokernel.com
"Georges Brand Meats, LLC",georgesbrandmeats.com
Italian Market Spice Co Inc,italianmarketspiceco.com
Pakse Cafe,paksecafe.com
Straits Market,straitsmarket.com
Blue Eyes: A Steak And Seafood Joint,blueeyesrestaurant.com
Chandler’s Sugar Shack,chandlerssugarshack.com
Peekytoe Provisions,peekytoeprovisions.com
"Smokey Mountain Feed and Pet Supply, LLC",smokeymtnfeed.com
Sosta Café,sostacafe.com
Stack’d Burgers & Beer,stackdoakland.com
"Stahmanns, Inc.",stahmanns.com
A Taste of BURMA INC.,tasteofburma.com
Depoe Baykery,depoebaykery.com
Kodama Koi Farm,kodamakoifarm.com
Las Cazuelas Mexican & Seafood Restaurant,lascazuelasaz.com
Schmalz’s European Provision,schmalzs.com
Seven’s Turkish Grill,seventurkishgrill.com
STELLAR POPS LLC,stellarpop.com
Sweets Treats & Eats,sweetstreatsneats.com
Vic’s Subs,vicssubs.com
505 Southwestern,505southwestern.com
BBQ ON THE BRAZOS LLC,bbqonthebrazoscressontx.com
Cajun Pecan House,cajunpecanhouse.com
Northland Organic Foods Corp. (NOFC),northlandorganic.com
Patty's Cakes and Desserts,pattys-cakes.com
Mert’s Cakes by Virginia Rankin,mertscakes.com
Tinder Hearth,tinderhearth.com
VG Donuts & Bakery,vgbakery.com
Wehrloom Honey,wehrloom.com
Bal Harbour Gourmet Market,balharbourgourmet.com
CHILITOS EXPRESS LLC,chilitosexpress.com
Frazzberry Frozen Yogurt,frazzberry.com
Maui Cakes,mauicakes.com
Nora’s Kabob,noraskabob.com
The Cupcakory,cupcakory.com
Crepes Tea House,crepesteahouse.com
Evviva Cucina,evvivacucina.com
Market Square Bakehouse,marketsquarebakehouse.com
OPA! Mezze Grill,opamezzegrill.com
Big City Market,bigcitymarket.com
Bolyard’s Meat and Provisions,bolyardsmeat.com
Colao’s Ristorante,colaos.com
Cook’s Cake Decorating & Candy Supplies,cookscakeandcandy.com
French Kiss Pastries,fkpastries.com
Kwality Indian Foods & Fashions,kwality.biz
La Abuela,laabuelamexicanrestaurant.com
Scenario Internatl,organic-gourmet.com
Shoop’s European Deli,shoopsdeli.com
The Bavarian Nut Company,bavariannut.com
Truck Pizza,truckpizza.net
Chubby's Cheesesteaks,chubbyscheesesteaks.com
Hosmer Mountain,hosmersoda.com
Jagielkys Homemade Candi,jagielkyscandy.com
Kim’s Cottage Confections,kimscottageconfections.com
California Gold Olive Oil Co.,californiagoldoliveoil.com
AVON BAKERY & DELI INC.,avonbakerydeli.com
Brew Coffee and Beer,brewcoffeeandbeer.com
Christ Orchards,christorchardonline.com
Fire & Spice Food Truck,firespicefoodtruck.com
Lefty’s Main Street Grille,leftysgrille.com
M CIBRONE & SONS INC,cibronebakery.com
OREGON BRINEWORKS LLC,oregonbrineworks.com
Sugar Pine Cakery,sugarpinecakery.com
The Ramen Rater,theramenrater.com
The Wild Burrito,thewildburrito.net
Truck Farm,sweethots.com
Eat Well Kitchen,eatwellkitchenmhd.com
H.S. Chocolate Co.,hschocolateco.com
K9 Kibble,k9kibble.net
Sauté and Sip,sauteandsip-buda.com
Una Bella Salute,unabellasalute.com
A&S Pork Store & Fine Foods,asfinefoodsjv.com
Bay34th St Pizzeria,bay34th.com
Canton Village,cantonvillage.com
Ethel’s Chocolate Lounge,ethelschocolate.com
Jimmy’s Red Hots,jimmysredhots.com
"MARYS KITCHEN PORT, INC",maryskitchenport.com
Mediterranean Imports & Deli,medimportsokc.com
Mike O’Shay’s Restaurant & Ale House,mikeoshays.com
North Crossing Foods,northcrossingfoods.org
Pomme Bébé,pommebebe.com
Sushi Katsuei,sushikatsuei.com
Bedford Bakery,bedfordbakery.com
Fiamma Burger,fiammaburger.com
Miss M’s Sweets,missmssweets.com
Pueblita Mexican Restaurant,pueblitamexicanrestaurant.com
Slurping Turtle,slurpingturtle.com
Smallcakes Tyler,smallcakestyler.com
SZ Ranch,szranch.com
Bengali Sweet Shop,bengalisweetshicksville.com
Bruno Pepper Company,brunosmarketplace.com
CHUNG PRISCILLA,moonbabycakes.com
Keoki’s Paradise,keokisparadise.com
My Three Sons Bagel Cafe,mythreesonsbagelcafe.com
Periwinkle’s Bakery,periwinklesbakery.com
Poornanand Foods,poornanand.com
Sam’s Butcher Shop,samsbutchershop.com
Smak-Tak Restaurant,smaktak.com
The Artistic Bean,theartisticbean.com
"2 Gringos Chupacabra, LLC",2gringoschupacabra.com
Alchemy Creamery,alchemycreamery.com
Barb’s Cakery,barbscakery.com
Chicago Street Deli & Catering,chicagostreetdeli.com
Dedicated Gluten Free,dedicatedgf.com
Four Birds Bakery,4birdsbakery.com
Khalsa Sweet House,khalsasweethouse.com
Lox & Egg Bread,loxnegg.com
Manousheh,manousheh.com
Martin’s Pretzel Bakery,martinspretzelspa.com
Mary’s Mediterranean Cafe and Grill,marysmediterranean.com
Myzel Chocolates,myzels.com
NOODLES ASIAN BISTRO INC,noodlesasianbistrotn.com
UNCLE WILLIES PIES LLC,unclewilliespies.com
"COONS CANDY, LTD.",coonscandy.com
Evoo & Vin,evooandvin.com
Harpoon Larry’s Fish House & Oyster Bar,harpoonlarrys.com
Manny’s Sicilia Pizza,mannyssiciliapalmyra.com
Pat's Granola,patsgranola.com
Pretty Please Bakeshop,prettypleasesf.com
Spice Thai Kitchen and Bar,spicethaivacaville.com
Tai Thai,taithainewyork.com
CDXX LLC,cdxx.co
Florida Sweets & Co,floridasweetsco.com
Karen Rodkey Cakes,karenrodkeycakes.com
MARISCOS SOL Y MAR #2,mariscossolymar2.com
NAKED DOG BISTRO INC.,nakeddogbistro.com
Official Yelp Event: Sugar Twist Bakery & Cafe,sugartwistbakery.com
Triangle Urban Farm,tufproduce.com
Turquoise Trail Bakery,turquoisetrailbakery.com
Al Horno Lean Mexican Kitchen,alhornokitchen.com
Grilliant Foods,grilliantfoods.com
Heavenly Health Cafe,heavenlyhealthcafe.com
Heritage Chem-Dry,heritagechemdry.com
Hunan Village Restaurant,hunanvillagepetaluma.com
La Nouba Inc,lanouba.be
Sweet Obsessions Cafe,1sweetobsession.com
The Crushed Olive,thecrushedolive.com
The Honey Exchange,thehoneyexchange.com
The Refectory Cafe,therefectorycafe.com
Tom Bailey's Market,tombaileysmarket.com
codoil.co.nz,codoil.co.nz
Dolce Bistro & Bakery,dolcebistroandbakery.com
Fort Pierce Farmer's Market,fortpiercefarmersmarket.com
Haruko Japanese Fusion,harukomiami.com
Paper Lantern Asian Grill & Sushi,paper-lantern.com
Plant Theory,plant-theory.com
TODD TEMPLE & VERONICA VASQUEZ,vasquezcoffee.com
West Shore Market,westshoremarket.com
Yuzu-Patisserie,yuzubycynthia.com
An Loi,anloirestaurant.com
Carrboro Farmers’ Market,carrborofarmersmarket.com
LoLo Juice,lolojuicebreck.com
New England Chocolate Company,newenglandchocolatecompany.com
Apple-Butter Bakery & Custom Cake Shoppe,applebutterbakery.com
El Paso’s Bakery,elpasosbakery.com
Essentia5 LLC,essentia5.com
Jay’s Deli and Market,jaysdeli.net
Navaratna Vegetarian Indian,navaratnact.com
"SWEET LIFE CAKERY, L.L.C.",sweetlifecakery.com
"THE VIRGIN OLIVE OILER, LLC",thevirginoliveoiler.com
Twisted Pastry,twistedpastry.com
American Burrito,americanburrito.com
Delicious Beef Jerky,deliciousbeefjerky.com
Door County Candy,doorcountycandy.com
Macaron Tart,macarontart.com
"Albert E Lees, Inc.",leesmarket.com
Benessere Olive Oils and Balsamic Vinegars,benessereoil.com
Main Market Co-op,mainmarket.coop
NATURE'S PRESENCE LLC,naturespresenceboerne.com
Steepers Only,steepersonly.com
Asgard Raw Dog Food,asgard-raw.com
Blue Dot Donuts,bluedotdonuts.com
Cakes by the Sea,cakesbythesea.com
Caramba Fresh Mexican Food,carambamex.com
"CLEAR CREEK ORCHARD, INC.",clearcreekorchard.com
Cryer Creek Kitchens,cryercreek.com
Eccentric International Chefs,eccentricinternationalchefs.com
Gutch’s Bar & Grill,gutchspizza.com
Johnny Grits,johnnygrits.com
Monahan's Seafood,monahansseafood.com
Occasions By Cintron,occasionsbycintron.com
Parker Farms Natural Meats,parkerfarmsmeats.com
"RONALD COHN, INC. DBA SPROUTS FARMERS MARKET",sproutscv.com
Tiffany’s Bakery,tiffanysbakery.com
Wayward Gourmet,waywardgourmet.com
York Buffet,buffetyorkpa.com
"Lombardi Bakery Service, Inc. dba Bean Counter Bakery Café",beancounterbakery.com
Divine Chocolate of Cape Neddick,divinechocolate.net
Kean Coffee,keancoffee.com
Pioneer Bakery & Coffee Shop,thepioneerbakery.com
Stripchezze Food Truck,stripchezze.com
Vashon Market IGA,vashonmarket.iga.com
West Town Bakery & Diner,westtownbakery.com
Casa D Pizza,casadpizzadenville.com
INDIAN TADKA LTD.,indiantadka.co.uk
Jucy Lu,jucylu.com
Austin Food Park,austinfoodpark.com
Hippie Chicks,hippiechicks.com
Julienne Tomatoes,juliennetomatoes.com
Le Chene French Cuisine,lechene.com
Panorama Pizza,panoramapizzabrockton.com
Soup Kettle Grille,soupkettlegrille.com
College Drive Cafe,cafedurango.com
Hoagie Man Deli,thehoagiemandeli.com
Jehovah Jireh,jehovahjirehfarm.com
"La Patisserie Bakery, Ltd.",lapatisserie.net
Twisted Pickle,twistedpickleco.com
"Velmar Food Services, Inc.",velmar-foods.com
"Watson Farms of Lowrys, LLC",watsonfarmsbeef.com
American Caviar Co,americancaviarco.com
Eggs Hawaii,eggshawaii.com
T'antay Miami Cake Studio,tantaymiami.com
Cake Pops Boston,cakepopsboston.com
Candy Kraft Candies,candykraft.com
Chocolate By Leslie,chocolatebyleslie.com
Crepe Legend,crepelegend.com
Dublin Jerky Company,dublinjerky.com
Meloni’s Butcher Block,melonis.com
Philly Time,phillytimekc.com
Sun Valley Smoked Trout & Salmon,smokedtrout.com
"Visit Marshall, MN",visitmarshallmn.com
Adelita’s Taqueria,adelitastaqueria.com
District Dog,districtdog.com
Java Medic Enterprises,javamedics.com
MaMa Jean’s Natural Market,mamajeansmarket.com
Simply Cakes By Camberly,simplycakesbycamberly.weebly.com
Ecker’s Apple Farm,eckersapplefarm.com
Heggy’s Nut Shop,heggysnutshop.com
Feel Rite Fresh Markets,feel-rite.com
Mister Apple,misterapple.net
"VIKING SOUL FOOD, LLC",vikingsoulfood.com
Weather Vane Ice Cream,weathervaneicecream.com
Big Horn Mercantile,bighornmerc.com
CARING CUPBOARD,caringcupboard.org
"COFFEE PLANT ROASTER, LLC",coffeeplantroaster.com
Fito’s Restaurant Latin American Cuisine,fitosrestaurant.com
KARMA CAKES LLC,karmacakes.menu
Wholesome Catering,wholesomecatering.com
Billy Goat Coffee,billygoatcoffee.com
Dons Original Restaurant,donsoriginal.com
Double Z Farms Ltd,zzlandandlivestock.com
Dynamo Donut & Coffee,dynamodonut.com
Juanita Juanita,juanitajuanita.com
"KATHY'S TABLE, LLC.",kathystable.com
Neil’s Donuts and Bake Shop,neilsdonuts.com
Out & Out Catering,outandoutcatering.com
"Sweets by E, LLC",sweetsbye.com
Vida pour Tea,vidapourtea.com
All Things Jerky,allthingsjerky.com
Cape May Gourmet Quality Fine Foods,capemaygourmet.net
Maddog’s Creamery and Donuts,maddogscreamery.com
Morano Gelato,moranogelato.com
"Motta's Pastry & Bake Shop, Inc.",mottasbakery.com
Piesano’s Pacchia,piesanospacchia.com
Simon’s Pizza & Roast Beef,simonspizzaandroastbeef.com
The Cornivore Popcorn Company,thecornivore.com
Cima Mining Company,cimamining.com
Cookie Friday,cookiefriday.com
"Fi Mi Kingston, LLC",fimikingston.com
Manny Randazzo King Cakes,randazzokingcake.com
Rubino’s Italian Foods,rubinos.net
Duda's Dills,dudasdills.com
Tiff’s Burger,tiffsburger.com
Toscana 49,toscana49.com
Bread & Kabob,freshkabobs.com
China King Restaurant In & Out,chinakingporterranch.wordpress.com
Deane’s Market & Deli,deanesmarket.com
Jolly Grub,jollygrub.com
Plant Food + Wine Miami,plantfoodandwinemiami.com
Eyebrow By Thread,eyebrowbythread.com
Heggy’s Candy,heggyssalem.com
International Tan Makers Inc,internationaltanmakers.com
"J.Dawgs Restaurants, LLC",jdawgs.com
Javi’s Cooking,javiscooking.com
Mosaic Bakery,artofbaklava.com
Pennings Farm Llc,penningsfarmmarket.com
Siam Kitchen Express,siamkitchenexpresshawaii.com
Baldwin Meals,baldwinmeals.com
Chaps Coffee,chapsgirl.com
MONTERREY COCINA MEXICANA INC,monterreycocina.com
Carbon 60 Olive Oil,carbon60oliveoil.com
Wood's Vermont Syrup Company LLC,woodssyrup.com
Exotic Superfoods,exoticsuperfoods.com
Hangover Grill,hangovergrill.com
Holland Bros Meats,hollandbros.net
Moku Sushi Bar,mokusushibar.com
NORTH STAR ORCHARD,northstarorchard.com
West Homewood Farmers Market,westhomewood.com
Baonecci Ristorante,caffebaonecci.com
Cuca’s Mexican Food,cucas.com
Fru-ta,frutaicecream.com
"Grist & Toll, LLC",gristandtoll.com
Heirloom Bakery & Hearth,heirloomkc.com
I Love NY Pizza,ilovenypizza4corners.com
POLKA DOT IT CAKE SHOP AND BAKERY LLC,polkadotit.com
Tandoory Taco,tandoorytaco.com
Cake Artista,cakeartista.com
Compare Foods.,compareclt.com
George Hill Orchards Inc,yourfavoritefarm.com
Graziella’s,graziellasmenu.com
La Cocina Mexican Restaurant and Catering,lacocinafoxlake.com
Pera Cakery,peracakery.com
Sunshine Tea Co,sunshinetea.in
The Mill Market & Deli,themillmarketanddeli.com
Big J Milling & Elevator Co,bigjmill.com
China Lights Oriental Cuisine,chinalightsak.com
Chocolaterie Tessa,chocolaterietessa.com
"JerkyXP, LLC",jerkyxp.com
Just In Thyme Foods,justinthymefoods.com
Rejuv Juice,rejuvjuice.com
Carissa Gokay at Advanced Body Dynamics,fit530.weebly.com
Heidi’s Organic Raspberry Farm,heidisraspberryjam.com
Lia’s Pizzeria,liaspizzeria.com
Newport Jerky Company,newportjerkycompany.com
Old World Food Market,oldworldfoodmarket.com
Pavan Foods,pavanfoods.com
San Francisco Furniture Mart,sfmart.com
Serenade Chocolatier,serenadechocolatier.com
Aqua Beauty,aquabeauty.ie
Fontaine Caffe & Creperie,fontainecaffe.com
SALVO PIZZA INC,salvopizza.com
Southport Smoke House,southportsmokehouse.com
