name,domain
"LiquaDry, Inc.",liquadry.com
"M2 Ingredients, Inc.",m2ingredients.com
"Mack Flavor Ingredients, Inc.",mackflavor.com
"Mother Murphy's Laboratories, Inc.",mothermurphys.com
Charles Bowman and Co.,charlesbowman.com
"Good Superfoods, LLC",goodsuperfoods.com
"Nutraland USA, Inc.",nutralandusa.com
"Batory Foods, Inc.",batoryfoods.com
"Stella and Chewy's, LLC",stellaandchewys.com
"Nut Butter Concepts, LLC",nutbutterconcepts.com
"SupHerb Farms, Inc.",supherbfarms.com
"HB Specialty Foods, Inc.",hbspecialtyfoods.com
Food Technology Corp.,textureanalyzers.com
Citrus Oleo,citrusoleo.com
"Astin Strawberry Exchange, LLC",astinfarms.com
"QualiTech, Inc.",qualitechco.com
"Quality Roasting, Inc.",qualityroasting.com
Furst-McNess Co.,mcness.com
"Divine Flavor, LLC",divineflavor.com
"M2H Investments, Inc. dba Dillanos Coffee Roasters, Inc. (DCR)",dillanos.com
"First Start Holdings, Inc. dba Nosh",noshfoods.com
"Lyons Magnus, Inc.",lyonsmagnus.com
"Brassica Protection Products, LLC",brassica.com
New Frontiers Natural Marketplace,newfrontiersmarket.com
Canned Food Alliance (CFA),mealtime.org
"Klosterman Baking Co., Inc.",klostermanbakery.com
"Calico Cottage, Inc.",calicocottage.com
"Brazilian Specialty Foods, Inc.",kidelicia.com
"Lindt and Sprungli USA, Inc.",lindtusa.com
Morrisons Pastry Corp.,morrisonspastry.com
"Ne-Mo's Bakery, Inc.",nemosbakery.com
"Caveman Foods, LLC",cavemanfoods.com
"Ethical Foods S.A. dba Explore Cuisine, Inc.",explorecuisine.com
"House-Autry Mills, Inc.",house-autry.com
"The Truvia Co., LLC",truvia.com
"GoMacro, LLC",gomacro.com
"PIM Brands, Inc. (PIM)",pimbrands.com
"Wyoming Authentic Products, LLC",wyominggourmetbeef.com
"Table Talk Pies, Inc.",tabletalkpie.com
"Treo Brands, LLC",drinktreo.com
"Dan's Prize, Inc.",dansprize.com
"Country Fresh Batter, Inc. dba Hope's Cookies",hopescookies.com
"Tom Cat Bakery, Inc.",tomcatbakery.com
"Major Products Co., Inc.",majorproducts.com
"Dan Graiff Farms, LLC dba 5-Star Peeled Wholesale Foods",5starpeeled.com
"Navarro Pecan Co., Inc.",navarropecan.com
"Gourmet Royal International, Ltd. (GRI)",thegourmetroyal.com
"Grain Craft, Inc.",graincraft.com
"P.G.I. of Saugatuck, Inc. dba Palazzolo's Artisan Dairy",palazzolosdairy.com
"E. Excel International, Inc.",eexcel.net
"Select Harvest USA, LLC",selectharvestusa.com
"Walden Farms, LLC",waldenfarms.com
"I. Rice and Co., Inc.",iriceco.com
"MOI Foods U.S.A., Inc.",moifoods.com
"Montana Gluten Free Processors, LLC",montanaglutenfree.com
"Rosina Holdings, Inc. dba Rosina Food Products, Inc.",rosina.com
"World Wide Foods, Inc. dba Divine Specialties",divinespecialties.com
"Engineered Food Systems, Inc.",efs-eng.com
"Red Blossom Sales, Inc.",redblossom.com
Fiesta Cake Corp.,fiestacake.com
"J.F. Hydrocolloids, Inc.",jfhydrocolloids.com
"Franklin Foods, LLC dba H.L. Franklin's Healthy Honey",franklinfoodsllc.com
"Flavor Right Foods Group, Inc.",flavorright.com
"AB Mauri Food, Inc.",abmna.com
"Abel + Schafer, Inc.",komplet.com
"Bakerpedia, LLC",bakerpedia.com
"Satin Fine Foods, Inc.",satinice.com
"Efco Products, Inc.",efcoproducts.com
"CK Products, LLC",ckproducts.com
"Global Ultimate's, LLC dba Fat Daddio's",fatdaddios.com
"Fuji Vegetable Oil, Inc.",fujioilusa.com
"Treehouse California Almonds, LLC",treehousealmonds.com
"Traveler Produce, LLC",travelerproducecompany.com
"Healthy Nation, LLC dba Vegy Vida",vegyvida.com
"Mountain Ocean, Ltd.",mountainocean.com
"Precise Food Ingredients, Inc.",precisefood.com
"TMB Baking, Inc.",tmbbaking.com
"Peerless Food, Inc.",peerlessfood.com
"Thymly Products, Inc. (TPI)",thymlyproducts.com
"Peppers Unlimited of Louisiana, Inc. (PUL)",peppersunlimitedofla.com
Philadelphia Macaroni Co.,philamacaroni.com
"Pacific Meridian Group, LLC dba Pacific Farms",pacificfarms.com
"Pure Sweet Honey Farm, Inc.",puresweethoney.com
"T. Hasegawa USA, Inc.",thasegawa.com
Red Mountain Trading Co.,redmountaintradingco.com
"Loar & Young, Inc.",loaryoung.com
"Apura Ingredients, Inc.",apuraingredients.com
"E.J. Mullins Co., Inc.",ejmco.com
"ProBAKE, Inc.",probake.com
"Scala-Wisell International, Inc.",scala-wisellint.com
The Thurber Co.,thurberco.com
"Gillco Products, Inc. dba Gillco Ingredients",gillco.com
"Global Food Forums, Inc.",globalfoodforums.com
"Olam Spices and Vegetables, Inc.",olamspices.com
"Nikken Foods USA, Inc.",nikkenfoods.com
"Golden Hill Foods, Inc.",goldenhillfoods.com
"Norben Co., Inc.",norbencompany.com
"First Creative Ingredients, Inc. dba FCI Flavors",fciflavors.com
Olds Products Co.,oldsproducts.com
"Spec Ingredients, Inc.",specingredients.com
"Mid America Foods Sales, Ltd.",midamfoodsales.com
"Newtown Foods USA, Inc.",newtownfoods.com
"St. Charles Trading, Inc.",stcharlestrading.com
"FruitSmart, Inc.",fruitsmart.com
National Association of Flavors and Food-Ingredient Systems (NAFFS),naffs.org
"JM Swank, LLC",jmswank.com
"CMS, Inc. dba Vestis Group",vestisgroup.com
"Stern Ingredients, Inc.",sterningredients.com
"Cascade Milling, LLC",cascademilling.com
"Henningsen Foods, Inc.",henningsenfoods.com
"JCB Flavors, LLC",jcbflavors.com
"H&W Ingredients, Inc.",hwingredients.com
Comax Manufacturing Corp. dba Comax Flavors,comaxflavors.com
Chicago West Sales Co. dba CWS Ingredients,cwsingredients.com
"Downs Food Group, Inc.",downsfoodgroup.com
"Chicago Industrial Food Ingredients, Inc. (CIFII)",cifii.com
"Dawson Sales Co., Inc.",dawsonsales.com
California Fig Institute dba California Fig Advisory Board,californiafigs.com
"Del-Val Food Ingredients, Inc. (DVFI)",dvfi.com
Industrial Food Ingredients Co.,ifico.com
"Prime Ingredients, Inc.",primeingredients.com
Atlantic Sweetner Co.,atlanticsweetner.com
"Gehrke Co., Inc.",gehrke.com
"Marathon Foods, Inc.",marathonfoods.net
Blommer Chocolate Co.,blommer.com
"Fuchs North America, Inc.",fuchsna.com
"California Garlic Co. dba Garlic King, Inc.",garlicking.net
"Snappy Popcorn Co., Inc.",snappypopcorn.com
"Origin Food Group, LLC",originfoodgroup.com
"Johanna Foods, Inc.",johannafoods.com
"Gourmail, Inc. dba Jyoti Natural Foods",jyotifoods.com
"Pacific Grain and Foods, LLC",pacificgrainandfoods.com
"Kenny's Candy & Confections, Inc.",kennyscandy.com
"Transnational Foods, LLC",transnationalfoods.com
Sunrise Fresh Dried Fruit Co.,sunrisefresh.com
"Super Store Industries, Inc. (SSI)",ssica.com
Sunshine Raisin Corp. dba National Raisin Co.,nationalraisin.com
"Organic Milling, Inc.",organicmilling.com
"Patagonia Foods, LLC",patagoniafoods.com
Scenic Fruit Co.,scenicfruit.com
"Taste Traditions, Inc.",tastetraditions.com
"Kreilich Farm, LLC dba Naked Bacon",nakedbaconco.com
"Morgan Foods, Inc.",morganfoods.com
Cher-Make Sausage Co.,cher-make.com
Classic Cake Co.,classiccake.com
"Seviroli Foods, LLC",seviroli.com
"Request Foods, Inc.",requestfoods.com
"Log House Foods, Inc.",loghousefoods.com
Hanover Foods Corp.,hanoverfoods.com
"Alamance Foods, Inc.",alamancefoods.com
"Golding Farms Foods, Inc.",goldingfarms.com
"Richard and Sons, Inc. dba Meurer Brothers Bakery, LLC",meurerbrothersbakery.com
"Fresca Mexican Foods, LLC",frescamex.com
"Mementa, Inc.",mementa.net
McClancy Seasoning Co.,mcclancy.com
Randolph Packing Co.,randolphpacking.com
"Ready Roast Nut Co., LLC",readyroast.com
"Camerican International, Inc.",camerican.com
"Vanguard Culinary Group, Inc.",vanguardculinary.com
"Alpina Foods, LLC",alpinaus.com
Wy's Wings,wyswings.com
"Old Dutch Mustard Co., Inc.",olddutchmustard.com
"Bakeryworks, LLC dba Local Oven",localoven.com
"BreadPartners, Inc.",breadpartners.com
"Brolite Products, Inc.",bakewithbrolite.com
"Bainbridge Associates, LLC",bainbridge-assoc.com
"Cain Food Industries, Inc.",cainfood.com
"SusieCakes Holdings, LLC",susiecakes.com
"Country Kitchen International, Inc.",countrykitchenrestaurants.com
"Groezinger Provisions, Inc. dba ALexian Pate and Specialty Meats",alexianpate.com
"Whole Family Products, LLC",wholefamilyproducts.com
"Terras Kitchen, LLC",terraskitchen.com
"George DeLallo Co., Inc.",delallo.com
"Crunchy Foods, Inc.",crunchyfoods.com
"Rao's Specialty Foods, Inc.",raos.com
"Organic Holdings, LLC dba Reserveage, LLC",reserveage.com
"Life Spice and Ingredients, LLC",lifespiceingredients.com
Charlito's Cocina,charlitoscocina.com
"Microbasics, LLC",microbasics.com
Nature Nate's Honey Co.,naturenates.com
"Natural Sourcing International Group, LLC (NSI)",nsifood.com
"QST Ingredients, Inc.",qsting.com
"RW Garcia Co., Inc.",rwgarcia.com
"Ole Mexican Foods, Inc.",olemex.com
"Hantover, Inc.",hantover.com
"EccoFeed, LLC",eccofeed.com
"Los Chileros de Nuevo Mexico, Inc.",loschileros.com
"Edoughble, LLC",edoughble.com
Elaine's Toffee Company,elainestoffee.com
"Simple Mills, Inc.",simplemills.com
Endorfin Foods,endorfinfoods.com
"Enjoy Life Natural Brands, LLC dba Enjoy Life Foods",enjoylifefoods.com
"E.B. Wakeman Co., LLC",ebwakeman.com
"A.C. Legg, Inc.",aclegg.com
"Follow Your Heart, Inc.",followyourheart.com
"Space Enterprises, LLC dba World of Chia",worldofchia.com
"West Thomas Partners, LLC dba The Gluten Free Bar (GFB)",theglutenfreebar.com
"UPSIDE Foods, Inc.",upsidefoods.com
"Jack's Gourmet, LLC (JG)",jacksgourmet.com
"Runamok Maple, LLC",runamokmaple.com
Mrs Prindables,mrsprindables.com
"Sweet Sam's Baking Co., LLC",sweetsams.com
"Walkers Shortbread, Inc.",us.walkersshortbread.com
"Moonlight Mixes, LLC",moonlightmixes.com
Tiffany Torcher Hot Sauce Co.,torcherhotsauce.com
"AmTrade Systems, Inc.",amtrade-systems.com
"Caro Nut Co., Inc.",caro-nut.com
"Tsar Nicoulai Caviar, LLC",tsarnicoulai.com
"Unna Bakery, LLC",unnabakery.com
"Holland's Family Cheese, LLC dba Marieke Gouda",mariekegouda.com
"Vegan Robs, LLC",veganrobs.com
"K-Mama Sauce, LLC",kmamasauce.com
"Jake's Famous Foods, LLC",jakesfamousfoods.com
Beech-Nut Nutrition Co.,beechnut.com
"Angie's Artisan Treats, LLC dba Angie's Boomchickapop",boomchickapop.com
Riviera Produce Corp.,rivieraproduce.com
"Roch's Fresh Foods Narragansett, Inc.",rochs.com
"Cut Fruit Express, Inc.",cutfruitexpress.com
"Mary's Harvest Fresh Foods, Inc.",marysharvest.com
"EDCO Food Products, Inc.",edcofood.com
"Costa Fruit and Produce Co., Inc.",freshideas.com
"Souper Natural, LLC",soupernatural.net
"Food for Life Baking Co., Inc.",foodforlife.com
Not Without Salt Shop,notwithoutsalt.com
OOliva,ooliva.com
"Alyssa's Bakery, LLC",alyssascookies.com
"Berber Food Manufacturing, Inc. dba Mi Rancho",mirancho.com
"Stroup Ingredient Resources, Inc.",stroupingredients.com
"John R White Co., Inc. (JRW)",johnrwhite.com
"Spice Alliance, LLC dba Spice Jungle",spicejungle.com
"Santa Cruz Natural, Inc.",santacruzorganic.com
"Kensington and Sons, LLC dba Sir Kensington's",sirkensingtons.com
"RealStuff, Inc. dba Yellowbird Foods",yellowbirdfoods.com
"Mr. Kook's, Inc.",mrkooks.com
"Wellshire Farms, Inc.",wellshirefarms.com
"Rice's Lucky Clover Honey, LLC",localhivehoney.com
"Turtle Island Foods, Inc. dba The Tofurky Co., Inc.",tofurky.com
"Applegate Farms, LLC",applegate.com
"Aseda, LLC dba Aseda Raw Honey Co.",asedarawhoney.com
Miel Duluth LLC.,mielduluth.com
Golden Grain Co.,ricearoni.com
Unreal Deli Corp. dba Mrs. Goldfarb's Unreal Deli,unrealdeli.com
"Pacific Foods of Oregon, LLC",pacificfoods.com
"Keen One Foods, LLC",keenonefoods.com
"Blue Moose of Boulder, LLC",bluemoose.com
"Good Karma Foods, Inc.",goodkarmafoods.com
"Cholaca, Inc.",cholaca.com
"Ghost Scream, LLC",ghostscream.com
"Crown Prince, Inc.",crownprince.com
Laurie's Buffalo Gourmet,buffalogourmet.com
Spinelli's Sauce Co.,spinellissauceco.com
"Helios Brands, LLC dba Chinook Seedery",chinookseedery.com
"Rocky Mountain Salsa Co., LLC",rockymountainsalsa.com
Little handfuls,littlehandfulsorganic.com
Distinctive Tastes,distinctive-tastes.com
"Doughbies, Inc.",doughbies.com
"H & H Brand, Inc.",hnhbrands.com
"Cascade Analytical, Inc.",cascadeanalytical.com
Nan's Gourmet Foods,nansgourmetfoods.com
"Lish, Inc.",lishfood.com
"Beyond Meat, Inc.",beyondmeat.com
"Illes Food Ingredients, Ltd. dba Illes Seasonings and Flavors",illesfoods.com
"Pete's Paleo, LLC",petesrealfood.com
Green Leaf's and Bananas,greenleafsbananas.com
"Solae, LLC",tasteofsolae.com
"Kester Foods, LLC dba Vegan Burger",veganburgermix.com
"Eleni's Kitchen, LLC",eleniskitchen.com
"Against The Grain Gourmet Foods, LLC",againstthegraingourmet.com
"Processors Choice, Inc.",processorschoice.com
"Southeastern Food Ingredients, Inc.",sefooding.com
"F.M. Brown's Sons, Inc.",fmbrown.com
"Euroduna Americas, Inc.",euroduna-americas.com
J.R. Simplot Co.,simplot.com
"Java Holdings, Inc.",javaholdings.com
Ginger's Healthy Habits,gingershealthyhabits.com
Atrax Equipment dba Cloud 9 Orchard,cloud9orchard.com
"Nu-Tek Food Science, LLC dba Nu-Tek Natural Ingredients",nuteknatural.com
"Free2B Foods, LLC",free2bfoods.com
"Buddy V Entertainment, LLC dba Carlo's Bakery",carlosbakery.com
OK Kosher Certification,ok.org
Sweetener Products Co.,sweetenerproducts.com
"Costanzo's Bakery, Inc.",costanzosbakery.com
"Organic Spices, Inc.",organicspices.com
"Sofo Foods of Georgia, LLC",sofofoods.com
"Rustica Franchise Company, Inc. dba Pizza Rustica",pizza-rustica.com
"Mother's Market and Kitchen, Inc.",mothersmarket.com
C.A. Curtze Co.,curtze.com
"Nature's Bakery, LLC",naturesbakery.com
"D & D Commodities, Ltd.",ddcommodities.com
"Valley Community Food Co-op, Inc. dba Valley Natural Foods",valleynaturalfoods.com
"St. Ours and Co., LLC",saintours.com
"Brinkhoff & Monoson, Inc. dba Red Monkey Foods, Inc.",redmonkeyfoods.com
Foodini,foodini.co
"Latina Boulevard Foods, LLC",latinaboulevardfoods.com
Flour Shop,flourshop.com
"Premio Foods, Inc.",premiofoods.com
"Bakepedia, LLC",bakepedia.com
"Bikibug, LLC dba Makes 3 Organics",makes3organics.com
"Rotisystems, Inc. dba Roliroti",roliroti.com
"Semper Virens Bakery Food Cooperative, Inc. dba Alvarado Street Bakery",alvaradostreetbakery.com
Blake's All Natural Foods,blakesallnatural.com
"BioNutritional Research Group, Inc. dba Power Crunch",powercrunch.com
"Breeder's Choice Pet Foods, LLC",breederschoice.com
Western United Fish Co. dba AnnaSea Foods Group,annasea.com
American Pop Corn Co. dba Jolly Time Pop Corn,jollytime.com
"Kent, Corp.",kentww.com
"Good Lovin' Foods, Inc.",thegoodlovinbar.com
"Tortilla Factory, LLC dba Kombucha Dog",kombuchadog.com
Desert Pepper Trading Co.,desertpepper.com
"DNX Foods, LLC dba DNX Bar",dnxbar.com
"Lt Foods Americas, Inc.",ltfoodsglobal.com
"Empact Bars, LLC",empactbars.com
"Oregon Chai, Inc.",oregonchai.com
"Queen Bee Gardens, LLC",queenbeegardens.com
"Panhandle Milling, LLC (PHM)",panhandlemilling.com
"Grandma Mae's Country Naturals, LLC",grandmamaes.com
YC's Mongolian Grill,ycs-mongoliangrill.com
"J.R. Short Milling, Co. dba J.R. Short Snack Products",jrshort.com
Food Sciences Corp.,foodsciences.com
"The Carving Board, LLC",eattheboard.com
"Ramsey Popcorn Co., Inc.",ramseypopcorn.com
"Lawrence Foods, Inc.",lawrencefoods.com
Bambinos Baby Food,bambinosbabyfood.com
"Lean Culinary Services, LLC dba DeliverLean",deliverlean.com
"Sweet Solutions, LLC",thesweetsolutions.com
"Tara International, L.P.",tarainternational.com
"That's How We Roll, LLC dba Mrs. Thinster's Cookie Thins",thinsters.com
Southern Baking Corp.,southern-baking.com
Smitten Ice Cream,smittenicecream.com
Miner's Mix,minersmix.com
"Greenwood Associates, Inc.",greenwoodassociates.com
"SEL Food Sales, Inc.",selfoodsales.com
"Nutrigaard, LLC",nutrigaard.com
Newport Ingredients,newportingredients.com
Jaabco Corp. dba Saltean,saltean.com
"NourishNode, Inc. dba RawSpiceBar",rawspicebar.com
"Agora Distributors, LLC dba Grillies, Inc.",grillies.com
"Ardent Mills, LLC",ardentmills.com
"Principle Solutions, LLC",principle-solutions.com
Old FENM Inc. dba Fresh and Easy Neighborhood Market Inc.,freshandeasy.com
Original Philly Cheesesteak Co.,phillycheesesteak.com
"K-VA-T Food Stores, Inc. dba Food City",foodcity.com
"SRC Milling, LLC",srcmilling.com
The Peterson Co.,thepetersoncompany.com
Meatsmack,meatsmackbbq.com
"Chef's Commissary, LLC",chefscommissary.com
Original Bagel Co.,originalbagel.com
"Elsa Pabst Family Recipes, LLC dba Colonel Pabst",colonelpabst.com
"Morehouse Foods, Inc.",morehousefoods.com
"Kimberton Whole Foods, Inc.",kimbertonwholefoods.com
Berry Veal Corp.,berryveal.com
"Vieiras Bakery, Inc.",vieirasbakery.com
"Lone Elm Sales, Inc",loneelm.com
"Pasta Montana, LLC",pastamontana.com
"Liguria Foods, Inc.",liguriafoods.com
Leprino Foods Co.,leprinofoods.com
"Dehydrates, Inc.",dehydratesinc.com
"Pastorelli Food Products, Inc.",pastorelli.com
"Cusano's Italian Bakery, Inc.",cusanos.com
"Perky's Foodservice Concepts, Inc. dba Perky's Pizza",perkyspizza.com
"Pocino Foods Co., Inc.",pocinofoods.com
"Marisa Foods, LLC",marisafoods.com
"Rocky Mountain Spice Co., Inc.",rockymountainspice.com
"Tip Top Poultry, Inc.",tiptoppoultry.com
"Gulf Pacific Rice Co., Inc.",gulfpac.com
"Advanced Food Systems, Inc. ( AFS)",afsnj.com
"Montana Specialty Mills, LLC",mtspecialtymills.com
"AV Gums, LLC",avgums.com
Bruce Foods Corp.,brucefoods.com
"Inland Empire Foods, Inc.",inlandempirefoods.com
"International Molasses Corp., Ltd.",internationalmolasses.com
Viobin USA Corp.,viobin.com
"Inn Foods, Inc.",innfoods.com
"Mansi Globiz, LLC dba MG Ingredients",mgingredients.com
"The French's Food Co., LLC (TFFC)",frenchs.com
"Eagle Direct, Ltd. dba Eagle Protect PBC",eagleprotect.com
"Chemie Research and Manufacturing Co., Inc.",chemiep50.com
"Westbourne, Inc. dba 479 Degrees Popcorn",479degrees.com
"Chicken and Rice Guys, LLC",cnrguys.com
"E. W. Grobbel Sons, Inc.",grobbel.com
"Boston Baking, Inc.",bostonbaking.com
"Devon's Chocolates, LLC",devonschocolates.com
"Jardine Foods, Inc.",jardinefoods.com
"Excellentia International, LLC",excellentiainternational.com
"DI Works, LLC dba Toastilla",toastilla.net
"Jessie Lord Bakery, LLC",jessielordbakery.com
"George's, Inc.",georgesinc.com
"Wynn's Grain & Spice, LLC",wynnsgrainandspice.com
"Greenridge Farm, Inc.",greenridgenaturals.com
"Bruce Packing Co., Inc. dba BrucePac",brucepac.com
"Izzio Artisan Bakery, LLC",izziobakery.com
"Alpha Foods Co., Inc.",alphafoodsco.com
"Cafe Valley, Inc. dba Cafe Valley Bakery",cafevalley.com
Michigan Turkey Producers Co-op.,miturkey.com
"Euro Classic Imports, Inc.",euroclassicbakery.com
"Water Lilies Food, LLC",waterliliesfood.com
"Hans Kissle Co., LLC",hanskissle.com
"Fortun Foods, Inc.",fortunfoods.com
"Guttenplan's Frozen Dough, Inc.",guttenplan.com
"Rocky Mountain Pies, LLC",rockymountainpies.com
"Goodman Food Products, LLC",goodmanglutenfree.com
"Jessica's Brick Oven, Inc.",jessicasbrickoven.com
"Jimmy's Cookies, LLC",jimmyscookies.com
"Tribe Mediterranean Foods, Inc.",tribehummus.com
"Woolery Enterprises, Inc. dba Will's Fresh Foods",willsfreshfoods.com
"Best Express Foods, Inc.",bestxfoods.com
"Shine Foods, Inc.",shinefoods.com
"St. Amour, Inc. dba St. Amour Brands",st-amourbrands.com
"Rudi's Organic Bakery, Inc.",rudisbakery.com
"Harris Woolf California Almonds, LLC",harriswoolfalmonds.com
"Mar-Jac Poultry, Inc.",marjacpoultry.com
Gardner Pie Co.,gardnerpie.com
"SK Food Group, Inc.",skfoodgroup.com
"Monterey Gourmet Foods, Inc.",montereygourmetfoods.com
"Fork In The Road Foods, LLC dba True Story Foods",truestoryfoods.com
"Gourmet Culinary Holdings, LLC dba Kabobs, Inc.",kabobs.com
Neomonde Baking Co.,neomonde.com
"Bridgetown Natural Foods, LLC",bridgetownnaturalfoods.com
"The Berks Packing Co., Inc.",berksfoods.com
"Fiore Di Pasta, Inc.",fioredipasta.com
"Opaa! Food Management, Inc.",opaafood.com
"Contessa Liquidating Co., Inc.",contessa.com
Baldwin Richardson Foods Co. (BRF),brfoods.com
Gray & Company,grayandcompany.us
"Nutravail, LLC",nutravail.com
"Con Amore, Inc. dba Cookies con Amore",cookiesconamore.com
"Secret Aardvark Trading Co., LLC",secretaardvark.com
"Fresca Foods, Inc.",frescafoodsinc.com
"Burger Maker, Inc. dba Schweid and Sons",schweidandsons.com
"Farmington Foods, Inc.",farmingtonfoods.com
"Bobak Sausage Co., LLC",bobak.com
Mikesell's Snack Food Co.,mikesells.com
"Frank Brunckhorst Co., LLC dba Boar's Head Provisions Co., Inc.",boarshead.com
"Louisa Food Products, Inc.",louisafoods.com
"First Fruits Marketing of Washington, LLC",ffm-wa.com
Schwebel Baking Co.,schwebels.com
"Diversified Foods and Seasonings, LLC",diversified-foods.com
"CTI Foods Holding Co., LLC",ctifoods.com
"Nina Mia, Inc. dba Pasta Mia",pastamia.com
"Stir Foods, LLC",stirfoods.com
"Watershed Foods, LLC",watershedfoods.com
Stapleton-Spence Packing Co.,stapleton-spence.com
"Turri's Italian Foods, Inc.",turrisitalianfoods.com
"Tri-Union Seafoods, LLC dba Chicken of the Sea International",chickenofthesea.com
"Creative Food Ingredients, Inc. (CFI)",creativefoods.com
"Create-A-Pack Foods, Inc.",capfoodinc.com
"LifeLine Foods, LLC",lifeline-foods.com
"Ragozzino Foods, Inc.",ragozzino.com
Fremont Beef Co.,fremontbeef.com
"Algood Food Co., Inc.",algoodfood.com
"Soofer Co., Inc. dba Sadaf Foods",sadaf.com
"DiLuigi Foods, Inc.",diluigifoods.com
"AMS, LLC dba Gagne Foods",gagnefoods.com
"Nomz, Inc.",nomz.com
Cumberland Packing Corp. (CPC),cpack.com
"Medina Foods, Inc. dba Gold Rush Jerky",goldrushjerky.com
"Popinsanity, LLC",popinsanity.com
"Natural Earth Products, Inc.",nepdistributors.com
"Beefmaster Cattlemen, LP dba Nolan Ryan's Beef",nolanryanbeef.com
Nutraw Foods Co.,nutrawfarms.com
"Advanced Trucking, Inc. dba Maui Crisps",mauicrisps.com
"Honestly Cranberry, LLC",honestlycranberry.com
"Third Wave Bioactive, LLC",thirdwavebio.com
"1934 BBQ, LLC",1934bbq.com
"Improved Nature, LLC",improvednature.com
"Pennacook Peppers, LLC",pennacookpeppers.com
"Sun View Foods, LLC",vistadelsolfoods.com
"Atlantis Sea Salt Co., LLC",atlantisseasalt.com
"Qualisoy, Inc.",qualisoy.com
"Head Country Food Products, Inc.",headcountry.com
"Global Food Solutions, Inc.",globalfoodsolutions.co
"Sheffa Foods, Inc.",sheffafoods.com
"Ball DPF, LLC dba Nature's Source Plant Food",naturessourceplantfood.com
"Bobbysue's Nuts!, LLC",bobbysuesnuts.com
"Andre Bollier, Ltd. dba Andre's Confiserie Suisse",andreschocolates.com
Madison Park Foods Co.,madisonparkfoods.com
Lowell International Co.,lowellintlholdings.com
"Forever New International, Inc.",forevernew.com
"Frey Farms, LLC",freyfarms.com
"Trailtopia, LLC",trailtopia.com
"New Mexico Green Chile Co., LLC",greenchileco.com
"Paws Gourmet, Inc. dba Paws Gourmet Bakery",pawsgourmet.com
"Haven's Kitchen Home, LLC",havenskitchen.com
"Pure Batch, LLC",purebatch.com
"Freegrove Foods, Inc. dba Red Clay Gourmet",redclaygourmet.com
"H and U, Inc. dba Sun Noodle, Inc.",sunnoodle.com
"Simply Delicious, Inc. dba Bobo's Oat Bars",eatbobos.com
"DeliciouSnacks, LLC dba Zesty Z",zestyz.com
"Stroopies, Inc.",stroopies.com
Crapola,crapola.us
"Little Portion Bakery, Inc.",littleportionbakery.org
"Fodmapped Foods Pty., Ltd.",fodmapped.com
"Ferrara Bakery and Cafe, Inc.",ferraranyc.com
Yogi Botanicals International Corp.,yogibotanicals.com
"Great North Enterprises, Inc. dba Sidehill Farm",sidehillfarmjam.com
"Smallbatch Pets, Inc.",smallbatchpets.com
Smart Cookie Dog Treats dba Smart Cookie Barkery,smartcookietreats.com
EntoBento,entobento.com
"Coco Bee, Inc. dba Coco Bee Organics",cocobeeorganics.com
"Nutriati, Inc. dba Artesa",artesaingredients.com
"Prova, Inc.",provaus.com
"GivePet, LLC",givepet.com
"PTM Food Consulting, Inc.",ptmfood.com
"Makomas, LLC",makomas.com
"Contract Comestibles, LLC",contractcomestibles.com
"Justin's, LLC",justins.com
"LoebsCrunch, LLC dba Onion Crunch, LLC",loebscrunch.com
"Wisconsin Whey Protein, Inc.",wisconsinwhey.com
"Royal Tropics Trading Co., Ltd.",royaltropics.com
"Handmade by 2 Moms, LLC dba Pure 7 Chocolate, LLC",pure7chocolate.com
Eureka Sausage Co.,eurekasausage.com
"H2rOse, LLC",drinkh2rose.com
"Culinarte Marketing Group, LLC dba Bonewerks Culinarte",bonewerksculinarte.com
"Drum Rock Specialty Co., Inc.",drumrockproducts.com
"Kitchen Fresh Foods, Inc.",kitchenfreshfoods.com
Abaka Holdings International,abakaholdings.com
Native Sun Natural Foods Market,nativesunjax.com
"Pop Lab Ice Pops, LLC",poplabicepops.com
"Huynhsloukas, LLC dba Fix Hot Sauce",fixhotsauce.com
"Bakeovers, LLC dba Good Molly's",goodmollys.com
"Randy's Artisanal, LLC",randysartisanal.com
"Fresh Bellies, Inc.",freshbellies.com
Anita's Coconut Yogurt,anitas.co
"Abby's Better, Inc.",abbysbetter.com
"Amazonic Ventures, LLC dba Nativo Amazon Acai Co.",nativoacai.com
"Zetlian Bakery, Inc.",zetlianbakery.com
"Lucerne Foods, Inc.",lucernefoods.com
"Blendex Co., LLC",blendex.com
"International Packaging of Authentic Cuisine, Inc. (IPAC)",copack.com
"Longo's Bakery, Inc.",longosbakery.com
"Shepherd Foods, Inc.",shepherdfoods.com
"House of Thaller, Inc.",houseofthaller.com
"Mrs. Glee's Gluten Free Foods, LLC",mrsgleesfoods.com
Gem Food Services Corp.,gemfoodservices.com
Nilda's Desserts,nildasdesserts.com
"Bonneau Foods, LLC dba Bon Foods, Inc.",bonfoods.com
"Legacy Bakehouse, LLC",legacybakehouse.com
"Sturdiwheat Foods, Inc.",sturdiwheat.com
"Uncle Wally's, LLC",unclewallys.com
"Jessica's Natural Foods, LLC",jessicasnaturalfoods.com
"Cajun Original Foods, Inc.",cajunoriginal.com
"Pastry Smart, LLC",pastrysmart.tumblr.com
NYC Bagel Deli,coreysbagels.com
"The Kitchen Coop, LLC",the-kitchen-coop.com
"Omega Foods, LLC",omegafoods.com
"Modern Muffin, LLC",modernmuffin.com
"Raymundo's Food Group, LLC",raymundos.com
Skinny Souping,skinnysouping.com
"No Evil Foods, Inc.",noevilfoods.com
"Oh My Gosh Yum, LLC dba NoBull Burger",nobullburger.com
"Nounos Creamery, LLC",nounoscreamery.com
"Oat My Goodness, LLC (OMG)",omgcraftgranola.com
"Ocean's Balance, Inc.",oceansbalance.com
"The Toasted Oat, LLC",thetoastedoat.com
"White Leaf Provisions, Inc.",whiteleafprovision.com
"Victory Hemp Foods, LLC",victoryhempfoods.com
"Cornelia Confections, LLC",corneliaconfections.com
"Bascom Family Farms, Inc.",maplesource.com
"Domata, LLC",domataglutenfree.com
"Partners, a Tasteful Choice Co.",partnerscrackers.com
"Bright People Foods, Inc., dba Mike's Mighty Good",mikesmightygood.com
"Satstar Food Solutions, LLC",satstarfoods.com
"Valley Isle Produce, Inc. dba VIP Foodservice",vipfoodservice.com
"Brami, Inc. dba BRAMI Beans dba Brami",enjoybrami.com
"The Harris Soup Co., Inc. dba Harry's Fresh Foods",harrysfresh.com
"La Selva Beach Spice Co., Ltd.",laselvabeachspice.com
Crazy Richard's Peanut Butter Co.,crazyrichards.com
Aldon Food Corp. dba Don's Food Products,donspreparedfoods.com
"Bees Brothers, LLC",beesbrothersllc.com
Sergeant Nutra,sgtnutra.com
Gerber Products Co.,gerber.com
"Souper Soup Mix, LLC",soupersoupmix.com
"Still Riding Foods, LLC",stillridingfoods.com
"Perdue Foods, LLC dba Family Owned Spot Farms",spotfarmspet.com
Frida Kahlo Corporation,fridakahlocorporation.com
"Sugar Mountain Capital, LLC",sugarmtn.net
The Foodee Project,thefoodee.com
"Red Diamond, Inc.",reddiamond.com
"ZEGO, LLC dba Zego Foods",zegofoods.com
Flourish Baking Co.,flourishbakingcompany.com
Green Chile Food Co.,greenchilefoods.com
"Van Groningen and Sons, Inc.",vgandsons.com
Rachel Pauls Food,rachelpaulsfood.com
The Synergy Co.,thesynergycompany.com
Healthy Joy Bakes,healthyjoybakes.com
"CAJ Food Products, Inc.",drinkbeetjuice.com
"Paradise, Inc.",paradisefruitco.com
Haile Resources,haileresources.com
"Hurraw! Balm, LLC",hurrawbalm.com
"Smiling Hara Tempeh, LLC",smilingharatempeh.com
Wells Made Co.,wellsmadeco.com
"The Brownie Baker, Inc.",browniebaker.com
"Naturalvert, LLC",naturalvert.com
"Vivi's Life, LLC dba Partake Foods",partakefoods.com
Italian Food Culture dba Isibisi,isibisi.us
Intense Cart,intensecart.com
Maverick Chocolate Co.,maverickchocolate.com
Wenzel LoneStar Meat Co.,wenzellonestarmeat.com
Slow Dough Bread Co.,slowdoughbreadco.com
"Tomasino Foods, Inc.",tomasinofoods.com
Tutta Bella Neapolitan Pizzeria,tuttabella.com
Frosty Products Co.,frostyproducts.com
"Assimacopoulos Bakery Distributors, Inc. dba George Anthony Baking Co.",michiganbread.com
"New Horizons Baking Co., Inc.",newhorizonsbaking.com
"Tru Fru, LLC",trufru.com
"Hilltop Tea, Inc. dba Templar Food Products, Inc.",icedtea.com
"Puris Proteins, LLC",puris.com
Dimplys Rub & Grill Dry Rub Seasoning,dimplys.com
"Kim and Jake's Cakes, LLC",kimandjakes.com
"Ample Foods, Inc.",amplemeal.com
"Mayacamas Fine Foods, Inc.",mayacamasfinefoods.com
"Onion Crock Of Michigan, Inc.",onioncrock.com
Prima Provisions Co. dba Chebe Bread Products,chebe.com
"Swerve,  LLC",swervesweet.com
"Staag, Ltd. dba WorldFoods",worldfoods.com.my
Great One Cookie Co.,greatonecookies.com
"Kikkoman Sales USA, Inc.",kikkomanusa.com
"Bremer Authentic Ingredients, Inc.",bremeringredients.com
"MJ Distribution, LLC",mjdistribute.com
"Rhino Foods, Inc.",rhinofoods.com
Mammoth Bar,mammothbar.com
"U.S. Sugar Co., LLC",ussugar.net
"Our Foods, Inc. (OFI)",ourfoodsinc.com
"Spartan Foods of America, Inc. dba Mama Mary's",mamamarys.com
"Summerfield Food, Inc.",summerfieldfoods.com
"Raja Foods, LLC",rajafoods.com
"Leonetti's Frozen Foods, Inc.",leonettisstromboli.com
"Devansoy, Inc.",devansoy.com
Drake's Fresh Pasta Co.,drakesfreshpasta.com
"Dover Foods, LLC",doverfoods.com
"Element Bars, Inc.",elementbars.com
"Gluvana Gluten-Free Foods, LLC",gluvana.com
"GMB Specialty Foods, LLC",gmbfoods.com
"Simply Baked Gluten Free, LLC",simplybakedglutenfree.com
"Harvest Food Products Co., Inc.",harvestfoodproducts.com
"New York Pretzel, Inc.",nypretzel.com
"Forest Floor Foods, LLC",forestfloorfoods.com
"Koegel Meats, Inc.",koegelmeats.com
"BakeMark USA, LLC",bakemark.com
"Pepperidge Farm, Inc.",pepperidgefarm.com
"Jimmy Dean Foods, Inc.",jimmydean.com
"La Brea Bakery, Inc.",labreabakery.com
"Chairmans Foods, LLC",chairmansfoods.com
"American Euro Foods, LLC",ameurofoods.com
Essentially Pure Ingredients,essentiallypure.com
Amiration Foods,admirationfoods.com
"Baklava Unlimited, LLC",baklavaunlimited.com
"Excalibur Seasoning Co., Ltd.",excaliburseasoning.com
Alice's Stick Cookies,alicesstickcookies.com
"Marx Brothers, Inc.",marxbrothersinc.com
"Top Hat Company, Inc.",tophatcompany.com
The Raymond-Hadley Corp.,raymondhadley.com
"Interstate Meat Distributors, Inc.",interstatemeat.com
"Mesa de Vida, LLC",mesadevida.com
What's the Scoop?,whatsthescooppdx.com
"Coolgreens Holdings, LLC",coolgreens.com
"Bread SRLSY, LLC",breadsrsly.com
"Cooking with Alessandra, LLC",cookingwithalessandra.com
The Grateful Chef,thegratefulchefdsm.com
"Benson Exhibits, LLC dba A Spice Above",aspiceabove.com
"Takeout Kit, LLC",takeoutkit.com
"Green Park Snacks, Inc. dba Hippeas, Inc.",hippeas.com
"Alpine Food Distributing, Inc.",alpinefoods.com
"Usarium, Inc. dba Planetarians",planetarians.com
"Saena, LLC",saenafoods.com
"Johnson Bros. Bakery Supply, Inc. (JBBS)",jbrosbakerysupply.com
"Orrell's Food Service, Inc.",orrellsfoodservice.com
"Loubier Gourmet, LLC",loubiergourmet.com
"Ashbury Market, Inc. dba Raison D'Etre Bakery",raisondetrebakery.com
Sierra Foods Co. Inc.,sierrasoups.com
"Frangiosa Farms, LLC",frangiosafarms.com
"Farmers Union Industries, LLC",fuillc.com
Pacifica Hawaii Salts Corp.,pacificahawaiisalt.com
"Manna Organics, LLC",mannaorganicbakery.com
"Basil Seed Works, Inc. dba Zen Basil",zenbasil.com
"Due Amici Sauces, LLC",dueamicisauces.com
Dede's Cajun Cuisine,dedescajuncuisine.com
"Dole & Bailey, Inc.",doleandbailey.com
"Root's Poultry, Inc.",rootspoultry.com
"Baker's Quality Pizza Crusts, Inc.",bakersqualitypizzacrusts.com
"MRE Star, LLC",mrestar.com
Lilar Corp.,lilar.com
Lucky Cat Bakery,luckycatbakery.com
"Tomanetti Food Products, LLC",tomanetti.com
FoodPRO Corp.,myfoodpro.com
"Keck's Food Service, Inc.",kecksfoodservice.com
"Philia Foods, LLC",ww1.philiafoods.com
"Tampico Spice Co., Inc. (TSC)",tampicospice.com
"Gowanus Kitchen Lab, LLC., dba Frywall",frywall.com
BrotheMasters,brothmasters.com
"Vedica Organics, LLC",vedicaorganics.com
"Yasso, Inc.",yasso.com
"New Wave Foods, Inc. (NWF)",newwavefoods.com
"The Baked Bear, LLC",thebakedbear.com
"Docklight, LLC dba The Goodship Co.",thegoodship.com
"Brown Eyed Baker, LLC",browneyedbaker.com
"Kangaroo Brands, Inc.",kangaroobrands.com
"Hinsdale and Foster Provisions, LLC dba Georgia Grinders",georgiagrinders.com
"Canino's Sausage Co., Inc.",caninosausage.com
"Further, Inc. dba Further Food",furtherfood.com
"Big Sandy Organics, LLC dba Kracklin' Kamut",bigsandyorganics.com
"Roots True Foods, LLC dba Blendtopia",blendtopia.com
"Bliss Gourmet Foods, Inc.",blissgourmetfoods.com
"Premium Ocean, LLC dba Blue Evolution Foods",blueevolution.com
"TRIBALÍ Foods, Inc.",tribalifoods.com
"Organic Almond, Inc.",bigtreeorganic.com
Doggy Delirious Dog Treats,doggydelirious.com
"Euro-USA Trading Co., Inc. dba Bionaturae, LLC",bionaturae.com
"Food Creation Nation, LLC dba Protein Bar Mix",proteinbarmix.com
"Levantine Concepts, LLC dba Bonchou Eclairerie",bonchou.com
Boulder Bake,boulderbake.com
"Crush Foods Service, Inc.",crushfoodservice.com
Ethel's Baking Co.,ethels.com
"DeLuscious Cookies and Milk, LLC",delusciouscookies.com
"Baba Foods, Ltd.",babafoods.com
The B.O.S.S. Food Co.,bossfoodco.com
"Innovative Labs Group, LLC",innovativelabs.com
Sue's Organics,suesorganics.com
"SupahStah, LLC",supahstah.com
"5 Busy Bees Bottling, LLC dba Busy Bee",busybeemate.com
"Brekki Foods, LLC",brekki.com
Snappy Tom Pet Supply,snappytom.com
"Family Cookie Co., Inc. dba Stella's Gourmet, Inc.",stellasgourmet.com
"Vitelli Foods, LLC",vitellifoods.com
United Bakery & Co.,unitedbakery.com
"Lonchas Enterprises, LLC dba Xylichew",xylichew.com
"Spread The Love, LLC",spreadthelovefoods.com
"Lovebiotics, LLC dba The Coconut Cult",thecoconutcult.com
"Pancake, LLC dba The Coconut Cooperative",thecoconutcoop.com
"All Seasonings Ingredients, Inc.",allseasonings.com
"Rocky Ridge Maple Farms, LLC",rockyridgemaple.com
Bootsie's Delta Funk BBQ,bootsiesbbq.com
"Clarkson Grain Co., Inc.",clarksongrain.com
"Greek Girls Enterprises, LLC",linksapp.top
"Meadowvale, Inc.",meadowvale-inc.com
"RISE Products, Inc.",riseproducts.co
"Black Gold Pet Foods, Inc.",blackgoldpet.com
"Pureluxe, Inc.",pureluxepetfood.com
"Masterpan, Inc.",masterpan.com
"Bean Maine Lobster, Inc., dba Linda Bean's Perfect Maine",lindabeansperfectmaine.com
Chugwater Chili Corp.,chugwaterchili.com
"Performance Feeds, LLC",performance-feeds.com
"Capstone Commodities, LLC",capstonecommodities.com
Gustus Vitae,gustusvitae.com
"Jack Francis Foods, LLC",jackfrancisfoods.com
"Red Mill Farms, LLC dba Jennies Gluten-Free Bakery",jenniesmacaroons.com
"Julie's Real Foods, LLC",juliesreal.com
"Happy Moose Juice, Inc.",happymoose.com
"Triumphant Snacks, Inc., dba I'm Different Snacks",imdifferentsnacks.com
"American Pasteurization Co., LLC (APC)",americanpasteurizationcompany.com
"Haven Row, LLC dba Do Anything Foods",doanythingfoods.com
"American Vegetable Oils, Inc.",americanvegoil.com
King Of The Cajun Gourmet,kingofthecajun.com
"Indigo Wild, LLC",indigowild.com
Stacey's Organic Tortillas Co.,staceysorganic.com
"Healthy 'N Fit International, Inc.",behealthynfit.com
"Mylk Labs, LLC",mylklabs.com
"Laurel Foods, LLC",laurelfoods.com
"Medlee Foods, LLC",medleefoods.com
"Arnhem, Inc. dba The Arnhem Group",arnhemgroup.com
"Lil Buff Bakery, LLC",lilbuff.com
"Gluten-Free Heaven, LLC",glutenfreeheaven.com
"MegaFit Meals, LLC",megafitmeals.com
"Berkshire Innovations, Inc. dba Brod and Taylor",brodandtaylor.com
"NewGem Foods, LLC",newgemfoods.com
"K.L.B. Enterprises, Inc. dba Wicked Crisps",wickedcrisps.com
"Kumana, Inc.",kumanafoods.com
"Oak Creek Management, LLC dba Pronutz",pronutz.com
"Paleo Powder Seasoning, LLC",paleopowderseasoning.com
"Fruitex de Mexico SAPI de CV dba Solely, Inc.",solely.com
"King Bars, LLC dba Tahoe Trail Bar",tahoetrailbar.com
"Sisters' Pantry, LLC",sisterspantry.com
"Serenity Kids, Inc.",myserenitykids.com
"Kester Foods, LLC",kesterfoods.com
"MunchQuick, Inc.",munchquick.com
Woods Foods USA,woodsfoodsusa.com
"Glory Food, Inc.",gloryfoodinc.com
Ganesha Enterprises LLC dba KLG Spice,klgspice.com
"EVOLVE Brands, LLC",evolvesnacking.com
Hat Creek Provisions,barrelcreekprovisions.com
"Kentwood Co-Operative, Inc.",kentwoodcoop.com
Suga's Cakery,sugascakery.com
North American Robotics Corp. dba Replenish,getreplenish.com
Qwench Juice Bar,qwenchjuice.com
"Agent Nateur, LLC",agentnateur.com
"Citarella Operating, LLC",citarella.com
AlaskOmega AG,alaskomega.com
"Foodzie, Inc.",foodzie.com
"BioSchwartz, LLC",bioschwartz.com
"Tram Bar, LLC dba Kate's Real Food",katesrealfood.com
"Rana Meal Solutions, LLC dba Rana USA, Inc.",giovanniranausa.com
"Corfu Tasty Gyros, Inc. dba Corfu Foods, Inc.",corfufoods.com
"Inter-Grain Specialty Products, LLC",inter-grain.com
"Sunfarm Food Service, Inc.",sunfarmfs.com
"Paleo Treats, Inc.",paleotreats.com
"Masienda, LLC",masienda.com
"Coltura Foods, LLC",colturafoods.com
"Little Spoon, Inc.",littlespoon.com
"f'real foods, LLC",freal.com
"WOLFoods, Inc.",wolfoods.com
Synchrophonic Corp. dba Duverger,duvergermacarons.com
"Beyond Better Foods, LLC dba Enlightened",eatenlightened.com
The Luckybolt Co.,luckybolt.com
"Little Big Guy Baking, LLC dba Cookie Chips",cookiechips.com
"Doumak, Inc.",doumak.com
"Snowflakes Candy, LLC",snowflakescandy.com
"Chef Bobo Brands, Inc.",chefbobo.com
"Garden of Life, LLC",gardenoflife.com
"Crunchy Rollers, LLC",friendlygrains.com
"Healthy Habits Delivered, LLC dba Lebby",lebbysnacks.com
"The Good Crisp Co., Inc.",thegoodcrispcompany.com
"Great Giant Foods USA, Inc. (GGF-USA)",ggf-usa.com
"Green Spork, LLC",greenspork.com
Baked in Brooklyn,bakedinbrooklynny.com
"Leap Media Group, Inc. dba Scout and Zoe's",scoutandzoes.com
"Caer, Inc. dba Yumi",helloyumi.com
Mile High Ingredients,milehighingredients.com
"Aranda's Tortilla Co., Inc.",arandastortillacompany.com
Family Loompya Corp.,familyloompya.com
"Sacramento Natural Foods Co-op, Inc.",sac.coop
Talbott and Arding Cheese and Provisions,talbottandarding.com
"Great Ciao, Inc.",greatciao.com
"Willamette Valley Cheese Co., LLC dba Wild Rose Foods",wildrosefoods.com
"The Standard Market, LLC",standardmarket.com
"Nate's Fine Foods, LLC",natesfinefood.com
"Black Boar Truffle, LLC",blackboartruffle.com
"Dr. G's Ingredients, LLC",godoctorg.com
"California Custom Fruits and Flavors, Inc.",ccff.com
Honest Weight Food Co-op,honestweight.coop
"GT's Living Foods, LLC",gtslivingfoods.com
"Denali Ingredients, LLC",denaliingredients.com
Ever Fresh Fruit Co.,everfreshfruit.com
"Sensient Natural Ingredients, LLC",sensientnaturalingredients.com
"Ready Foods, Inc.",readyfoods.biz
Dairy Farmers of Washington,wadairy.org
"Jennie-O Turkey Store, LLC",jennieo.com
Grateful Bread Co.,gratefulbread.com
"Andean Dream, LLC",andeandream.com
"Fresco Foods, Inc.",eatfrescofoods.com
"Think Eat Live Foods, LLC",sunflour.io
"Phoenix Bean, LLC",phoenixbean.com
"Perfect Pasta, Inc.",perfectpastainc.com
"Columbia County Bread and Granola, LLC",columbiacountybread.com
"Spencer Foods, Inc. dba Jolly Posh Foods",jollyposhfoods.com
"Nutritioneer, LLC dba Kill Sauce",killsauce.com
"Rogers International, LLC dba Rogers Collection",rogerscollection.us
"Lifebred, LLC",lifebred.com
Nduja Artisans Co.,ndujaartisans.com
"The Craft Butchers Pantry, LLC",butcherspantry.com
"'Chups, LLC",chupsitup.com
"Elevation Charcuterie and Artisan Meats, LLC",elevationmeats.com
"Pasticceria Rocco, Inc.",pasticceriarocco.com
Cell-Nique Corp. dba Hudson River Foods Corp.,hudsonriverfoods.com
"Barely Bread, LLC",barelybread.com
"CACOCO, Inc.",drinkcacoco.com
"We Are The Chompians, LLC dba Chomps",chomps.com
"Cusi World USA, LLC",cusiworld.com
"Healthy Food Ingredients, LLC (HFI)",hfifamily.com
"Stone Mill, LLC",stonemill.net
"Project Happy Hour, LLC dba mixallogy",mixallogy.com
"Tea Crush, LLC",teacrush.com
"Foremother Foods, LLC dba Picaflor",picaflor.co
"Onward Brands, LLC dba Maria's Premium",mariaspremium.com
"Big Green (USA), Inc. dba Big Green Organic Food",biggreenorganic.com
"YiBo Foundation Hebei International Trading Co. dba Yibo, Inc.",yiboinc.com
"Healthy America, LLC dba The Amazing Chickpea, LLC",theamazingchickpea.com
"SBrand, LLC dba Maddy and Maize",maddyandmaize.com
"Real Good Brand, Inc. dba Real Good Gum",realgoodgum.com
Cartier Saada S.A.,cartiersaada.com
"Cornnuts, Inc.",cornnuts.com
"Sanz Branz, LLC dba Gatherer's Granola",gatherersgranola.com
"Hall Brands, LLC dba Chedz Snacks",chedzsnacks.com
"Life's Abundance, Inc.",lifesabundance.com
"Swoffle, LLC",swoffle.com
"Terra Kai Organics, Inc.",juceorganics.com
"Sonne's Organic Foods, Inc.",sonnes.com
"Soom Foods, LLC",soomfoods.com
"ASK Foods, Inc.",askfoods.com
"Old Pueblo Ranch, Inc. dba La Reina, Inc.",lareinala.com
Deli Brands of America (DBA),delibrandsofamerica.com
"Janey Lou's, Inc.",janeylous.com
"Europena, Inc.",europenainc.com
"Middle East Bakery, Inc. dba Joseph's Bakery",josephsbakery.com
"Maple Donuts, Inc.",mapledonuts.com
"Garden Fresh Gourmet, LLC",gardenfreshgourmet.com
"Bake City, LLC",bakecityusa.com
Régals de Bretagne USA,regalsdebretagneusa.com
"Allfresh Food Products, Inc.",allfreshfoodproducts.com
"Pretzel Perfection, LLC dba Perfection Snacks",perfectionsnacks.com
"Gourmet Specialty Foods, LLC",gourmetspecialtyfoods.com
Pawleys Island Specialty Foods,pawleysfoods.com
"Nosherei, LLC dba RealDeli All Natural Meats",realdeli.com
"Hartybake, LLC",hartybake.com
"MGB Ingredients, LLC",mgbingredients.com
"Associated Feed and Supply Co., Inc.",associatedfeed.com
"NuWest Milling, LLC",nuwestmilling.com
"Pinnacle Premix, LLC",pinnaclepremix.com
"North Central Companies, Inc. (NCC)",northcentralco.com
Star Milling Co.,starmilling.com
"Bivens and Co., LLC",bivensandcompany.com
"HillTop Food and Storage, LLC",hilltopfoodandstorage.com
"Iowa Limestone Co. dba ILC Resources, Inc.",ilcresources.com
"Idaho Frank Associates, Inc. (IFA)",idahofrank.com
Ingredient Supply Corp.,ingredientsupply.com
"The Safe + Fair Food Co., LLC",safeandfair.com
"Rabbit Patch Farm, LLC dba Angry Goat Pepper Co.",angrygoatpepperco.com
"Heatonist, LLC",heatonist.com
"Howler Monkey Sauces, Inc.",panamahotsauce.com
Maui Pepper Co. dba Tahiti Joe's Hot Sauces,tahitijoeshotsauces.com
"Horseshoe Brand, Inc.",horseshoebrand.com
"Torchbearer Sauces, LLC",torchbearersauces.com
Mighty Spark Food Co.,mightysparkfood.com
"High River Entertainment, LLC dba High River Sauces",highriversauces.com
"Outstanding Foods, Inc.",outstandingfoods.com
"Zuma Valley, LLC",zumavalley.com
Noshman's Bagel,noshmans.com
"Saras Soup, LLC",thesoupergirl.com
"Your Super, Inc.",yoursuper.com
"Pillars Yogurt, LLC",pillarsyogurt.com
"Healing Home Foods, Inc.",healinghomefoods.com
Landy Corp. dba Dr-Chew,dr-chew.com
"Dr. Harvey's Healthy Formulations, Inc.",drharveys.com
"Proteus Commodities, Inc.",proteus-commodities.com
"SoFine Food, LLC dba Dress It Up Dressing",dressitupdressing.com
"Spice Mama, LLC dba Just Date Syrup",enjoyjustdate.com
"Frozen Garden, LLC",thefrozengarden.com
"Holista Foods, Inc.",holistafoods.com
"Pasta Dreams, LLC dba Eat Nice Foods",eatnicefoods.com
"Steve & Andy's Organics, Inc.",steveandandys.com
"Agbanga Karite, LLC",agbangakarite.com
"Smoke Hall Foods, Inc. (SHF) dba The General's Hot Sauce",generalshotsauce.com
"Pearson Sales Co., Inc. (PSC)",pearsonsales.com
"Midwest Ingredients, Inc.",midwestingredients.com
"Bluehall Bakery, LLC dba Meli's Monster Cookies",melismonstercookies.com
"Elements Truffles, LLC",elementstruffles.com
"Stagg Jams, LLC dba BRINS",brinsjam.com
"The Ballard Group, Inc. dba Salmate",salmate.com
"Purebred Co., Inc.",purebredcompany.com
"Pet Food Ingredients, Inc.",petfoodingredients.com
"Van Elderen, Inc.",vaneldereninc.com
"Footnanny, Inc.",footnanny.com
"Good Grains, LLC",goodgrains.com
"Shameless Pets, LLC",shamelesspets.com
"Avonaise Foods, LLC",avonaise.com
"Nature's Kitchen, LLC dba Galangso",galangso.com
"Baron's Specialty Foods, Inc.",baronsspecialtyfoods.com
"Farmtrue, LLC",farmtrue.com
"Mosul Kubba, Inc.",mosulkubba.com
"Cookie DO, Inc.",cookiedonyc.com
Atina Foods And Emporium,atinafoods.com
Vienna Cookie Co.,viennacookiecompany.com
"Sattva Vida, Inc.",sattvavida.com
"Marx Companies, LLC",marxcompanies.com
"Oven Arts, LLC",ovenarts.com
"Kitchen28, LLC dba Those Nuts!",thosenuts.com
"L'Obsidian, LLC dba Essiespice",essiespice.com
"CRE Online Ventures, LLC dba The Tru-Nut Co.",tru-nutbutter.com
"Paul's Gourmet Brands, LLC dba Paul's Perky Produce",paulsperkyproduce.com
Cookie Couture and Healthy Sensations,cookiecouturegf.com
"Mediterranean Gyros Products, Inc.",mediterraneanpita.com
"Le Bon Magot, LLC",lebonmagot.com
Superior Meats Co.,superior-meats.com
"Outrageous Baking Co., Inc.",outrageousbaking.com
Enjoy Biscotti Co.,enjoybiscotti.com
"Whole Fresh Foods, Inc.",wholefreshfoods.com
"Halal Transactions, Inc. dba Halal Transactions of Omaha (HTO)",halaltransactions.org
"Beau Delicious! International, LLC dba Cafe' Yumm!",cafeyumm.com
"Seven Stars Bakery, LLC",sevenstarsbakery.com
My Real Earth,myrealearth.com
"Don Pancho Authentic Mexican Foods, Inc.",donpancho.com
"Yoplait USA, Inc.",yoplait.com
"Walrus Snack Brands, Inc. dba Quevos",quevos.com
"Chagit Products, Inc.",chagit.com
"Blue Runner Foods, Inc.",bluerunnerfoods.com
"El Matador Foods, Inc.",elmatadorfoods.com
"TrueGrade, LLC",truegradefoods.com
"North Country Smokehouse, LLC",ncsmokehouse.com
Lenox Food Sales,lenoxfoodsales.com
"Margarita's Tortilla Factory, LLC",margaritastortillafactory.com
"Texas Custom Spice Co., LLC",texascustomspice.com
"Sunrise Mexican Foods, LLC",sunrisemexicanfoods.com
"Kruger Commodities, Inc.",krugerinc.com
"Initiative Foods, LLC",initiativefoods.com
Oregon Culinary Institute (OIC),oregonculinaryinstitute.com
Busy B Farm,busybfarm.com
"Truco Enterprises, LP dba On The Border Chips",ontheborderchips.com
"Agrilac, Inc. dba Codex-ing",codex-ing.com
"DineWise, Inc. dba Home Bistro, Inc.",homebistro.com
"Tyson Fresh Meats, Inc.",tysonfreshmeats.com
"REAP Food Group, Inc.",reapfoodgroup.org
