name,domain
Baba's Chips,babaschips.com
CT Cantina & Taqueria,cttacos.com
Hardy Coffee Co,hardycoffee.com
Jackson Meat,jacksonmeat.com
JLB Patisserie,jlbpatisserie.com
Live Crunchier,livecrunchier.com
The Polished Pastry,thepolishedpastry.com
Journey Chocolate,journeychocolate.co
Lavishea Lotion,lavishea.com
Molly's Salads,trymollys.com
Honey Crumb Cake Studio,honeycrumb.com
Wicked Walnuts,wickedwalnuts.com
Monster Creole Seasoning,monsterseasoning.com
Tascala Artisan Chocolate,tascalachocolate.com
Blue Pacific Grill,thebluepacificgrill.com
Buns Of Fun,bunsoffun.co.uk
Triangle B Meats,trianglebmeats.com
Holy Guacamole,holyguacamolemain.com
Yeti Frozen Custard,yetispot.com
Allen's New York Pizza,allensnewyorkpizza.com
Chicken Rico,chicken-rico.com
Kloby's Smokehouse,klobysbbq.com
Abundance Food Co-op,abundance.coop
Best Productions,dbestproductions.com
Dos Amigos Burritos,dosamigosburritos.com
Hyderabad House,hyderabadhouse.net
NONG'S,kmgpdx.com
Oikos Company Inc,oikosyogurt.com
Osseo Meat Market,osseomeats.com
Priory Fine Pastries,prioryfinepastries.com
RED ROUX,redroux.myshopify.com
Tasty Island,tastyislandhawaii.com
The Vegan Cheesecake Company,thevegancheesecakecompany.com
victors restuarant,victorsrestaurant.com
alysespieces,alysespieces.com
Ricky Bakery,rickybakery.com
The Naked Cupcake,thenakedcupcakeorlando.com
Azzizahs Herbal Green Popcorn,herbalgreenpopcorn.com
The Vedic Store,thevedicstore.com
Beach Bagels,beachbagels.biz
Marathon Deli,marathondeli.com
Savage Goods,savagegoods.com
Braun Seafood Co,braunseafood.com
Cakes and Things,cakes-n-things.com
Cheese Co,thecheeseco.com
De Vega Brothers,devegabrothers.com
Cha2o Vietnamese Restaurant & Dessert Lounge,cha2o.com
Dia Delights,diadelights.com
Fabian Seafood,fabianseafood.com
Five Deep Healthy Vending,fivedeephealthyvending.com
Wade's Mill c. 1750 (Wade's Flour Mill LLC),wadesmill.com
Kim Baker Foods,kimbakerfoods.com
Reliable Market,thereliablemarket.com
The Chocolate Fetish,chocolatefetish.com
California Meat Market,rennasmeatmarket.com
Falafel Chef,falafelchef.com
"Farine, Bakery & Cafe LLC",farinecafe.com
Peach Craft,thepeachcraft.com
TheSpiceCo,thespice.co
BrazilianCoffeeStore,braziliancoffeestore.com
Eclair Bakery,eclairbakery-nyc.com
Premiere Brand Meats,premieremeat.com
"REAL LiFE RUBS, LLC",realliferubs.com
Crazy Candy & Collectibles,crazycandy.com
Local Harvest,localharvestgrocery.com
The Cake Box,thecakeboxmiami.com
A Goodman's Desserts,agoodmansdesserts.com
Michigan Spice Company,michiganspicecompany.com
Pigchaser BBQ Sauce,pigchaser.com
Wisconsin State Cranberry Assn,wiscran.org
Kung Pao Bowl,kungpaobowl.com
Mission Coffee Co LLC,missioncoffeeco.com
Muriel's Kitchen,murielskitchen.co.uk
Fosdal Home Bakery,fosdalbakery.com
Miracle Saltworks Collective,miraclesaltcollective.com
The Hamsa Brand,thehamsabrand.com
Alaska Coffee Roasting Co.,alaskacoffeeroasting.com
Doggie Bag Café & Pet Boutique,doggiebagcafe.com
Forum Caterers,forumcaterers.com
Giant Food Mart,giantfoodmart.com
Jake’s Falafel Corner,jakesfalafel.com
Joe Patti Seafood Co,joepattis.com
Old Town Spaghetti Store,oldtownspaghettistore.com
Syracuse Suds Factory,sudsfactory.com
American Foods,usamericanfoods.com
DiFiore Ravioli Shop,difioreraviolishop.com
Mothers Cookies,motherscookies.com
T O Nam Sausages,tonamsausage.com
CREPE-MADAME,crepe-madame.com
Pavona Dolci,pavonadolci.com
Hurry Chutney,hurrychutney.com
"Rico Foods, Inc.",ricofood.com
Some Crust Bakery,somecrust.com
Damn Good Pepper,damngoodpepper.com
"Keen Ingredients, Inc",keeningredients.com
KEEP FOOD FRESHER LONGER,keepfoodfresherlonger.com
KGWans hot sauce,1xinfin.com
Nora Mill Granary,noramill.com
Pup & Pantry,pupandpantry.com
Riverbank Farm,riverbankfarm.com
The G.O.A.T. Beef Jerky Co,thegoatbeefjerkyco.com
The Brattleboro Food Co-Op,brattleborofoodcoop.coop
Kudler Fine Foods,vfabrefakewebsite.host-ed.me
Old Drovers Inn,olddroversinn.com
Rocky Mountain Taco,rockymountaintaco.com
Simply Pho House,simplyphohouse.com
Canasta Food Truck,canastakitchen.com
Crumbcoat Confections,crumbcoatconfections.com
Makaha Mangoes,makahamangoes.com
"Stormalong Cider, LLC",stormalong.com
"Butterfield Market and Catering, LLC",butterfieldmarket.com
Famiglia Bistro Ristorante,famigliabistro.com
Gastronome Catering,gastronomecatering.com
Homestead Baking Co,homesteadbaking.com
Peter Sciortino’s Bakery,petersciortinosbakery.com
Sugar N Spice Catering,sugarnspice.in
Better Bowl,betterbowl.com
CommonWealth Coffeehouse & Bakery,commonwealthcoffeehouse.com
"Sweet Joe's, LLC",sweetjoes.com
B&J's Pampered Pup Bakery,pamperedpuptreats.com
"Living Jin, Inc.",livingjin.com
Sprinkles Potomac,sprinklespotomac.com
Steak It Catering and Meal Preps,steakitlv.com
SunCafe Organic,suncafe.com
Wake-N-Bagel,wake-n-bagel.com
Bromley Meats,bromley-meats.hub.biz
Hirschs Specialty Meats,hirschsmeats.com
Taco Tontos,tacotontos.com
The Gelato & Pastry Institute of America,gpiamerica.org
Pickles Delicatessen,picklesdelistl.com
"STOCKWELL CELLARS, INC.",stockwellcellars.com
Swagruha Foods Llc,swagruhafoods.net
Best Reviews for Kitchen,bestreviewsforkitchen.com
Wedding Cakes by Tammy Allen,weddingcakesbytammyallen.com
"Cherry Grove Farm, LLC",cherrygrovefarm.com
Fairfax Market,fairfaxmarket.net
Autonomous Yacht Catering,aycater.com
Bee Infuzed,beeinfuzed.com
Olney Grille,olneygrille.com
The Cheese Box,cheesebox.com
Cake Classics,cakeclassics.com
Festive Breads,festivebreads.com
Schoppee Farm,shopschoppee.com
Sourced in Nature,sinfoods.com
The Wellness Barn,twbarn.com
Upper Crust Dessert Catering,uppercrustdessertcatering.com
"Village Bakery, LLC",villagebakerymf.com
K B Foods,kbfood.com
Locally Laid Egg Company,locallylaid.com
Sandwich Emporium,sandwichemporium.com
Bar Bell Bee Ranch,barbellbee.com
Premiere Caterers,premier-caterers.com
Cakes By Daneta,cakesbydaneta.blogspot.in
Cinnaholic Schaumburg/ Evanston,cinnaholicschaumburg.com
Hayden Farms,haydenfarms.org
HMM Nutricare Foods,hmmnutricare.com
Prohibited Provisions,prohibitedprovisions.com
Main Street Meat Co,mainstreetmeat.com
Wisconsin Hop Exchange (WHEx),wisconsinhopexchange.com
Bayco Vending,baycovending.com
Southern Bear Foods,southernbear.net
Meridian Food Services,meridianfoodservices.com
Mocha Moment,mochamoment.com
The Outrageous Bagel Co.,outrageousbagel.com
Family Owned Markets,familyownedmarkets.com
Northwest Ingredients Inc,nwingredients.com
Mehfil Indian Cuisine,mehfilindian.com
Owens Meats,owensmeats.com
Simons Market,simonsmarket.com
Islensk Hollusta ehf,islenskhollusta.is
Mamalee's Cookies,mamaleescookiesandcakes.com
Delicasea Brand Frozen Seafood,delicasea.us
Heritage Bakery,heritage-bakery.com
Nuts4u,nuts4u.in
The Cupcake Couture,thecupcakecouture.com
VeganDóttir,vegandottir.dk
TCM Cookie,tcmcookie.com
Artisan Geek,artisangeek.com
BreezeBoxx,breezeboxx.com
Dahlia & Sage Community Market,dahliasagemarket.com
Dough & Co.,doughandcobaking.com
First Choice Coffee Service,firstchoicecoffeeservice.com
Haydel's Bakery,haydelbakery.com
Mothersauce Partners,mothersaucepartners.com
"Subarzsweets, LLC",subarzsweets.com
The Biome Bakery,biomebaking.com
IWA Sushi,iwasushi.com
Mariachi Grill,mexicanmariachigrill.com
River City Pizza,rivercitypizza.net
Super Chunk Sweets & Treats,superchunk.me
Cake Crumbs,cake-crumbs.com
"SOUTHWINDS FARM, INC.",southwindsfarm.org
Wicked Sprout,wickedsprout.com
501 On Main,501onmain.com
Oswego Sub Shop,oswegosubshop.com
"THE GALLEY - A GOURMET PANTRY, LLC",thegalleynsb.com
Cathy Caters,cathyscatering.com
East Coast Bagel,eastcoastbagel.com
Good Egg Restaurant LLC,thegoodeggaz.com
FORKETO,forketo.co
Kemach Food Products Corp.,kemach.com
Dearling Blends,dearlingblends.com
Napoleon Coffee,napoleoncoffee.co
TANGO Argentina Food,tangoargentinafood.com
Amazona Cocoa,amazonacocoa.com
Babaziki,babaziki.com
Fortina,fortinapizza.com
Goldies Baking Inc.,goldiesbaking.com
IT'S ABUNDT TIME,itsabundttime.com
NeighborFoodGroup,neighborfoodgroup.com
Oasis Naturals Foods,oasisnaturals.net
Sweet Bee,sweetbeechicago.com
Chaak Healthy Snacks,chaaksnacks.com
Living Earth Market,lefoods.com
Smokey Denmark's Sausage Company,smokeydenmark.com
Suvoi,suvoi.com
Tony's Pizza Hagerstown,pizzahagerstown.com
Associated New York State Food Processors (ANYSFP),nysfoodprocessors.org
Caramel Cookie Waffles Corp,caramelcookiewaffles.com
Kindle Coconut,kindlecoconut.com
Willow Rest,willowrest.com
Best Stop Supermarket,beststopinscott.com
Blueys Market and Café,blueyskitchen.com
Johannes Püttner Brauerei,puettner-braeu.de
Amphora Bakery,amphorabakery.com
Crave Bakehouse,cravebakehouse.com
Money Pop,moneypop.com
Tutto Italiano,tuttoit.com
Urkeb Inc.,urkeb.com
Viktor Benes Bakery,viktorbenes.com
Chai Wallahs Of Maine,chaiwallahsofmaine.com
CupKate's LLC,cupkatescakes.com
Runaway Apricot,runawayapricot.com
"Daddy Pete's BBQ, LLC",daddypetesbbq.com
Thank Hummus,thankhummus.com
"Dallas USA Foods, Inc.",dallasusafoods.com
"HRR Enterprises, Inc.",hrrenterprises.com
Oneota Community Food Co-op,oneotacoop.com
Ono Bowls,onobowls.net
Pure Grit BBQ,puregritbbq.com
"It's Poppin' Gourmet Popcorn, LLP",itspoppinllc.com
PRIMAL: Your Local Butcher,primalyourlocalbutcher.com
Santa Clarita Concessions Inc,santaclaritaconcessions.com
Teds Pizza,tedspizzapie.com
Boca Burger House,bocaburgerhouse.com
"Louis Foods, Inc.",louisfoods.com
Matcha Sense,matchasense.com
The Last Crumb Bakery,thelastcrumb.com
"Ah' Pizz, Cucina di Italia",ahpizz.com
"Eileen's Special Cheese Cake, Inc",eileenscheesecake.com
Food Made Great,lynellefurbush.wixsite.com
"K & J ORCHARDS, LLC",kjorchards.blogspot.com
Tasty Chai,tastychai.com
Legends Of Aurora,legendsofaurora.com
Nature's Yum,naturesyum.com
Edda's Cake Company,eddascakedesigns.com
Wells Farms,wellsfarmsbeef.com
"Beau's Biscuits, LLC",beausbiscuitsllc.com
Food City Supermarkets,foodcityep.com
Hawthorne Fine Breakfast Pstry,hawthornefinebreakfastpastry.com
SuperPetfoods,superpetfoods.co
Hailee Cakes,haileecakes.com
Great Lakes Packing Co. (GLPC),greatlakespacking.com
Little Croc Bakehouse Inc.,littlecrocbakehouse.com
New York Burger Co,newyorkburgerco.com
Bäckerei Stöcker Reinhold,baeckerei-stoecker.de
Bamboo Bites,bamboobites.com
Classic Coffee,classiccoffeeca.com
Goodos For Doggos,goodos4doggos.com
"Nalls Produce, Inc.",nallsproduce.com
Chicago Market - A Community Co-op,chicagomarket.coop
Formosa Market,formosamarket.com
Picolé,picolepop.com
The Just Crust,thejustcrust.com
Grow Good Foods,growgoodfoods.com
Laura's Mercantile,laurasmercantile.com
"ROBERT IS HERE, INC.",robertishere.com
201 Salsa,201salsa.com
Creme de la Cake,cremecake.com
Poke-Poke,poke-poke.com
Sushi Boss,sushibossindy.com
The Chili Hut,thechilihut.com
Amoy North America Inc,amoyusa.com
Culinary Concepts Llc,culinaryconcepts.com
The SisterYard,thesisteryard.com
Wow Wings,wowwinghouse.com
American Select Foods,americanselectfoods.com
Cookie Girl,cookiegirlbakeshop.com
Island Pacific Supermarket,islandpacificmarket.com
Player One Coffee,playeronecoffee.com
Sincere Cider,sincerecider.com
Vista Vending,vistavendingnw.com
American White Label CBD,americanwhitelabelcbd.com
Mamtakim Inc.,mamtakim.us
Poppin' Olive,poppinolive.com
"VapeHub, Inc.",vapehub.com
Catherine Carber Candies,carbercandy.com
Hunger Pangs Food Group,hungerpangsgroup.com
Mayfair Bakery,mayfairbakery.com
West Village Market,westvillagemarket.com
Wooden Knife Co.,woodenknife.com
3 Lily's Pastry Shop,3lilyspastryshop.com
Laker Shakes,lakershakes.com
Pasta Volo,pastavolo.com
Timber Lodge of Medina,timberlodgemedina.com
Vizcarra Vineyards,beckerfarms.com
Sweet Obsession Cheesecakes,sweetobsessioncheesecakes.com
Tastebud Temptations,tastebudtemptations.com
Tso’s Asian Cuisine,tsosasiancuisine.com
Ubon Thai Kitchen,ubonthaikitchen.com
Foothill Feed & Mercantile LLC,foothillfeedreno.com
Kauannas Kitchen,kauannaskitchenconcessions.com
LA NUEVA PUNTADA LP,lanuevapuntada.com
LG’s Goodies,lgsgoodies.weebly.com
"LIVING 360 ORGANICS, LLC",living360purealivewhole.com
Queen Sheba's Restaurant (House of QS),queenshebas.com
Stan’s Northfield Bakery,stansbakery.com
Stout's Pizza Co,stoutspizza.com
Tuscan Blu,tuscanblu.com
Brown Rice Thai Kitchen,brownricethaikitchen.com
Cartwright’s Delicatessan,cartwrightsmarket.com
Dashen Ethiopian Cuisine,dashenethiopiannj.com
Fantasy Cakes,fantasycakes.com.au
Friendly Meals,eatfriendlymeals.com
Milpa Kitchen & Cantina,milparestaurant.com
Soup in a Bowler,soupinabowler.com
Speedie Bean,speediebean.com
Westers Backfuchs Bäckerei,westers-backfuchs.de
American Halal Meat Inc,americanhalalmeat.com
Artesia Springs Llc,artesiasprings.com
Tukabear Treats,tukabeartreats.com
Oak Mill Bakery,oakmillbakery.com
Bianco & Sons Sausage,biancosausage.com
Couture Cakes,couturecakeshop.com
Kernel Kullman,kernelkullman.com
Bourgeois' Cajun Made Foods,cajunmadefoods.com
La Fromagerie Cheese shop,lafromageriesf.com
Little Sugars Shop,littlesugarshop.com
Original Prestos,prestoswny.com
Tom Dooley Orchard,tomdooleyorchards.com
Onion Roll,theonionroll.com
Pulaski Meat Products,pulaskimeats.com
La Victoria Foods,lavictoria.com
"Global Sales and Marketing,  LLC",goglobalsales.com
Morning Fresh Farms Inc,morningfresh.com
Nicks Produce,nicksinternationalfoods.com
Shang Hai Cafe,shanghaicafecp.com
"Antica Olive Oil , Balsamic Vinegars and Spices",anticaoliveoil.com
Mandarin Hill Orchards,mandarinhillorchards.com
Tamahli,tamahli.com
"THE HUNGRY GREEK, INC.",thehungrygreek.com
"Bjorn's Colorado Honey, Inc.",bjornscoloradohoney.com
Born to Crunch,borntocrunch.com
Captain Trey’s Crabs & Seafood,captaintreys.com
Knowlton Corner Farm,knowltoncornerfarm.com
Pepper’s Grill & Sports Pub,pepperssportspub.com
Son Fish Sauce,sonfishsauce.com
Mid Missouri Peaceworks,blog.midmopeaceworks.org
Al-Jazeera Market,jazeeramarket.com
Hershey’s Farm Market,hersheysfarmmarket.com
Jamesport Vineyards,jamesportwines.com
JoGo Straw,jogostraw.com
Raina’s Kitchen,rainaskitchen.weebly.com
Soosh,sooshct.com
Sarah Bakes LLC,sarahbakes.com
Cogman’s Creek,cogmanscreek.com
Crown Valley Market,crownvalleymarket.com
G & S Pizza,gspizzanewbedford.com
"JERRY & JOE'S PIZZA, INC.",jerryandjoes.com
LOGAN FAMILY FARMS LLC,loganfamilyfarmsllc.com
"OLIVE CRUSH LLC, THE",theolivecrush.com
Perfections By Allan,perfectionsbyallan.com
Randazzos Little Italy,randazzoslittleitaly.com
Simply Cakes by Jae,simplycakesbyjae.com
Teloloapan Meat Market,supermercadosteloloapan.com
WiseGuys A Chicago Eatery,wiseguyschicago.com
Bagel Deli,bageldeli.com
Crumb Brothers Artisan Bread,crumbbrothers.com
Fessler's Sauces,fesslersauces.com
Huron Foods,huronfoods.com
Rusty's Peanut Brittle,rustyspeanutbrittle.com
The Clam Man Inc,theclamman.com
Brighton Honey,brightonhoney.com
"Byron Center Wholesale Meats, Inc. dba Byron Center Meats (BCM)",byroncentermeats.com
Jacques Torres Chocolate,mrchocolate.com
Kous Kous,kouskous.com
Spring Mill Bread Co,springmillbread.com
Tom Yum Authentic Thai,tomyumthaiaz.com
Wandies By Pina,wandiesbypina.com
Belle Baking,bellebaking.com
Bulldog Bakery,bulldogbakery.com
Daa! Dumplings,daadumplings.com
La Toscana Ristorante,ristorantelatoscana.com
Natural Gourmet,naturalgourmetinstitute.com
Ozzie’s Italian Deli,ozziesdeli.com
Rastelli Market Fresh,rastellimarket.com
Tulip Caterers,tulipcaterers.com
Popped!,123popped.com
Bannerbee,bannerbees.com
Churro Factory,churrofactory.com
Devotay,devotay.net
feelfood,feelfoodny.com
Grand Ole Creamery & Grand Pizzeria,grandolecreamery.com
Iguana Coo Fresh Foods,iguanacoofreshfoods.com
Inorex Inc,save-u-more.com
Rosie's Bakery,rosiesbakery.com
Vet Cbd Usa,vetcbdusa.com
Amber Raw Honey,rawhoney.us
Ames Farms,amesfarm.com
Tea Dealers,teadealers.com
Ambrosia Euro American Patisserie,discoverambrosia.com
Bamboo Bakery,bamboobakery.com
Davis Bakery,davisbakery.net
Hanover Vegetable Farm,hanovervegetablefarm.com
Smile Biscotti,smilebiscotti.com
Southfinest Meats,southsfinestmeats.com
Tandoor Cuisine Of India,tandooroc.com
The Fit Pig,thefitpig.com
Variations Pastry Creations,variationsbakery.com
Yummy Mummy Bakery,yummymummybakery.com
Fresh Seven Coffee,freshsevencoffee.com
Full Skoop,fullskoop.com
Razzleberriez,razzleberriezyogurt.com
Positive Pretzels,positivepretzels.com
Tortilla Lady,tortillalady.net
"TrueFoods America All Natural Pet Food, Inc.",truefoodsamerica.com
Butcher Farms,butchersfarmmarket.com
Great Falls Harvest,greatfallsharvest.com
Modern Oats,modernoats.com
My Sweet Kake,mysweetkake.com
NutriNoodle,nutrinoodle.com
Parkit Market,parkitmarket.com
Quantum Microgreens,quantummicrogreens.com
The Kettle Boys,kettleboys.com
Cafe La De Da Gluten Free On The Go,cafeladeda.com
Compliments Food Co,complimentsfood.com
Sue Jacobs Cakes,suejacobscakes.com
Amy & Tammy's Boxed Lunch Company,boxedlunchcompany.com
Marga's Lil Cakes,margaslilcakes.com
"Sherry's Yum Yums, LLC",sherrysyumyums.com
Sweet P’s Cakes & Confections,cakesbysweetps.com
"CREPE CRAZY, LLC",crepecrazy.com
Flour & Oats Artisan Cookies,flour-and-oats.com
Tasty Morsels Bakery,tastymorselsbakery.com
Amana Coffee & Tea,amanacoffeeandtea.com
Cow Chip Cookies,cowchipcookies.com
Mo Green Juice,mogreenjuice.com
Oriental Garden Chinese,orientalgardenspring.com
Oscar's Taco Shop #8 LLC,oscarstacoshop.com
Abbott Pizza,abbottrdpizza.com
Chengdu Impression,chengduimpression.com
Evolution Artisan Confections,evolutionartisanconfections.com
Harper’s Sandwiches & Such,harperssandwiches.com
Katy’s Kandies,katyskandies.com
"RAW FEEDING MIAMI, LLC",rawfeedingmiami.com
"Sundance Natural Foods, Inc.",sundancenaturalfoods.com
Tallulah on Thames,tallulahonthames.com
A Mercurio Sons,amercuriosons.com
"Boil Boss, LLC",theboilboss.com
Buddy Gourmet,buddygourmet.com
"DECKERS FOOD CENTER OF NEWCASTLE, INC",deckersmarket.com
Harbor House Sweets,harborhousesweets.com
Oka Sushi,okasushinyc.com
Oliphenol,oliphenol.com
"Prairie Grove Farms, LLC",prairiegrovefarms.com
"RJ MEXICAN CUISINE, L.L.C.",rjmexicancuisine.com
Bon Vegan,bonveganeats.com
D'Delicious Delicacies,ddeliciousdelicacies.com
Houseman’s Foods,housemansfoods.com
Satay Thai,thaisataynashville.com
WILDFLOUR GLUTEN-FREE BAKING COMPANY,wildflourglutenfree.com
Annapurna Corp,annapurnagroup.in
Antoninis Subs and Steaks II,antoninisubs.com
"Cakeheads, LLC",cakeheadsbakery.com
"JOHNSON'S CUSTOM CAKES, INC.",johnsonscustomcakes.com
Mama Crunk's Pies LLC,mamacrunkspies.com
OutCider Cidery,glutenfreeoutcider.com
Rimi’s Indian Bakers’n Grocers & Gifts,indianbakersngrocers.com
The Raw Diet Health Shop,therawdiet.com
"Baker & Murakami Produce Co., LLLP",bakerandmurakami.com
Candy Town USA,candytownusa.com
Grand and Essex Market,grandandessex.com
HappyCakes Cupcakery,thehappycakescupcakery.com
"LADYCAKES, LLC",iloveladycakes.com
Lavore’s On the Hill,lavoresonthehill.com
Main Street Fudge An Popcorn,mainstreetfudge.com
MYHOUSE COOKIES LLC,myhousecookies.com
Noi Thai Cuisine - Hawaii,honolulu.noithaicuisine.com
Old Town Farmers Market,oldtownfarmersmarket.com
That Little Italian Kitchen,italiandelicatering.com
The Mushroom Cap,themushroomcap.com
Vincent’s Italian Cuisine,vincentsitaliancuisine.com
Baklava Shop,thebaklavashop.com
Cardinal Apiaries,cardinalapiaries.com
Dessertworks,dessertworkscakery.com
Fendu Boulangerie,bakerieshonolulu.com
Frangella Italian Market,frangellaitalianmarket.com
Kabob Corner of Fredericksburg,kabobcornerfredericksburg.com
Madcakes,madcakes.com
SETO FRUIT & PRODUCE CO INC,setowholesale.com
SNOQUALMIE VALLEY FOOD BANK,snoqualmievalleyfoodbank.org
Sunshine Farm Market,sunshinefarmmarket.com
BitterSweets Bakery,bittersweetsnm.com
Blue Agave Mexican Grill,blueagavemexicangrill.com
Ena’s Jerkmania!,thatsjerk.com
KornUtopia,kornutopia.com
Lulu Cake Boutique,everythinglulu.com
Shaggy Dog Bakery,shaggydogbakery.com
Spielman Bagel Cart,spielmanbagels.com
Built In Distributors,bidappliance.com
"Del Fresh Produce, Inc.",delfresh.com
Desserts Of Distinction,dessertsofdistinction.com
Grant Park Packing,grantparkpacking.com
La Terra Bakery & Cafe,laterrabakerycafe.com
Nutty Canine,nuttycanine.com
"Rancho Foods, Inc.",ranchofoods.com
Amante Italian Pizzeria,amanteitalianpizza.com
YummY's Funnel Cakes Food Truck,yummysfunnelcakes.com
Gold Beach Lumber Yard Inc,goldbeachlumber.com
Katie's Pizza,katiespizzacafe.com
"Marino's Pizzeria, LLC",marinospizzeria.us
MARY'S CUBAN KITCHEN AND BAKERY INC.,maryscubankitchen.com
Carroll’s Meats,carrollsmeats.com
Jolie’s Chinese Traditional Food,jolieschinesefood.yolasite.com
Smokey Stax BBQ Catering,smokeystaxbbq.com
44 North Coffee,44northcoffee.com
Bay Flora,bayflora.com
Halfway To Hana Inc,halfwaytohanamaui.com
Kula Revolving Sushi Bar,kulausa.com
Tucker & Bevvy Breakfast,tuckerandbevvy.com
Mast Brothers Chocolate,mastbrotherschocolate.com
Sweet Binneys,sweetbinneys.com
Wicked Taco,wickedtaco.com
Abeetza Next Door,abeetza.com
CATHY'S FINE CHOCOLATE LLC,cathysfinechocolate.com
Free Love Bakery,freelovebakery.com
Guy’s Meat Market,guysseasoning.com
Kellers Farm Store,kellersfarmstores.com
Wildberry Market,wildberrymarket.org
Cerroni’s Purple Garlic,cerronispurplegarlic.com
Hearth & Haven,hearthandhaven.com
JB Bakery,jbbakery.com
Masri Sweets,masrisweets.com
Midwest Breakfast Company,midwestbreakfastco.com
Paradise Donuts,paradisedonuts.com
Silver Spoon Bake Shop,silverspoonbakeshop.com
Pita Chip Modern Middle Eastern Restaurant Group,pitachipphilly.com
Amor Chocolate Fountains,amorchocolatefountains.com
Hole Foods LLC,schmagelsbagels.com
Maribelle Cakery,maribellecakerycincinnati.com
"MISS CORDELIA'S, LLC",cordeliasmarket.com
Moore Honey Farm,moorehoney.com
Shirley’s Bagels,shirleysbagels.com
True Confections,trueconfections.ca
Uptown Dog Cape Cod,uptowndogcapecod.com
Cowtown Cheesecake Bakery & Cafe,cowtowncheesecake.com
"Food Ingredients Technology Co., LLC (FITCO)",fitco.com
"Sysco Cincinnati, LLC",syscocincinnati.com
Natural Vapor,natural-vapor.com
Third Avenue Chocolate Shoppe,thirdavenuechocolateshoppe.com
Edible Creations by Gerry,ediblecreationsbygerry.com
Elayne’s Custom Cakes,elaynescustomcakes.webs.com
FLORIDA STRAWBERRY PATENT SERVICE CORPORATION,flastrawberry.com
Ghrelin Eats,ghrelineats.com
Parma Delicatessen,parmadeliconcord.com
"Wagamama, Ltd.",wagamama.us
The Cake & Candy Depot,cakeandcandydepot.com
Almadina Supermarket,almadinamarket.com
Bento Bop,bentobop.com
"Harbor Hemp Co., LLC",harborhempcompany.com
Long's Meat Market,longsmeatmarket.com
The Breakfast Stop,bonhambreakfaststop.com
Village Meats & Market,villagemeatsandmarket.com
Ganey Orly,ganeyorly.com
The Shiroyama Sushi Company,shiroyamasushico.com
B&B QUALITY MEATS L.L.C.,bandbqualitymeats.com
Bagel Junction,bageljunctiondelicafe.com
Baladi Mediterranean Cafe,baladicafe.com
Cheese Galore and More,cheesegaloreandmore.com
City Feed & Supply,cityfeedandsupply.com
City Orchard,cityorchardhtx.com
Crispy Crepe,crispycrepe.com
FERRANTE'S MEATS & MORE,ferrantesmeats.com
CATHEADS BBQ & COUNTRY COOKIN,catheadsbbq.com
COCOPOD,cocopod.net
Sixpence Pie Company,sixpencepiecompany.com
Snack Warehouse,snackwarehouse.com
Virginia Kitchen,vakitchen.com
Give Thanks Bakery,givethanksbakery.com
Original Bay Goodman,baygoodman.com
Purple Dragon Organic Produce Co-op,purpledragon.com
Buxton Munch Co Restaurant,buxtonmunch.com
"CHOCOSPHERE, L.L.C.",chocosphere.com
Holy City Healthy Vending,hchealthyvending.com
Kelley Pure Essential Oils,kelleypureessentialoils.com
The Canine Scrub,thecaninescrub.com
Whalen Foods Inc,whalenfoodsinc.com
Claverach Vineyard and Organic Farm,claverachfarm.com
Cookie Chicks,cookie-chicks.com
Fil-Am Bake Shop,filambakery.homestead.com
German Bread Bakery,germanbreadbakerylasvegas.com
Kittery Community Market,kitterycommunitymarket.com
Pingo Bakery,pingobakery-seafoodhouse.com
Amaral’s Market,amaralsmarket.com
Boudin King Restaurant,boudinlink.com
Burnt Valley Farm,burntvalleyfarm.com
Jarling's Custard Cup,jarlingscustardcup.com
Juva Columbus,juvajuice.com
"LEACH GRAIN & MILLING CO., INC.",leachgrain.com
Leo’s Market,leosmarketnewport.com
Ma Jong’s Asian Diner,majongs.com
Paras Pets,paraspets.com
PITA LICIOUS LLC,austinpitalicious.com
Sim’s Bar-B-Que,simsbbq.com
The Frothy Cup,thefrothycup.com
Top of the Mountain Vegetable Farm,topofthemountainvegetablefarm.com
Vy’s Pho,vyspho.com
PEPPER BOX CAFE LLC,pepperboxpdx.com
"Ralph's SnoBall Supply, Inc.",snowballsupply.com
Slo Veg,sloveg.com
Wang Sushi,wangsushi.com
"Baltimore Dog Bakery, LLC",baltimoredogbakery.com
Café Créma,cafecremaphilly.com
Cannon Beach Bakery,cannonbeachbakery.com
Flirty Cakes,flirtycakes.com
Lai Thai Cuisine,laithaicuisine.com
Market Ice House,destinice.com
Schloss Wülflingen,schloss-wuelflingen.ch
MightyTasty,mightytasty.com
Simple Fare Delicatessen,simplefaremedford.com
Black Seed Bagels,blackseedbagels.com
"CREPES NO KA 'OI, LLC",crepesnokaoi.com
Meiji Japanese Cuisine,meijinwa.com
Shanghai Mamas,shanghaimamas.com
Susan Irby,thebikinichef.com
Billys Meats Seafood and Deli,billyssanclemente.com
"Brown Family Farm, Inc.",brownfamilyfarmmaple.com
Chem-Dry of Arlington and Alexandria,chemdryofarlingtonandalexandria.com
Hi Brazil Market and Boutique,hibrazilmarket.com
JoJo’s Grill-A-Dog,jojosgrilladog.com
Kopper-Kettle Candies,kopperkettlecandies.com
"My Sweet Roots, LLC",mysweetroots.com
Thai Spice & Sushi,thaispiceoflakewoodranch.com
The Bakery at Windy Ridge,windyridgebakery.com
Cava Mezze,cavamezze.com
Elite Event: Milk And Honey Cafe,milkandhoneyfremont.com
Extreme Pizza - San Diego,clairemont.extremepizza.com
Lee’s Meats & Sausages,leesmeats.com
"Miravalle Foods, Inc.",miravallefoods.com
Salty-Savory-Sweet Spices & Teas,salty-savory-sweet.com
Charm Thai Kitchen,charmthaisd.com
City Tacos,citytacossd.com
Hudson Valley Grass Fed Beef,hudsonvalleygrassfedbeef.com
Lioni Italian Heroes,lioniheroes.com
NATIONAL SWEET SORGHUM PRODUCERS AND PROCESSORS ASSOCIATION,nssppa.org
Patricia’s Chocolate,patriciaschocolate.com
Sugar Bee Waxing,sugarbeewaxing.com
Sunrise Deli,sunrisedelisd.com
The Loaded Goat,theloadedgoat.com
Chem-Dry of Orlando,chemdryoforlando.com
Fadias Bakery and deli,fadias.com
Heavy’s Food Truck,heavysfoodtruck.com
Hot Soft Pretzel Company,hotsoftpretzels.com
Nutrition Discount Center,nutritiondiscountcenter.com
Penn Fish Co Inc,pennavefishcompany.com
"The Dessert Stand, Inc.",thedessertstand.com
Tofu of 5th Ave,tofuof5thave.com
Alberto's Churros,albertoschurros.com
"Hugs & Donuts, LLC",hugsanddonuts.com
Main Street Bakery & Gift Shop,mainstreetbakery3307.com
Partake Gastropub,partakevista.com
Persis Indian Grill,persisindiangrill.com
SchillingBridge Cork & Tap House,schillingbridgecorkandtap.com
VaughnChris,vaughnchris.com
Vitales Pizza of Lake Bella Vista,vitalesbellavista.com
Aunt Ethel's Pot Pies,auntethels.com
Coney Island Gyro,coneyislandgyro.wordpress.com
Marilyn's Divine Meals,marilynsdivinemeals.com
Sweet Dreamz Delights,sweetdreamzdelights.com
The Baker’s Box,the-bakers-box.com
The Schoolhouse at Cannondale,schoolhouseatcannondale.com
"CHARCO BROILER STEAK HOUSE #2, INC.",charcodallas.com
Dark Forest Chocolate Makers,darkforestchocolate.com
Kalamazoo Farmers Market,farmersmarketkalamazoo.com
Lemon St. Market,lemonstreetmarket.com
"SILVER OAK GOURMET, INC.",silveroakgourmet.com
Tadu Ethiopian Kitchen,taduethiopiankitchen.com
Texas Balloon Spectacular,texasballoonspectacular.com
Vicuña Chocolate,vicunachocolate.com
Blackberry River Baking,blackberryriver.com
Candy and Corn,candyandcorn.com
Pokeatery,pokeatery.com
Polka Dot Pound Cake,polkadotpoundcake.com
The Belgian Waffle Cart Company,thebelgianwaffletruck.com
ZONA BLU LLC,zonabluweston.com
Marshall Creek Spices,pureandnaturalspices.com
Nourish Me - A Health Food Store and Cafe,jjnourishme.com
Ox Coffee,oxcoffee.com
Bagel Master Corp,bagelmaster.com
Charlies Bodega,charliesbistro.com
D’Agnese’s Trattoria and Cafe,dagneseswhitepond.com
Macarons by Natalie,macaronsbynatalie.com
RelishThis,relishthispa.com
"TAQUERIA EMANUEL, INC.",taqueriaemanueltampa.com
SavvySweets,thesavvysweets.com
Zaru Tea LLC,zarutea.com
A Simple Cake,asimplecake.com
Brooklyn Bagel Bakery Deli,brooklynbagel-deli.com
"Amber Ridge Maple, LLC",amberridgemaple.com
Bend Burger Company,bendburger.com
Commodities Natural Market,commoditiesnaturalmarket.com
Dama Bakery,damapastry.com
Morelia,moreliasupermarket.com
Nichole’s Fine Pastry,nicholesfinepastry.com
"Beverly's Pastry Shop, LLC",beverlyspastryshop.com
Danville Bakery,danvillebakery.info
PAK KAIN - MACRO Banquets and Events Center,pakkain.blogspot.com
HEPPS SPICE CO,heppssalt.com
IL LABORATORIO DEL GELATO,laboratoriodelgelato.com
Sea Products Seafood Market,seaproductsnc.com
Tasty Vapor,tastyvapor.us
"The Golden Yoke Creamery, LLC",thegoldenyoke.com
Epic Foods Inc,epicfoodco.com
"Sun Fresh Market, L.L.C.",cermakproduce.com
"GIANT RUSTIC PIZZA, LLC",giantrusticpizza.com
Isles Bun & Coffee,islesbun.com
Lunchology | Healthy Meals,lunchology.co
"Platinum Cake Designs, LLC",platinumcakedesigns.com
Goldenrod Pastries,goldenrodpastries.com
Paderia,paderia.com
Campo's Philly Cheesesteaks,camposdeli.com
Flatland Honey,flatlandhoney.com
Mix Match Make Take: High Energy Food for High Energy People,theseasonedchef.com
Stewart Maple,stewartmaple.com
TennesSweet Tea Company,tennessweettea.com
Chewy’s Bonetique,chewysbonetique.com
Fractured Prune,fracturedprune.com
Quaker Creek Store,quakercreekstore.com
WIDOWS HOLE OYSTER COMPANY,widowsholeoysters.com
Aroma Coffee & Tea,aromacoffeeandtea.com
BBQ Boys,bbqpitboys.com
Comfort Market,comfortmarkets.com
Do Me A Flavor,domeaflavor.net
Katzinger's Delicatessen LLC,katzingers.com
Montana Bounty Foods,bountyfoods.com
MR STICKYS INC,mrstickys.net
"REVOLVER TACO LOUNGE, LLC",revolvertacolounge.com
Saco Island Deli,sacoislanddeli.com
Tank Goodness,tankgoodness.com
De Alba Bakery,dealbabakery.com
lowcountry kettle corn,lowcountrykettlecorn.com
teelaedchens,tommy-teelaedchen.de
Al’s Big Dipper,alsbigdipper.com
Capri Seaside Italian Grille and Bar,capriseaside.com
Giuseppina’s Italian Bakery,italianbakerysouthwindsor.com
GREEN'S PRODUCE & PLANTS INCORPORATED,farmersmarketarlingtontx.com
Melovino Craft Meadery,melovino.com
Prevites Marketplace,previtesmarket.com
T & T Meats,tandtmeats.com
Thirteen Olives,thirteenolives.com
Comella’s,comellasrestaurants.com
Hobo Dog,hobodog.net
Minnesota Fresh Farm,minnesotafreshfarm.com
"Park Packing, Inc.",parkpacking.com
Pete's Fruit Market,petesfruitmarket.com
Vicky Bakery,vickybakery.com
"COASTAL DELI, INC.",coastaldeliinc.com
Edibles-n-Such,ediblesnsuch.com
El Salvadoreno Pupuseria,elsalvadorenoelmonte.com
"RICO'S ACAI, LLC",ricosacai.com
Sam’s Italian Sandwich Shoppes,samsitalian.com
VASHON ISLAND COFFEE FOUNDATION,tvicr.com
VIRGINIA'S CAKES & MORE LLC,bakeryspringtx.com
Extreme Pizza - Novato,novato.extremepizza.com
Plant Extracts International Inc.,h2eo.com
Cupcake Concept,cupcakeconcept.com
Keife & Co.,keifeandco.com
Mr. B's Chocolates,mrbchocolates.com
O Pie O,opieo.com
Roberts Corned Meats,robertscornedmeats.com
Scott Adams Foods Inc,dilberito.com
Bake My Day Mobile,bakemydaymobile.com
Basta Pasta,bastapastanyc.com
CakeChef Bakery,thecakechef.com
Cocoamains,cocoamains.com
"CONSCIOUS COOK LLC, THE",conscious-cook.com
Cook Zest,cookzest.com
Eat Mendocino,eatmendocino.com
El Pollo Gordo,elpollogordo.blizzfull.com
"Many Sweets, LLC",manysweetsdesserts.com
Snyders Honey,snydershoney.com
Delicious Desserts,deliciousdesserts.net
Fresh Off the Grill,itsgrilltime.com
Guy’s BBQ,guysbbq.com
Las Montañas Supermarket,lasmontanasmarkets.com
NONG'S KHAO MAN GAI,khaomangai.com
Sugar Daisy Bakery,sugardaisybakery.com
Sullivan Street Tea & Spice Company,onsullivan.com
"SUTLIFF CANDY & PROMOTIONS CO., INC.",chocolati.com
Boston Bonbon,bostonbonbon.com
COLVILLE STREET PATISSERIE,colvillestreetpatisserie.com
Luscious & Sweet Gourmet Bakery,lusciousandsweet.com
MACOMB FOOD COOPERATIVE,macombfoodcoop.net
Mystic Monk Coffee,mysticmonkcoffee.com
Olive This Olive That,olivethisolivethat.com
Pizzas By Marchelloni,pizzasbymarchelloni.com
SIMPLY BEAUTIFUL CAKES LLC,thesimplybeautifulcakes.com
Soup and Such,soupandsuchbillings.com
The Flour Shop Bakery and Pizza,flourshopbakeryandpizza.com
Traveling Chocolate Company,travelingchocolatecompany.com
Gettysburg Baking,gettysburgbakingco.com
Lees Candy Kitchen,leescandykitchen.com
"Bee Technologies, LLC",beetechllc.com
Small Delights,smalldelights.net.au
"SULLIVAN'S AT ROCKY HILL, INC.",sullivansfinefood.com
Cocoburg LLC,cocoburg.com
IVEYCAKE LLC,iveycake.com
Nyum bai-pop up,nyumbai.com
Oliva! Gourmet Olive Oils & Vinegars,olivaevoo.com
Population Communication,populationcommunication.com
Real Raw Organics,realraworganics.com
Texas Traditions,texastraditions.com
Pineapple Kitchen,pineapplekitchen.com
"Dineamic Group, LLC dba Prime and Provisions",primeandprovisions.com
Extreme Pizza - Sacramento,expo.extremepizza.com
GET REAL GET RAW,getrealgetraw.org
"SRL Foods, Inc",thunderbirdpizza.com
TARARIN THAI CUISINE INC.,tararinthai.com
"Bonelli Foods, LLC",luigibonelli.com
Lone Star Family Market,lonestarfamilymarket.com
Millwood Market,millwoodmarket.com
Obis One,obisone.com
Pure Goods,puregoods.com
Detach Brands,drink-detach.com
Galley Diner,thegalleydiner.com
Grandpa’s Stuff Maple Cream,grandpasstuff.com
Roth Kase USA Office & Warehouse,rothkaseusa.com
Bayview Gourmet,bayviewgourmet.com
Belle Epicurean,belleepicurean.com
"Eastern Coffee Products, Inc.",easterncoffee.com
FINE FOOD FACTORY INC,finefoodfactory.biz
Haute Caketure,hautecaketure.com
"Mindy Lu's Pies, LLC",mindyluspies.com
"NEW ENGLAND COOKS, INC.",newenglandcooks.com
North Conway House of Jerky,northconwayhouseofjerky.com
Pops n' Chill,popsnchill.com
The Teahouse Tapioca and Tea,teahousebeverage.com
"L & C Meat, Inc.",lcmeats.com
Pacific NW Best Fish Company,pacificnwbest.com
"BAY CITIES ITALIAN BAKERY, INC.",bay-cities-italian-bakery-inc.hub.biz
CHIC AND SWEET ARTISAN CAKES LLC,csartisancakes.com
Rt Farms Enterprises,rtfarmsandfeed.com
"THE GREAT UNBAKED, LLC",thegreatunbaked.com
The British Pie Company DBA Pie Society,thebritishpiecompany.com
Deserts By Gerard,dessertsbygerard.com
Indian Home Cooking,indiancookingclassny.com
Kansha Creamery,kanshacreamery.com
LOVE HOPE COOKIES LLC,lovehopecookies.com
Reel 'n Smoke,reelnsmoke.com
"Bella Balsamic & The Pressed Olive, Inc",bellabalsamic.net
Bourbon French Parfums,neworleansperfume.com
Great Cakes Inc,crazycakes.com
Kau Coffee Mill,kaucoffeemill.com
"Pacific Nutritional Foods, Inc.",pnfinc.com
Brew Haus,brewhausbar.com
Carlsbad Danish Bakery,carlsbaddanish.com
Cookie Conscious LLC,cookieconscious.com
"EDWARDS MEATS, INC.",edwards-meats.com
Elm City Market,elmcitymarket.com
I Do Cakes,idoweddingcakes.ca
Island View Market,islandviewmarket.com
"Landes Fresh Meats, Inc.",landesfreshmeats.com
SMÜTH BUTTERS,smuthbutters.com
The Green Grocer,thegreengrocerri.com
Gather Wholesale,gatherwholesale.com
Beer City Dog Biscuits,beercitydogbiscuits.org
Black Dog Gelato,blackdoggelato.com
"AMICI MARKET, LLC",myamicimarket.com
Atlanta Sausage Co,atlantasausage.com
Day Break Farms Inc,daybreakfarms.co.za
Gerrards Market,gerrardsmarket.com
Gourmet Garlic Gardens,gourmetgarlicgardens.com
Nationwide Freezer Meats,nationwidefreezermeats.com
Colson Patisserie,colsonpastries.com
Rice and Spice,ricenspicethai.com
The Queen's Pantry,thequeenspantry.com
"CG Sourcing, LLC.",cgsourcingusa.com
Cuppa Joe,cuppajoetc.com
Netties Bees,nettiesbees.com
Wild Gourmet,wildgourmetfood.com
Los Hornitos Bakery,loshornitosbakery.com
Presto Clean,presto-clean.com
Bravo Bakery,bravobakery.net
"HOMESTEAD MEATS, INC.",homesteadmeatsevanston.com
Abic International Consultants,abic-consulting.com
Bio-Landgarten,bio-landgarten.de
Jackson Bakery,jackson-bakery.com
"THE RUFFLED CUP, LLC",theruffledcup.com
Freeman Foods,freemanfoods.net
SSUPP Foods,ssupp.com
Sustainable Table,sustainabletable518.com
T&J Meatpacking,tjmeatpacking.com
Louies Fresh Market,louiesfreshmarkets.com
The Simple Grocer,thesimplegrocer.com
Upstart Kombucha,drinkupstart.com
Walke Brothers Meats,walkebrothers.com
Art’s International Bakery II,artsinternationalbakery.com
Brown Dog Bakery,browndogbakery.net
Duff’s Meat 2,duffsmeats2.com
Garden Island Chocolate Tour & Tasting,gardenislandchocolate.com
Henry Roberts,henryroberts.com
Mauna Kea Baking Company,maunakeabaking.com
N&A Communications,nacz.com
"Feather Foods, Inc.",pongofoods.com
Sweet Betsy Farm,sweetbetsyfarm.com
Terri's Cakes Detroit,terriscakesdetroit.com
The Original WOW! Burger,originalwowburger.com
"ALL-AMERICAN GATOR PRODUCTS, INC.",allamericangator.com
Dietz Foods,dietzfoods.com
Durante Pasta,durantepasta.com
FROSTED FOX CAKE SHOP LLC,frostedfoxcakeshop.com
Nutmeg Cake Design,nutmegcakedesign.com
Phillycious,phillycious.com
Stax Burger Bistro,staxburgerbistro.com
Thomas Market,thomasmarketmalad.com
Tony Z’s Italian Restaurant,tonyzbranson.com
Vinh Loi Tofu,vinhloitofu.com
Anita’s Cocina,anitascocina.com
"Clark Specialty Grains, LLC",clarkspecialtygrains.com
Complete Heating & Air Conditioning,completeappliancerepairutah.com
Denville Meat Shop,denvillemeatshop.com
Dutch Girls Baking,dutchgirlsbakingco.com
EATDANISH LLC,eatdanish.com
Fukumoto Sushi & Yakitori,fukumotoaustin.com
"Ole Timey Meat Market, Inc.",oletimeymeats.com
QUALITY PACK Ltd.,qpack.hu
La Boca Bakery,labocabakery.com
Montgomery County Spca,mc-spca.com
Sofia's Greek Bistro,sofiasgreekbistro.com
Any Buddy Foods,anybuddyfoods.com
Colette’s Popcorn,colettespopcorn.com
Mama's Tacos,mamastacosla.com
The Pie Tin Bakery and Catering,thepietin.com
Yogurbella,yogurbella.com
Chicken Maison,chickenmaison.com
Eliza & Company,eliza.biz
Knapp Made,knappmade.com
Marko’s Treats,markostreats.com
Brooklyn Treat Shoppe,brooklyntreatshoppe.com
Carnival Market,carnival-market.com
Cast & Cru,castandcru.com
Cookies On Call,cookiesoncall.com
Maple Tree Deli,mapletreebbq.com
"POPCORN STORE LLC, THE",thepopcornstoreca.com
Soo Raa Thai American CHIC,sooraa.com
Take It Away Sandwich Shop,takeitawaysandwichshop.com
Connecticut Sandwich Company,ctsandwich.com
Fancy Flours,fancyflours.com
Fiesta Maya Mexican Grill,fiestamaya-mexicangrill.com
Ingomar Club,ingomar.org
"JRI HOSPITALITY MANAGEMENT, INC",jrimanagement.net
Odette Estate,odetteestate.com
The Blue Stove,thebluestove.com
Yoder’s Hometown Market,yodershometownmarket.com
Bellville Meat Market,bellvillemeatmarket.com
Billy Boy Candies,billyboycandiesinc.com
BROTHERS PRODUCTS LLC,brothersproducts.com
Cepas Wine and Tapas Bar,cepaswinebar.com
Eco Dogs and Cats,ecodogsandcats.com
IOWA MEETINGS ASSOCIATION,iowadairy.org
Just Chill Frozen Yogurt Cafe,justchillfroyo.com
Mohican Country Market,mohicancountrymarket.com
Shabazz Bakery,shabazzbakery.com
Smurawa’s Country Bakery,smurawabakery.com
Twin Hens,twinhens.com
Yummies Drive-Up,yummiesdriveup.com
2 ENGLISH LADIES,twoenglishladies.com
"Alpine Foods, Inc.",alpine-foods.com
American Classic Pizzeria,americanclassicpizzaheights.com
Aunty Lilikoi,auntylilikoi.com
Curtis Honey Co,curtishoney.hypermart.net
Gladiator Burger & Steak inc.,gladiatorburger.ca
Jamaica John,jamaicajohn.com
New Palace Bakery,newpalacebakery.com
Rice + Noodles Asian Kitchen,riceandnoodles.com
Runyon Industries,runyonindustries.com
Shelley’s Biscotti,shelleysbiscotti.com
Urban Fresh Deli,urbanfreshdeli.com
VegiLicious,vegilicious-us.com
White Orchid Thai Cuisine,whiteorchidthaicuisine.com
