name,domain
Texas Gulf Trawling Co.,texasgoldshrimp.com
GE Government Supply,gegovernmentsupply.com
Savannah Sauce Company,savannahsaucecompany.bigcartel.com
Barney's Bakery,barneyspepperonirolls.com
Maritza & Frank's Restaurant,southern-cooking.net
Black Currant Bakehouse,blackcurrantbakehouse.com
Cousins Products,cousinsproducts.com
Cannelle by Matt knio,cannelledetroit.com
One House Bakery,onehousebakery.com
Cornucopia Natural Wellness Market,cornucopianoho.com
El Gigante Bakery,elgigantebakery.com
Emerald City Bagels,emeraldcitybagels.com
Fleur Bake Shop,fleurbakeshop.com
Tire Shop Taqueria,tireshoptaqueria.site
Jerusalem Bakery,jerusalembakery.us
Krudo,krudofish.com
Milkfloat,milkfloat.com
Red Rooster Foods,myredroosterfoods.com
Simple Loaf Bakehouse,simpleloaf.com
South Fork Malthouse,southforkmalthouse.com
The Family Cake Company,thefamilycakeco.com
The Original Italian Bakery,theoriginalitalianbakery.com
Tokyo Teriyaki & Sushi,ordertokyoteriyaki.com
XJ's Casa Reynoso,xjscasareynoso.com
"Nextwave Foods, LLC",drinkicewave.com
"Smokey Bonez BBQ, LLC",smokeybonezbbq.com
Just Mike's Jerky Company,justmikesjerky.com
Nurished,nurished.com
Old Major,oldmajormarket.com
"Simply Amazing Treats, LLC",youhavebeenamazed.com
Filipino Chow,filipinochow.com
ProPortion Meals,proportionmeals.com
Freedom Bakery,fbandc.com
Arctic Moon Bakery,arcticmoonbakery.com
Auntie Kim's Pound Cakes,auntiekimspoundcakes.com
Cakes By Edith Bakery,cakesbyedithbakery.com
Matilda bakehouse,matildabakehouse.com
Sweet Cravings by Shar,sweetcravingsbyshar.com
Jabber Dorado Enterprises,jabberdorado.com
Gluten-Free Palate,glutenfreepalate.com
IZOLA (Food Products),izolabakery.com
Brigadeiro Sprinkles,brigadeirosprinkles.com
Milky Oat,milkyoat.com
Rize Up Bakery,rizeupsourdough.com
Sherpa foods,sherpafoodsusa.com
Brutal Snacks,brutalsnacks.com
Alkemy Ice Cream,alkemyicecream.com
Redeemer Feed,redeemerfeed.com
Valley Foods (El Cajon),valleyfoodsmed.com
Night Moves,nightmovesbread.com
Tropical Isles Producers,tropicalisleproducers.com
Bonny Breads,bonnybreads.com
Blue Eyed Baker,blueeyedbaker.net
Al Amir Bakery,alamirbakery.net
Dan Moo Ji,danmoojiatlanta.com
Smallcakes Arcadia,smallcakesarcadia.com
The Sugar Cookie Store,sugarcookiestore.com
Big Bear Farm,bigbearfarmonline.com
Kassi's Cookies,kassiscookies.com
Golden Jalapeno Tex Mex,goldenjalapenotexmex.com
Habit Food Group,habitfoodgroup.com
RY Originals,ryoriginals.com
Dare To Be Different Foods,d2bdfoods.com
Muzzy's Bagels,muzzysbagels.com
EATV,eatv.vegtechinvest.com
Imposter Foods,imposterfood.com
Carbe Diem,carbediemfoods.com
Patty's Cheesecakes,pattyscheesecakes.com
Fedora Food,fedorafood.com
Stellar Granola,stellargranola.com
Tiger Life Gourmet,tigerlifegourmet.com
Nutrumami,nutrumami.com
Dated Nutrition,datednutrition.com
Go to Meals,gotomealsllc.com
BountiFoods,bountifoods.com
Jornada Mima,jornadamima.com.br
Palmex (US),palmexfoods.com
Sturdy Sauce,sturdysauce.com
Lottie's Meats and Provisions,lottiesmeats.com
"St Vrain Market, Deli & Bakery",stvrainmarket.com
Seed Oil Free Certified,seedoilfreecertified.com
Organic Proshop,organicproshop.com
Chutni Punch,chutnipunch.com
Atelier Monnier,ateliermonnier.com
"Rafka Foods, Inc.",rafkafoods.com
Top Bread,topbreadboston.com
Big Bread Corp.,thebigbread.com
"Dutch Oven Bread Co., LLC",dutchovenbreads.com
Bread Bandits,breadbandits.com
Daily Bread Baking Co.,dailybread.store
S. Rosen's,srosens.com
Zogalo Pudding Co.,zogalofoods.com
Didion,didionmilling.com
Simply Delicious Bakers,simplydeliciousbakers.com
"Humm Foods, Inc.",larabar.com
Melone Brothers Bakery,melonebakery.com
Le Marais Bakery,lemaraisbakery.com
Daisy's Delights,daisysdelights.com
"Koegel Meats, Inc.",koegels.com
Frutro Brand,frutrobrand.com
"The King's Glory Bakery, LLC",thekingsglorybakery.com
Nature Proteins Private Limited,natureproteins.com
"Poppies Bakeries, LLC dba Poppies International, Inc.",poppies.us
"Minneapolis Cider Co., LLC",minneapoliscider.com
"Cibo & Vino, LLC",ciboandvino.com
Royal Star Food Corp.,rstarfoodcorp.com
Dry Storage,drystorageco.com
"Biscotti Firenze, LLC dba Firenze International Olive",firenzeoliveoil.com
Valentine Sweets Organic Bakery & Café,valentinesweets.com
"Kampfire Baking Company, LLC",thecampfirebakery.com
"Joy Breeders, LLC",joybreeders.com
"Mrs. Baird's Bakeries, Inc.",mrsbairds.com
Merisant Worldwide,merisant.com
Jody Maroni's,jodymaroni.com
Institution Food House,ifh.com
"Benny T's Vesta, Inc.",bennytsvesta.com
Springfield Trading Co.,springfieldtradingco.com
SC Seasoning,greekseasoning.com
"Half Baked Harvest, LLC",halfbakedharvest.com
Sara Lee Foodservice,saraleefoodservice.com
"Hamsa Cooking, Inc.",hamsacooking.com
Palate Culinary Services,itsallaboutthefood.us
"Jim E. Jive Hot Sauce, LLC",jimejive.com
"Cedars Bakery Group, Inc. dba Mediterranos",mediterranos.com
"Uncle John’s Pride, LLC dba Uncle John's Sausage",unclejohnssausage.com
Your Dough Co.,yourdoughco.com
"Cake and Crumble, LLC",cakeandcrumble.com
Back To Our Roots,backtoourroots.net
Maru's Bakery,marusbakeryshop.com
TC Farm,tc.farm
Barn to Butcher,barntobutcher.com
"Dog Gone Delicious Dog Treats, LLC",doggonedeliciousdogtreats.com
"Biscuit Batch, LLC",biscuitbatch.com
Luxefly Basecamp Corp.,luxeflybasecamp.com
Hau Processsing,hauprocessing.com
"Glenn Food Co., LLC",glennfoodco.com
Cookies On Demand.,cookiesondemand.com
Backhome Foods,backhomefoods.com
Megaway,themegaway.com
EUL International Herb Manufacturing,eulherbmfg.com
"Alpha Omega Biomediceuticals, LLC (AOB) dba Nature Sweetz",naturesweetz.com
"FoodOps, LLC",foodopsllc.com
"Feed ‘Em Right, LLC dba Nature's Advantage",naturesadv.com
"WhiteMug, Inc.",whitemuginc.com
株式会社サビンサジャパンコーポレーション,sabinsa.co.jp
Lehi Roller Mills,lehirollermill.com
Riley’s Organics,rileysorganics.com
Coastalo,coastalo.com
24Carrot Farm,24carrotfarms.com
,kfoodonline.com
Solina USA,usa.solina.com
Smiths In Bloom,smithsinbloom.com
Centro (Restaurant),centrodesmoines.com
"Bioactive Services, LLC",bioactive-safesterile.com
"Distinct Indulgence, Inc.",distinctindulgence.com
Falcone Bakery Corp.,falconebakery.com
David Protein,davidprotein.com
"Unbothered Foods, LLC",unbotheredfoods.com
"Maia Foods, LLC",maiafoods.com
Biankini's,biankinis.com
T-swirl,t-swirlcrepe.com
D'Orazio Foods,dorazio.com
Cafe Valley,cafevalleyjobs.com
"Felicetti US, Inc. dba Felicetti Pasta",shopfelicettipasta.com
"Wyoming Authentic Products, LLC dba Wyoming Gourmet Beef",wyomingauthenticbeef.com
Cantwell's Market & Deli,cantwellsmarket.com
Paesana,paesana.com
L'imprimerie,limprimerie.nyc
Patisserie Salzburg,patisseriesalzburg.com
"Prime Plus Wagyu, LLC",primepluswagyu.com
"Sweets by Pete, LLC",sweetsbypete.com
Home Foods,avakaya.com
darpro,darpro.com
Louisiana Pizza Kitchen,lpkfrenchquarter.com
Abel & Shafer,kompletusa.com
Jones Natural Chews,jonesnaturalchews.net
Freda Deli Meats,fredadelimeats.com
padoca baker,padocabakery.com
Eurofoods Citterio USA,citteriousa.com
Tony’s meat market,tonysmeatmarket.com
Butter Maid bakery,buttermaidbakery.com
Sister2Sister Cookies,sister2sistercookies.com
Jason Manscoe,cashsaveroxford.com
Merridee’s Breadbasket,merridees.com
Redox Development,redoxdevelopment.com
By the Way Bakery,bythewaybakery.com
Jamie's Farm New York,jamies-farm.com
The Village Bakery (TX),thevillagebakeryhouston.com
Zomick's Kosher Bakery,zomickskosherbakery.com
Sgt. Pepper's Chicken,sgtpeppers.net
Sweet Mary's Bakery,sweetmarysbakery.com
Boston Barkery,bostonbarkery.com
Bella's Home-Baked Goods,bellashbg.com
Gourmet 3005,gourmet3005.com
Marcella’s Doughnuts and Bakery,marcellasdoughnuts.com
Concessi's Market,concessis.com
VENTANAS Restaurant & Lounge,ventanasatthemodern.com
Moose Pastry and Tea,moosepastryandtea.com
Massimo's Italian Bakery,massimositalianbakerypa.com
American Spatula LLC,whisknyc.com
