name,domain
Milo & Mia Italian Ice,unleashyourcool.com
Moonshine Ridge,moonshineridgeinc.com
Sweet Gourmet,sweetgourmet.biz
"Anichini Brothers, Inc.",anichinibrothers.com
FoodEase App,foodeaseinc.com
Les Délices d'Anne - Catering,delices-anne.com
Chiwee's Cookies And Cake Pops,chiweescakepops.com
Ichiba Ramen,ichibaramen.com
Le Boulanger Wholesale,leboulangerwholesale.com
Candy4Less,candy4less.net
Just Local Food,justlocalfood.blogspot.com
Christopher Creek Spice Company,cabinchili.com
"Fresh Flours, LLC",freshfloursllc.com
Pipernilli Couture Cookie & Sweets Co.,pipernilli.com
Rustiq Bakery,rustiqbakery.com
Bright Yellow Creamery,brightyellowcreamery.com
Short Street Cakes,shortstreetcakes.com
Classic Culinaire,classicculinaire.com
Nom Nom,nom-nom.me
Corner Yogurt,corneryogurt.com
Friday Harbor House Of Jerky,fridayharborhouseofjerky.com
Spon Ranch LLC,sponranch.com
Café Oh Là Là,acupofconscience.wordpress.com
Sugo.cooking,sugo.cooking
Coffeeman,coffeeman.com
Kur Superfoods,kurfood.com
Rosie's Italian Grille,rosiesitaliangrille.com
Sugared and Iced,sugaredandiced.com
Svelte Products,svelteproducts.com
AVAIL Wholesale,availwholesale.com
Channel Marker Cider,channelmarkercider.com
Sweet Mona's Chocolates,sweetmonas.com
Local Artisan Bakery,localartisanbakery.com
Your Choice Brands,yourchoicebrands.com
Joe's New York Pizza,joesnypizza.com
"JOHNNIES SNACK SHOP,INC.",johnniessnackshop.com
The Cupcake Queen Waxhaw,yourcupcakequeen.com
A Place To Turn,aplacetoturn-natick.org
Alaska Salt Co.,alaskasaltco.com
Arganosa,arganosa.com
Shru's Kitchen,shruskitchen.com
It's A Sweet Treat Day Bakery,itsasweettreatdaybakery.com
Oomai Organics,oomaiorganics.com
Wholistic Brands,wholisticbrands.com
New South Botanicals,newsouthbotanicals.com
Pure Love Chocolate,purelovechocolate.com
Braxton's Kitchen,braxtonskitchen.com
Cupcake Bakery,cup-cake.com
Sonoran BBQ,sonoranbbq.com
Rich and Wholesome Foods,nogurt.com
Vanilla Bake Shop,vanillabakeshop.com
CREAM Boutiques,creamandcannabis.com
Gyro World SoNo,thegyroworld.com
Popcorn Buddha,popcornbuddhausa.com
Yours Truly Cupcake,yourstrulycupcake.com
TPSS Co-op,tpss.coop
Buskey Cider,buskeycider.com
Humboldt Juice Works,humboldtjuiceworks.com
MonthlyFlavors,monthlyflavors.com
All Things Baked,allthingsbaked.com
Cakewalk Chicago,cakewalkchicago.com
"DesiderioChocolates, LLC",vanessadionne.wixsite.com
Produce with a Purpose,producewithapurpose.net
"Super Food & Liquors, Inc.",superfoodandliquors.com
CARLITOS BARBECUE TAQUERIA,carlitostacos.com
Crave Bakery,cravebakery.com
Salvador Molly's,salvadormollys.com
Sweet Scoops,sweetscoops.com
Dreaming Tree Farms,dreamingtreefarms.com
Five Squared Pizza,fivesquared.com
Lagniappe Sauce Co.,lagniappesauce.com
Sweet Confections Cakes,sweetconfectionscakes.com
"LUCY'S CAKE SHOP, INC.",lucycakeshop.com
Gelateria dei Coltelli / Emporio del Gelato,emporiodelgelato.com
Makisu Sushi,makisu-sushi.com
SLYCE Coal Fired Pizza Company,slycecoalfiredpizza.com
Modern! Fusion Catering,modernfusioncatering.com
Organic Bistro,theorganicbistro.com
"Pride of the Morning, Inc.",prideofthemorning.com
L'esti's Desserts,lestisdessert.com
Sigmund's Pretzels,sigmundnyc.com
Secrets Of Tea,secretsoftea.com
Sedona Smokehouse Specialty Foods,sedonasmokehouse.com
Apex 5510,apex5510.com
DP Cheesesteaks,dpcheesesteaks.com
Ready Store,readystore.com
"Secret Saüs, LLC",secretsaus.com
Tidal Creek Co-op,tidalcreek.coop
Tomorrow's Harvest Smart Food Storage,tomorrowsharvest.com
Hawaii Fudge Company,hawaiifudge.com
Lincoln Bark,lincolnbark.com
Purezza USA,purezza.com
Do Lunch Deli,dolunchdeli.com
IzzaPops,izzapops.com
Pizzeria Paradiso,eatyourpizza.com
Tiger Teas,tiger-teas.com
Noche Linda Farms,nochelindafarms.com
The Blue Owl,theblueowl.com
Aunt Nee's,auntnees.com
Duffinettis,duffinettis.com
"Laura Casasayas - Mindfuleating, Holistic Health and Wellness.",lauracasasayas.com
LA CLOCHETTE DU COIN LLC,laclochetteducoin.com
"Lather Unusual, llc",latherunusual.com
ONE Bites,onebites.net
Big Dee's Culinary Kitchen,bigdeeskitchen.com
Hetzler Brokerage Co,hetzler.com
Stir's,stirs.com
Laumière Gourmet Fruits,laumieregourmet.com
uniquecandycompany,uniquecandycompany.com
Edible Inspiration TM,edibleinspiration.info
Eltana Wood-Fired Bagels,eltana.com
Europa Food. Farm. Festival,foodfarmfestival.com
Lifestyle Granolas Inc.,lifestylegranola.com
Petite Treats & Gifts LLC,petitetreatsandgifts.com
Frontier Charcoal,frontierbbq.com
Jennie-O Foodservice,howamericaburgers.com
Nomadic Coffee,nomadiccoffee.com
San Diego Protein Company,sandiegoprotein.com
Ms. Helen's Creole Seasonings,creolekitchens.com
Muddy's Bake Shop LLC,muddysbakeshop.com
SAS Cupcakes,sascupcakes.com
Shansong Biotech USA Inc.,shansongbiotech.com
Buff Jerky,buffjerky.com
Cake Fiction,cakefiction.com
Calle Onze,calleonze.com
Extreme Ice,eatextremeice.com
"EstoEtno Fine Bakery, LLC",estoetno.com
Ignite Bar & Grille,ignitebng.com
Medford Food Co-op,medfordfood.coop
SouperGreens,soupergreenscafe.com
vypassetti cake pops,vypassetticakepops.com
Chunkie Dunkies,chunkiedunkies.com
Happy Camper,happycamper-atl.com
Sprout Salad Company,sproutsalad.com
"Natural Harvest Food, Inc.",naturalharvestfood.com
Pak Halal International Foods,pakhalalinternational.com
Pia's Chicken Salad,piaschickensalad.com
Grocer's Daughter Chocolate,grocersdaughter.com
Maza Hummus,mazahummus.com
"Uncle Dan’s Salad Dressings, Dips, and Seasonings",uncledans.com
Be Free Bakers,befreebakers.com
Crown Hill Farm,crownhillfarm.com
Dipper Donuts,dipperdonuts.com
Made Like Iron,madelikeiron.com
Bagelita,bagelita.com
"Food Heaven, LLC",foodheavenmadeeasy.com
"POR-SHUN, INC.",por-shun.com
Ivy Lane Bakery Co,ivylanebakery.net
STÄBZ LTD,stabz.com
Aunty's Homemade Food,auntyshomemadefood.com
Bavaria Sausage Inc.,bavariasausage.com
sMoki,smoki.fish
Bella's Desserts,bellasdesserts.com
Lynch's Doggie Cuisine,thebestdogtreatsever.com
Trophy Cupcakes and Party,trophycupcakes.com
Futo Buta,futobuta.com
Josefs Artisan Meats,josefsartisanmeats.com
Truffleman Chocolate and Candy Company,trufflemancandy.com
Zai Lai: Homestyle Taiwanese,zailainyc.com
Blitz Barz,blitzbarz.com
Valley Prep Meal Prep,valleyprep.net
"Leonardi's Pizzeria, Inc.",leonardispizzeria.com
Percasso Coffee and Bottled Water Service Inc.,percasso.com
Slovacek Sausage Co,slovacek.com
The Ginger Pig,thegingerpigtruck.com
Tickled Sweet Fine Chocolates and Candies,tickledsweet.net
"Brian's Best Gluten Free, LLC",briansbestgf.com
Palette Indian Kitchen,paletteindian.com
Shawn's Cajun Meat's & Grocery,shawnscajunmeats.com
Woodhouse Chocolate,woodhousechocolate.com
California Tomato Growers Assn,ctga.org
Cavo Coffee,cavocoffee.com
FoliePop's,foliepops.com
SIGVAL LLC,sigval.com
Corfini Gourmet,corfinigourmet.com
Thinksect,thinksect.com
YAPPY TREATS CART,yappytreatscart.com
Arlana's Gourmet Cookies,agcookies.com
Amilas' Foods,amilasfoods.com
Reuland Food Service Inc,reulandfoodservice.com
JAVA & Co.,javaandco.com
Shredibles,shrediblescbd.com
Bombanana,seekthespice.com
Bonbowl,bonbowl.com
Plating by Garner,platingbygarner.com
"The T-Shirt Deli, Co.",tshirtdeli.com
POPPED! Gourmet Popcorn & Fun Treats,poppednewnan.com
Silver Whisk Bake Shop,silverwhiskbakeshop.com
Bon-Ton Cake Designs-Just For U,bontoncakedesignsjustfu.com
Kitsap Community Food Co-op,kitsapfood.coop
Ever After Cake Designs,everaftercakedesigns.com
"Edith's Best, LLC",edithsbest.com
SAAP Lao Kitchen,saaplaokitchen.com
Broussard's Bayou Co.,broussardsbayouco.com
DYT Bagels - DBA Barry Bagels,barrybagels.com
LovePasta,lovepasta.info
Ms. Chocolatier,mschocolatier.com
Three75,three75cookies.com
Sugar and Spice Specialty Desserts,sugarandspice.me
Sweet Maria's Inc.,sweet-marias.com
Eat Right Lifestyle Meal Plans,eatright.life
Uncle Matteo's,unclematteos.com
Oryana Community Co-op,oryana.coop
Tacoproper Co,tacoproper.com
Custom Cuisine LLC,customcuisine.com
Copper Cupcake,coppercupcake.com
Joe Eats World,joeeatsworld.com
Cocoa Processing Company Ltd,goldentreeghana.com
Coco's Tacos,cocostacoscomo.com
Swoon - cookie crafters,justswoon.com
Ebisuya Japanese Market,ebisuyamarket.com
Holey Rollers Sensible Sweets & Coffee,holeyrollersdonuts.com
JNB Foods,jnbfoods.com
"Origo Brands, LLC",origobrands.com
Golden Hex Inc.,goldenhex.com
GReKo Greek Street Food,grekostreetfood.com
CHEF FOR KIDS INC,chefsforkids.org
Old Original Bookbinders,bookbindersrichmond.com
Sputnik Foods - Home of Nirvana (brand) Chipotle Hot Sauce,sputnikfoods.com
The Screaming Pepper,thescreamingpepper.com
86 Cold Press,86coldpress.com
Gelu Italian Ice,lovegelu.com
Midnight Cookie Co.,midnightcookieco.com
"Breadbox, LLC",breadbox.us
PLA FOODS,plafoods.com
Woodpile BBQ,woodpilebbq.com
Bricks to Bread International,brickstobread.org
Pigmans BBQ,pigman.com
Prudent Produce,prudentproduce.net
"Stone Soup Performance Consulting, LLC.",stonesoupperformance.com
"Bakeovers, LLC dba Good Molly's (Duplicate)",goodmollys.com.net
Candy Stations,thechocolatechick.com
Kookie Karma,kookiekarma.com
MEATS4LIFE,meats4life.com
Nutrition Revolution,nrevolution3.com
Citizen Cookies,citizencookies.com
"Hungry Hikers - Adventure Fuel, Elevated",hungryhikers.com
Kickass Cupcakes,kickasscupcakes.com
Simply Fruit Eliquid,simplyfruiteliquid.com
The Jalapeño Griller,jalapenogriller.com
Captain Canna,captaincanna.com
Craft Crickets Inc.,craftcrickets.com
"Fluff Bake Bar, LLC",fluffbakebar.com
Jayde's Market,jaydesmarket.com
Say It With Beef,sayitwithbeef.com
SweetHartz Chocolatier,sweethartz.com
The Artists Caffe,artistscaffe.com
Cuckoo Kitchen,cuckookitchen.com
Green Gal,greenbeangal.blogspot.com
600 Sweets & Treats,600sweetsandtreats.com
Meat The Butchers,meatthebutchers.com
Nanga By Nature Chocolate,nangachocolate.com
Private Label Chocolate,privatelabelchocolate.net
Sograte BBQ and Brew,sograte.com
CGgourmet,cggourmet.com
Cultivation Kitchen,cultivationkitchen.com
Eurobake - Eastern European bakery,eurobakeportland.com
Hudson Green,hudson-green.com
SOLEX PARTNERS,solexpartners.com
The Story of Ramen,thestoryoframen.com
Pita Pit Cleveland,pitacle.com
Sophisticated Seasonings,sophisticatedseasonings.com
The Heavenly Dessert Company,heavenlydessertsco.com
The PB&J Company,thepbandjco.com
Tsalt,tsaltseasonings.com
Two Chimps Baking Co.,twochimpsbaking.com
Get Organized with Janie,apertivo.com
Global Food World,globalfoodworld.com
The Trolley Track Cookie Co.,trolleytrackcookies.com
The Cake Shop,thecakeshop.biz
Bahadur Foods,bahadurmeals.com
Brenn's Salsa,brenns.com
T I E R R A F A C E M A S K,tierrafacemask.com
Pot d'Huile Premium Infused Olive Oil,pdhcbd.com
SugaRushd.com,sugarushd.com
Bettoli Vending,bettolivending.com
Eastcut Sandwich Bar,eastcutsandwich.com
Pop-Up Potcorn,popuppotcorn.com
CocoaBerry Cake Co.,cocoaberrycake.com
Metabology,metabology.co
Pinos Deli,pinosdeli.com
The Heavenly Donut Co.,theheavenlydonutco.com
BigMins BBQ,bigminsbbq.com
Mad Monk Tea,madmonktea.com
Simple Seeds,simpleseedscompany.com
JUICEMADE,juicemade.com
Shades of Sugar Bakeshop,sosbakeshop.com
SpiceKlub USA,spiceklubusa.com
Daddy Cakes Bakery,daddycakesfc.com
Pawmetto Pet Treats,pawmetto.com
"Scotty Brand, Ltd.",scottybrand.com
"Upper Valley Produce, LLC",uppervalleyproduce.com
Binnetti Gourmet Foods,binnettifoods.com
Lehigh Sweets,lehighsweets.com
The Kickin' Chicken,kickinchicken.com
Civilized Caveman,civilizedcavemancooking.com
"Awers, Inc.",red-caviar.com
catsanddogsrock,catsanddogsrock.net
FairTaleGhana,fairtaleghana.org
"Freshlife, Inc",freshlife.com
Season To Taste Catering,seasontotastecatering.com
Sinful Sweets Chocolate Company,sinfulsweetspgh.com
ChileMonster.com,chilemonster.com
"The Kosher Gourmet, Inc.",kgatl.com
Maddie's Mash By F C Bailey & Company,maddiesmash.com
STONE SOUP LABS INC.,stonesouplabs.io
Old World Amish,oldworldamish.com
Pintful,pintfulpeanutbutter.com
Pittsburgh Pickle Co.,pittsburghpickle.com
What´s for Doner,wfdoner.com
Cooking with Marlene,marlenespiegel.epicure.com
Astro Foods International,astrofoodsinternational.com
GreenSmoothieGirl,greensmoothiegirl.com
Jacks Bistro & Famous Bagels,bagelnet.com
Preserve Inc.,preservewinters.com
Pure Modern Living,puremodernliving.com
Slicers Hoagies,slicershoagies.com
Reel BBQ,reelbbq.com
Arena Bakery Equipment,arenabakeryequipment.com
Mountain Flour,mountainflour.com
Carrot Mountain Dog Treats,carrotmountaindogtreats.com
Artisan & Origin Cacao,artisanorigin.com
Burch Food Services,burchfood.com
Butterfly Vegan Bakery,butterfyvegan.com
"CiderAuction, LLC",ciderauction.com
Cocohodo USA Inc.,cocohodo.us
Délice Breton,delicebreton.com
"Kine Industries, LLC",getkine.com
B-My's,b-mys.com
Cakes by Chris Furin,cakesbychrisfurin.com
The Shugar Shack,theshugarshack.com
Chef Kent Getzin Consulting - Creative Culinary Solutions,chefkentgetzin.com
Kabobi Go,kabobigo.com
Legacy Cakery,legacycakery.com
Oleosophia - Know your olive oil,oleosophia.com
Real Food (Bay Area) CSA,realfoodbayarea.com
Wholism PDX,wholismpdx.com
Bone Broth Stock,bonebrothstock.com
FiberPasta,fiberpasta.us
H.B. Cafe & Juicery,hbcafeandjuicery.com
LolaBee's Harvest,lolabees.com
Robhots Edibles,robhots.com
S'Wiched,swiched.net
St. Amour,healthycookiesdirect.com
Nature Meats,naturemeats.com
The Colorado Cookie Company,thecoloradocookiecompany.com
"City Girl Products, LLC",citygirl-products.com
Kaltpresse,kaltpresse.de
Roberts Market,robertsmarket.com
Rupa Vira's The Signature - Finest Indian Cuisine,thesignatureva.com
www.bakedinmaine.com,bakedinmaine.com
Akechi LLC,akechi.net
Wellness Cucina,wellnesscucinallc.com
Classy Girl Cupcakes,classygirlcupcakes.com
"Easy Indian Foods (Artisinal, Organic, and in Whole Foods)",easyindianfoods.com
Hudson Valley Baking Company,hudsonvalleybakingco.com
Martindale's Natural Market,martindalesnutrition.com
T7 TEA,t7tea.com
Bentos Catering,bentoscatering.com
CleanHealthy Pet Products,cleanhealthypets.com
"K & B WholeBody Solutions, LLC",kbwholebody.com
Saxa Foods,saxafoods.com
Sugar Queen Bakery,thesugarqueenbakery.com
Zeno's Boardwalk Sweet Shop,worldsmostfamoustaffy.com
World Gourmet,worldgourmetfood.com
196 & Co.,196andco.com
Bees Brothers,beesbrothers.com
Moshi Moshi Sushi & Izakaya,moshimoshiseattle.com
"Aloria Cakes and Gourmet Sweets, Inc.",aloriacakesnyc.com
Chairman Bao,mobimunch.com
d'Vine Gourmet,stores.dvinegourmet.com
FryOilSaver.com,fryoilsaver.com
Healthy Puppers,healthypuppers.com
5280 Burger Bar,5280burgerbar.com
Tropical Ingredients LLC,tropicalingredientsllc.com
"Bespoke Chocolates, LLC",bespokechocolates.com
Cupcake Cachet,cupcakecachet.com
Vegaron,vegaron.com
1000EcoFarms,1000ecofarms.com
BEBAz BRANDz,bebazsf.com
Dorothy's Candies,dorothyscandies.com
Gelato Maestro,gelatomaestro.com
Rack Shack BBQ Takeout and ToGo,rackshackbarbeque.com
"Sasha's Popcorn Company, LLC",sashaspopcorn.com
"Sweet Creations of Wakefield, Massachusetts",sweetcreationsdesserts.com
Twisted Spoon Sauce Co,twistedspoonsauceco.com
Field Farm Eggs,fieldfarmeggs.com
Larouex Gourmet Foods LLC,larouexfoods.com
Laymon Candy Company,laymoncandy.com
Paseo,paseo.com
The Bagel Place,ww.thebagelplacemass.com
"Blake's Orchard, Inc.",blakefarms.com
Flavor Del Mar,flavordelmar.com
ISLAND DESSERTS LLC,island-desserts-llc.hub.biz
Happy Vegan Cakes,happyvegancakes.com
American Lobster,american-lobster.com
Beach City Sales,beachcitysales.com
"Branon Family Maple Orchards, LLC",branonmaple.com
Confectious Pastry Shop,confectiouspastryshop.com
Cookie Dope,thecookiedope.com
greens and beans,greensandbeans.net
"Sanderson Specialty Foods, Inc. dba Vitos Southern Harvest",vitossauces.com
The Popped Kernel,thepoppedkernelco.com
Gomas Enterprises LLC,felinespride.com
"Olive's BFF, LLC",olivesbff.com
Sideways Farm & Brewery,sidewaysfarm.com
Sweet Tsopelik,sweetsopelik.com
Beca Imports LLC,becaimports.com
Churncraft,churncraft.com
Evolve the Burger Truck,evolvetheburger.com
Food Related,foodrelated.com
"Food and Supply Source, Inc.",foodandsupplysource.com
"Keto Kurations, LLC",ketokurations.com
Lean & Tasty,leantasty.com
Mustard And Co.,mustardandco.com
The Pantry on Tap Oil and Vinegar,thepantryontap.com
"BOJA'S FOODS, INC.",bojasfoods.com
Boycemode,boycemode.com
Chelas Mexican Grill,chelasmexicangrill.com
SpiceLuxe,spiceluxe.com
Candi's Cake Stand,candiscakestand.com
Doorstep Dinners,mydoorstepdinner.com
GET WILD,getwildsnacks.com
Vince & Joe's Gourmet Market,vinceandjoes.com
Grillo's Pickles,grillos.com
Woodside Farm Creamery,woodsidefarmcreamery.com
Acadia Catering & Events,acadiacatering.com
"Nettle Grove, LLC",nettlegrove.com
Act of Sweetness,actofsweetness.com
Chesters BBQ,chestersbbq.com
Citromax Feed,citromaxfeed.com
The Local Butcher Shop,thelocalbutchershop.com
"Agostino's Bakery, Inc.",agostinosbakery.com
"Cinnamon Enterprises, LLC",worldofcinnamon.com
Comfort Gourmet,comfort-gourmet.com
Rooibos Rocks,rooibosrocks.com
Fire On High (Organic) Food Truck,fireonhighcincy.com
Unik Cakes,unikcakes.com
"Butter Bears Cupcakery, LLC",butterbearscupcakery.com
"Swift River Pecans, LLC",swiftriverpecans.com
Evo Mediterranean Kitchen,evomedkitchen.com
GreenLaneCo,greenlaneco.com
Wiseguys Italian American Comfort Foods,wiseguysjomo.com
Culinary Gatherings,culinarygatherings.com
Stay Zen,stayzen.org
"Continental Mills, Inc. dba The Krusteaz Co.",thekrusteazcompany.com
Ludger's Bavarian Cakery,ludgersbavariancakery.com
SÜPRMARKT,suprmarkt.la
Sweet Ruminations,sweetruminations.com
Ambassador fish and chicken,ambassadorfishandhicken.com
"ATELIER GOURMET, INC.",lateliergourmet.com
BeachPops,beachpops.com
Chilesquiles®,chilesquiles.com
Día de Pesca,pescasifood.com
Pizzetteria Brunetti,pizzetteriabrunetti.com
"AME Foods, Inc.",amefoods.com
FlanBoyan Corporation,flanboyan.com
Giving Juice,givingjuice.org
Gavottes,gavottes.fr
Spera Foods,sperafoods.com
Slow Brine,slowbrine.com
SUCRÉssentials,sucressentials.com
The Olympia Farmers Market,olympiafarmersmarket.com
Black Iron Burger,blackironburger.com
Joe Van Gogh Coffee,joevangogh.com
"Mesa Grande Taqueria, LLC",mesagrandetaqueria.com
Poppin' Z's Gourmet Popcorn,poppinzsgourmetpopcorn.com
Bean Vault Coffee,beanvaultcoffee.com
"Players Grille, Inc.",playersgrille.com
FitChow,fitchow.com
Tandoori Fusion,thetandoorifusion.com
Monkey Bar®,monkeyus.com
"Grebe's Bakery, Inc.",grebesbakery.com
Loma Linda Plant-Based Foods,lomalindabrand.com
Firma BOKA,bokadebno.eu
Dough Heads Waffles,dougheadswaffles.com
Erik's DeliCafé,eriksdelicafe.com
Laura Stec - Innovative Cuisine,laurastec.com
"BRANDON MEATS & SAUSAGE, INC.",brandonmeats.com
Flying Monkey Bakery,flyingmonkeyphilly.com
The Redheads,redheadsinc.com
pokéLOVE,pokelove.com
GCGC Greek Yogurt,gcgcgreekyogurt.com
Kettleman Bagel Company,kettlemanbagels.com
New Mexico Tea Company,nmteaco.com
Hog Roast Menu,hogroasthirenorthdevon.co.uk
Sweet Shot Cookies,sweetshotcookies.com
Wok Box,wokbox.net
Fleur d'Henri,fleurdhenri.com
Venoly,venoly.com
Chicago Kale Chip Co.,chicagokalechip.co
Whealthy Franchise Inc,whealthyrestaurant.com
Code Pineapple,codepineapple.com
Family Fresh Market,familyfreshmarket.com
Pacific Coast Farmers' Market Association,pcfma.org
SAKA Mayan Coffee,sakamayancoffee.com
Sweet Paradise Fine Foods,sweetparadisefood.com
Scraps Frozen Foods,eatscraps.com
Wu Mountain Tea,wumountaintea.com
Bimini Blend,biminiblend.com
Teance Fine Teas,teance.com
"Bakluvit, Inc.",bakluvit.com
Cook St. Helena,cooksthelefna.com
Hazelnuts Market,hazelnutsmarket.com
Rosie's Rosies,thewoodentablesj.com
Blondie's Bake Shop,blondiesbakeshop.com
Sage's Cakes,thecakecommander.weebly.com
Jake's Big Dog Frozen Custard,jakesbigdog.com
Cakes & Delights,compufield-students.in
"JF Braun & Sons, Inc.",jfbny.com
Rainbow Acres Local Delivery,myrainbowacres.com
Campus Cafe - Turkish Grill,campuscafe.mn
Chambers Lane,chamberslane.com
"Delessio Market, Bakery & Catering",delessiosf.com
Local Pumpkin Produce Box,localpumpkin.com
Pistache NYC,pistachenyc.com
Sliderbar,sliderbarusa.com
Cookwell & Co.,cookwell.net
Dolittle's,dolittles.com
Gracene's Cupcake Boutique,gracenescupcakes.com
Carb O Chameleon,carbochameleon.com
"Crackling Crust, LLC",cracklingcrust.com
Bombay Sweets Restaurant and Confections,bombaysweetsmilwaukee.com
Johnson Chili,johnsonchili.com
Kipos Greek Taverna,kiposchapelhill.com
No Funk Brands,nofunkplanet.com
Spreewaldhof/Spreewaldkonserve Golßen GmbH,spreewaldhof.de
Blitzer's Premium Frozen Yogurt,blitzersyogurt.com
CITY CAKES,citycakes.com
Golden Fleece Slow Earth Kitchen,goldenfleeceasheville.com
H&H Honey,handhhoney.com
iLoveStroopwafels.com,ilovestroopwafels.com
"Off The Backboard, LLC",offthebackboardbbq.com
Puna Chocolate Co.,punachocolate.com
We R Nuts NY,wernutsny.com
Cake4One,cake4one.com
Little Green Forks,littlegreenforks.com
OLIVE JUG,olivejug.com
Combat Food Medic,combatfoodmedic.wixsite.com
ENTIMIO,entimio.com
Frank Fat's,frankfats.com
Green Hill Fields,greenhillfields.com
Squish Marshmallows,squishmarshmallows.com
Caramel Swirls Gourmet Cakes and Pastries,caramelswirls.com
Claremont Snack Foods,claremontsnackfoods.com
"Golden Food Tech, LLC",goldenfoodtech.com
Great Falls Spirits,millstonecellars.com
Kalindi's Cakes and Pies,kalindiscakesandpies.com
Mountain Aire Mercantile,mountainairemercantile.com
SnapCurry,snap-curry.com
Süss Cookie Company,susscookieco.com
Three Dog Night,saragingerich.com
Healthy Lives by Susan,go.thrv.me
B'TAVON Catering,btavon.com
Le Bleu Enterprises,lebleuenterprises.com
Mighty Self,mightycbd.co
Root to Bloom Nutrition,roottobloom.com
Painted Hills Natural Beef,natural-beef.com
"Swanson Meats, Inc.",swansonmeats.com
An Occasional Chocolate,anoccasionalchocolate.com
Earl's Sandwiches,earlsinarlington.com
"My-Cap, LLC",my-cap.com
The Happy Cuisiniere,thehappycuisiniere.com
Cake Bams,cakebams.com
JustChopped Polska,justchopped.pl
L&C Chocolates,chocolc.com
The Pie Pizzeria,thepie.com
West India Spices Inc.,westindiaspices.com
Weisner's Finest Smoked Meats,weisnersfinest.com
Ate Bit Foods,atebitjerky.com
Pallate,pallate.co
Murry's Cafe,murryscafe.com
Fresh Plate,freshplatenw.com
"Buzz Savories, LLC",buzzsavoriesllc.com
NOI DUE,noiduecafe.com
Health Bomz,healthbomz.com
Neeva Super Foods,neevasuperfoods.com
Beastman Tea LLC,beastmantea.com
Hillsboro Farmers' Markets,hillsboromarkets.org
Baba G LLC,oregonbaba.com
C'est Si Bon Bakery,cestsibonbakery.com
FRESH from Me 2 You,freshfromme2you.com
Raavi Indian restaurant,raavisf.com
4505 Burgers & BBQ,4505burgersandbbq.com
"Aimhigh ESG , LLC",ahesg.com
Atia’s Kitchen,atiaskitchenatx.com
Barrel Aged Creations,barrelagedcreations.com
Caldo,caldohome.com
"Polo Marco, Ltd.",redrammixers.com
Groctaurant,groctaurant.com
MyKtchn Company,mykitchen.co
Cosecha Cafe,cosechacafe.com
Herby PoP,herbypop.com
Pierre Country Bakery,pierrecountrybakery.com
Starbird Wings,starbirdwings.com
Purinton Maple & Tree Farm,purintonmaple.com
Soul Spice Organics LLC,gsoulspiceorganics.com
SWT STEVIA,swtstevia.com
TRU NONI Juice,trunoni.com
Mediterranean Foods Inc,mediterraneanfoodsny.com
GREAT TEA ROAD Co.,greattearoad.com
FRESH POP'D Popcorn Company,freshpop.us
Happy D Corp.,happydcorporation.com
MixStirs,mixstirs.com
Granarly,granarly.com
Marlene's Market & Deli,marlenesmarket-deli.com
Pepe,pepeitalianstreetfood.com
Firenze Italian Street Food,firenzestreetfood.com
Mayus Cakes,mayuscakes.com
Outdoor Herbivore,outdoorherbivore.com
Smooth Rider Smoothies,smoothrider.com
Fluff Cups Specialty Desserts,fluffcups.net
Gios Peruvian Chicken,giosperuvianchicken.com
Ricosa Foods,ricosafoods.com
St PetersBARK Natural Pet Market,stpetersbark.com
"Vindicator Brand, LLC",vindicatorbrand.com
Mouses Chocolates Inc,mouseschocolates.com
Nika's Olive,nikasolive.com
Raw Sauce,wearerawsauce.com
"Craftology, LLC dba Dutch Treat Foods",dutchtreatfoods.com
Verdello,verdellowy.com
Dani's Honey,danishoney.com
Niles Pie Company,nilespie.com
"Red Onion Spice & Tea Company, LLC",redonionspice.com
Copenhagen Pastry,copenhagenpastry.com
foodiNow,foodinow.com
Your Sister's Tomato,yoursisterstomato.com
Allsey Toffee,allseytoffee.com
Becerra Holdings LLC,becerrastamales.com
The Mini Donut Company,getminidonuts.com
JP's Salgados - Brazilian Gourmet Foods,jpsalgados.com
Astronaut Foods,astronautfoods.com
LGS Supplements,lgssupplements.com
Chocolate Boutique LLC,chocolate-boutique.com
Unique Designer's Cake,designerscake.com
Vines & Branches Greenport,vinesandbranches.net
Dana's Healthy Home,danashealthyhome.com
Jakub Piątkowski Czekolada,jpczekolada.com
Soluna Garden Farm,solunagardenfarm.com
Ashley's Bake Shop,ashleysbakeshop.com
Caribae Inc,caribaeinc.com
Chef Bob Aungst,chefbobaungst.com
Urban Raccoon Snack Bars Redefined,urbanraccoons.com
Mountain Tea,mountaintea.com
Fat Spice,fatspice.com
Grain Sandwich Shop,eatatgrain.com
Hemera's Bench,hemerasbench.com
"MAX Fit and Nutrition, LLC",maxfitandnutrition.net
Tablespoon Cooking Co.,tablespooncookingco.com
wrapitup,wrapitupkitchen.com
Dessert Designs,dessertdesignsbyleland.com
"HHC Brands, LLC",hhcbrands.com
Newberry Candy,newberrycandy.com
Sweet Bee Sisters,sweetbeesisters.com
My Paleo Pet / Fiesta Pet Deli,mypaleopet.com
Half Pint Kitchen,thehalfpintkitchen.blogspot.com
Sigona's Office Deliveries,sigonasoffice.com
Sossy's BBQ Grill,sossys.com
Bake For Your Life,bakeforyourlife.com
Hardcore Sprinkles,hardcoresprinkles.com
NYFoodBox,nyfoodbox.com
The Cookie Catalog,thecookiecatalog.com
Honey Moon Sweets,honeymoonsweets.com
Helena Wirth Cakes,helenawirthcakes.com
Over the Rainbow Desserts and Cupcakes,romanblas.com
Brenz Pizza Co.,brenzpizzaco.com
Corner Butcher Shop,cornerbutchershop.com
Feast From The East,feasteast.com
Winter Sun Trading Co,wintersun.com
Young G's Barbeque Sauce LLC,ygsbbq.com
George's Of Galilee,georgesofgalilee.com
Kari's Branded Cookies,karisbrandedcookies.com
What's Beef,whatsbeef.de
Bubby's Bread,bubbysbread.com
Johnny's Takeaway,johnnystakeaway.com
Cakery Creation,cakerycreation.com
"District Doughnut, LLC",districtdoughnut.com
Sweet Jazmines Pastry Shop,sweetjazmines.com
Callie's Cupcakes and Creations,calliescupcakes.com
FIGO Pasta,figopasta.com
Mama Bev's Bakery,mamabevs.com
Detroit Water Ice Factory,detroitwaterice.com
"Lanehaven Farms, Inc.",lanehaven.com
San Francisco Coffee Roasting Co.,sanfranciscocoffeeroastingco.com
BREADISTA LLC,bakingsubscriptionbox.com
Grinada's Above & Beyond,grinadasabovebeyond.com
Kiss My Seoul Catering,kissmyseoul.com
Red Elephant Chocolate,redelephantchocolate.com
GreenPeas A/S,greenpeas.dk
Itavie New York Grill & Bakery,itavie.com
Burro Cheese Kitchen,burrocheesekitchen.com
Butterflake Bake Shop,butterflake.com
"LAKEWOOD MEATS & SAUSAGE, LLC",lakewoodmeats.com
Wood Family Vineyards,woodfamilyvineyards.com
Best Of Nature,bestofnature.com
So Damn Gouda,sodamngouda.com
SnackDog All-Natural Treats for Dogs,snackdog.com
Crafted Confections,craftedconfection.com
Best Darn Kettlecorn,bestdarnkettlecorn.com
Cookie Dough Creations Co,cookiedoughcreations.com
Connect Naturals LLC,connectnaturals.com
Chris & Rob's Chicago Taste Authority,chrisandrobs.com
Boozy Bundtz,boozybundtz.com
The Smashed Pig,thesmashedpig.com
Bare Naked Noodles Cafe,barenakednoodles.com
Freedom Foods Vermont,freedom-foods.com
RARE Italian,rareitalian.com
Mama E's Gourmet Cookies,mamaecookies.com
Tripoli Bakery Inc,tripolibakery.com
COMMUNITY KASHRUS OF GREATER PHILADELPHIA,keystone-k.org
Healthy Creations,healthycreations.com
Seafood Merchants Ltd,theseafoodmerchants.com
The Great Cookie- It's Love at First Bite!,thegreatcookie.com
The Meat Market Inc.,themeatmarket.com
Berryvale Grocery,berryvale.com
Weiss Meats,weissmeats.com
Dolcinella,dolcinella.de
Castle Valley Mill,castlevalleymill.com
Dad's Keto Kitchen (division of Innerfit Wellness Group),dadsketo.com
FIT BAR Superfood Cafe,fitbarcafe.com
Freciously,freciously.com
The Purple Onion,purpleonionsaluda.com
"Delicious Beverage, LLC",deliciousbeverage.com
Delightful Foods,nocookie.com
Girard Gourmet,girardgourmet.com
Just Foods,justfood.coop
Jerk That Beef LLC,jerkthatbeef.com
"Old Europe Foods, LLC",oldeuropefoods.com
Kalkat Fruit & Nut Company,kalkatpacking.com
Shoperies,shoperies.com
Susan's Table,susanstable.com
"Buffalo Basic Ingredients, Inc.",mapleleaf-foods.com
Free Union Grass Farm,freeuniongrassfarm.com
GREEN AND THE GRAIN LLC,greenandthegrain.com
HEBRON CENTRAL MARKET INC,centralmarket.us
Poptique Popcorn,poptiquepopcorn.com
"Sunrise Flour Mill, Inc.",sunriseflourmill.com
TWB - Ashburn,thewineingbutcher.com
Danfond A/S,danfond.dk
Hot Cakes,getyourhotcakes.com
Chef Aarón Sánchez,chefaaronsanchez.com
"MILANO BAKERY, INC.",milanobakery.com
"Organic Chef, USA",organicchefusa.com
Sweet Life Baking Company,sweetlifebakingcompany.com
Tanyas Just Real,tanyasjustreal.com
"Moroccan Khlii, Inc",moroccanjerky.com
SAVE THE PLANET 1,green-barbecue.us
"The Tasty Spoon, LLC",thetastyspoon.com
Two Dog Press,twodogpress.com
"CAKE LOUNGE MIAMI, LLC.",cakeloungemiami.com
BEASTY SNACKS,beastysnacks.com
Calle Cacao,callecacao.com
Ring Bros. Wholesale,ringbroswholesale.com
Lund Sylt,lund-sylt.de
Nature's Express,natures-express.com
"Overseas Food Distribution, LLC dba Golchin",ofdusa.com
La Carpaccieria,lacarpaccieria.com
Cinder's Charcoal Grill,cinderscharcoalgrill.com
"Dutch Creek Foods, Inc.",dutchcreekfoods.com
Ponca City Discount Foods,poncacitydiscountfoods.com
COFFEE CULTURES INC,coffee-cultures.com
Nutbox,nutbox.com
Innovative Gourmet,innovativegourmet.com
Gourmet Works of Pleasanton,gourmetworkspleasanton.com
Roxiana Foods,roxianafoods.com
Southwestern Michigan Buttery,swmichiganbuttery.com
The Bachelor Farmer,thebachelorfarmer.com
"The Hungry Monkey Baking Company, LLC.",hungrymonkeybaking.com
Haegele's Bakery,philadelphiagermanbakery.blogspot.com
Mama Pita,mamapita.com
Chatham Marketplace,chathammarketplace.coop
"HRI, Inc",hri-inc.com
Chi-Ku,chikukitchen.com
Naked Cheesecake,nakedcheesecake.net
Amor Cocoa,amorcocoa.com
Gourmand Kitchen,gourmandkitchen.com
Screaming Baby,screamingbabyfoods.com
Simba's Barkery,ww.simbasbarkery.com
YUMMNOW,yummnow.com
Americano Foods,eatamericano.com
Glazier,glazierrolls.com
Joe's Brownies,joesbrownies.co.uk
Toasty Cheese - Mobile Eatery,toastycheese.com
"Ocean Mart, Inc.",oceanmart.net
San Fermin Paellas and Churrasco BBQ Catering Houston,sanferminpaellas.com
Beiler's Doughnuts,beilersdoughnuts.com
"The Cup, LLC",cravethecup.com
Melissa's Soup Kitchen Food Truck,melissassoupkitchen.com
"Palm Organic, LLC.",palmorganic.com
Carcosa Caramelier,carcosa.com
Mama Bay's All Natural Chimichurri,mamabays.com
Onebitesweet Custom Cakes,onebitesweet.com
Serve Coffee,servecoffee.com
Three Bears Honey Co.,threebearshoney.com
Tomina's,tominascookiedough.com
Fuse Events Inc.,fuseyourfood.com
Organic Coffee Sweetener - TraLa Organic,mytrala.com
Frost This,frostthisnh.com
Snack Hawaii,snackhawaii.com
Bourke Street Bakery NYC,bourkestreetbakery.com
Jeff's Bagel Run,jeffsbagelrun.com
Chick-N-Bap,chicknbap.com
Marys Mountain Cookies - Omaha,marysmountaincookies.com
Greenwood Lake Garden Center,gwlgardencenter.com
Simply Souperlicious - Nourish Yourself,simplysouperlicious.com
The Pantry SB,thepantrysb.com
Voicipe,voicipe.com
Henze's Bakery,henzesbakery.com
Melly P's Food Truck,mellyps.com
A to Z Bakery,atozbakery.com
Crystal River Organics - NudeFood - Licious,nudefood.com
FRENCHERY.com,frenchery.com
NeuRoast,neuroast.com
Blueberry Haven,blueberry-haven.com
CASPER,eatcasper.com
Everything Pastrami'd,everythingpastramid.com
Tortilla Republic,tortillarepublic.com
In A Jar Foods,inajarfoods.com
Yellow Rose Steak & Chop House,yellowrosesteakhouse.com
"3 Feathers Emu Ranch and Farm, LLC",threefeathersemus.com
"B & B Poultry Co., Inc.",bbpoultry.com
Datz,datztampa.com
Ignite Bars,ignitebars.com
Nyack Hot Bagels,nyackbagels.com
♨ Culinary Twist Gourmet,culinarytwist.com
Recipe,recipemarketing.com
The Gefilteria,gefilteria.com
Clara Marie's Authentic Southern Bakery,claramaries.com
Mariquitas Chips,mariquitaschips.com
CocoLectro,cocolectro.com
Five Star Butter Co.,fivestarbutter.com
Luther Brown Meats,lutherbrownmeats.com
"A&J King Artisan Bakers, LLC",ajkingbakery.com
Allan's Bakery,allansbakery.com
Lalibela Healthy Foods,cafelalibela.com
Baeckerei-Grave,baeckerei-grave.de
PopChef PopCorn Gourmet,popchefpopcorn.com
Meatballly,meatballly.com
"Bully Sauce Brand, LLC",bullysauce.com
New Frontier Farms LLC,newfrontierfarms.org
What's Cooking Authnetic Caribbean Cuisine,sianscooking.com
HPI Farma,hpifarma.com
Gilley's Food & Beverage,gilleysfoods.com
Grumpy Goat Coffee Company,grumpygoat.com
Mr. Bevis BBQ Co.,mrbevisbbq.com
Perspective Coffee Co.,perspectivecoffeeco.com
Spruce Camp Provisions,sprucecamp.com
Take Away Gourmet,takeawaygourmet4u.com
Young Bucks BBQ LLC,youngbucksbbq.com
Calenberger Backstube,calenberger-backstube.de
Greensprouts Food,greensproutsfood.com
Copacabana Coffee,copacabanacoffee.com
Black Point Seafood,blackpointseafood.com
Bruges Chocolaterie,brugeschocolaterie.com
Mexicoma NYC,mexicomanyc.com
Natural Planet,naturalplanetinc.com
Casanova Meat Market INC,casanovameats.com
Tong Jerky LLC,tongjerky.com
ZAFFERANO & CO. l ITALIAN STORE l LUXURY CATERING,zafferanoandco.com
KRISP Fresh Living,krispfreshliving.com
"Take A Sip,LLC",takeasip.co
Ten Four Cheese,tenfourcheese.com
Rubicon Deli,rubicondeli.com
"Ceibo Foods, Inc.",ceibofoods.com
früute,fruute.com
New Tricks Restaurant Group,newtrickstacoshop.com
Früchte Adam GmbH,fruechteadam.com
Off The Stick,offthestick.com
Pine Tree Apple Orchard,pinetreeappleorchard.com
"Earth Brothers, Ltd. dba Black River Produce Co.",blackriverproduce.com
"The Fancy Chicken Farm Company, LLC",thefancychickenfarmco.com
Blackwood BBQ,blackwoodbbq.com
The Taste of Algeria,thetasteofalgeria.com
DOU Bakehouse,doubakehouse.com
POPLORE Artisan Kettlecorn,gopoplore.com
Landbrot Holdings LLC,landbrotbakery.com
Old Forge Pizza Company,oldforgepizzaco.com
Olio Tasting Room,oliotastingroom.com
Drink Me CBD,ramblinghousesoda.com
Achatz Soup Company,achatzsoupcompany.com
"Coudreaut and Associates, Ltd.",culinarysolutions.net
Curries and Chutneys,currieschutneys.com
HA! - Healthier Alternative,snackmacro.com
That Coffee Roasters,thatcoffeeroasters.com
"Ugly Dog Distillery, LLC",uglydogvodka.com
VantaShala,vantashala.com
Delifood & Frozen Group,delifoodgroup.com
Il Fiorello Olive Oil Company,ilfiorello.com
Fat Boy Natural BBQ,bestnaturalbbq.com
Eat Like A Hero,eatlikeahero.com
Olio and Vino,olioandvino.com
Taste Artisan Chocolate,taste-chocolate.com
The Dutch Table,thedutchtable.com
Proper Ranch,properranch.com
Queen of Vega,queenofvega.com
Honu's Hearth,honushearth.com
It's Raw Poke Truck,itsrawpoketruck.com
Kents Grocery,kentsmeats.com
Ketchup Please LLC,kpketchup.com
Kiko's,eatkikos.com
Lagrano,lagrano.com
Phyllola Foods,phyllola.com
Topping Town,toppingtown.com
Brauereigenossenschaft Oberhaching,brauerei-oberhaching.de
Agricole Hospitality,agricolehospitality.com
The Big Biscuit,bigbiscuit.com
The Bread Box,breadboxdenver.com
Memphis Barbecue Supply,mbbqsupply.com
Life Refreshed Brands,enjoyrealcoco.com
Greener Pastures Market,greenerpasturesmarket.com
Flourish Cake Design,flourishcakedesign.com
Zion Chocolate,summersstudio.com
Soul Lift Cacao,soulliftcacao.com
BēRUNA,be-runa.com
Garrett's Granola LLC,garrettsgranola.com
Herbal Accents LLC,herbalaccents.net
"Oooh So Good, LLC",ooohsogood.com
Wild Wille's Sandwich Shack,wildwilles.com
Ktering Desserts,k-desserts.com
Mandela Grocery Cooperative,mandelagrocery.coop
Aina Meals,ainameals.com
Edgar's Bakery and Café,edgarsbakery.com
Sauce North,saucenorth.com
Region FoodWorks,regionfoodworks.com
Vin-Chet Bakery,vinchet.com
AbyssAzul Inc.,abyssazul.com
Aunt Lizzie's Cheese Straws,auntlizzie.com
Made With Love Not Gluten LLC,madewithlovenotgluten.com
Appalasian Foods llc,appalasianfoods.com
Kozmo Kitchen,kozmokitchen.com
Pure Pops by Fairyella,fairyellapurepoops.com
Rold Rite Sushi & More,roldrite.com
Bornholms Mosteri A/S,bornholmsmosteri.com
Bridge Street Foods,bridgestreetfoods.com
COMMUNITY FOOD PANTRY INC,hudsoncommunityfoodpantry.org
Imperial Foods Inc.,imperial-foods.com
Idaho Spice Company,idahospicecompany.com
Market Square Thriftway,marketsquareonline.com
Talk of the Town Catering & Special Events,talkofthetownatlanta.com
The Mulk Co,themulkco.com
Bubba's Country Cue,bubbascountrycue.com
Peter's gute Backstube GmbH & Co.KG,petersgutebackstube.de
Earth Oven®,theearthoven.com
Gibroni's Texitalican Kitchen,gibronis.com
Heather Ridge Farms Inc,heather-ridge-farm.com
Rain Tree Chocolate Company,raintreechocolates.com
Kids Deli,kidsdeli.com
Certified Kitchens,visitcertifiedkitchens.com
Larsen Bakery Inc,larsenskringle.com
Deli Direct,delidirect.com
Bagel Boyz,bagel-boyz.com
Bon Bakery,bonbonsbakery.com.au
Pocket Chefs,pocketchefs.com
PURE GRAIN BAKERY LLC,puregrainbakery.com
Coffee Time Bake Shop,coffeetimebakeshop.net
Miracle Mile Delicatessen,miraclemiledeli.com
Ponchatoula Pepper Company,ponchypepper.com
Zeal - Food for Enthusiasts,zealfood.com
AngelicaMadeMe,angelicamademe.com
Wendy Kromer Confections,wendykromer.com
The Funky Muffin Bakery,thefunkymuffinbakery.com
The Store in Anacortes,thestoreinanacortes.com
Giant Market Place,giant-marketplace.com
Pure Hemp Factory,purehempfactory.com
Swiss Village Bulk Foods,swissvillagebulkfoods.com
"Truli Julie, LLC",deliziosobyjulie.com
Matt's Mobile Meats,mattsmobilemeats.com
Arlee's Raw Blends,arleesrawblends.com
Carl's Pizza,carlspizza.com
Eco Farm Organics LLC,ecofarmorganics.com
El Ocho Loco - Mexican Restaurant,ocholocoky.com
Facepunch Foods,facepunchfoods.com
Gayle's Chocolates,gayleschocolates.com
LaColla's Gourmet Popcorn,lacollas.com
Leprechauno Meadery,leprechaunomeadery.com
Margarita's Bakery,margaritasbakery.com
Yo Pitts! Foods,yopittsfoods.com
A Taste of Manna LLC,atasteofmanna.com
BLUE GRILL,thebluegrill.com
Cox Market,coxmkt.com
Sweety Cakes,sweetcakesweb.com
FRESH & BEST PRODUCE INC,fresh-best-produce-inc.hub.biz
Cargill Salt,cargillsalt.com
Farmtobasket,farmtobasket.com
Kosofresh,kosofresh.com
Make Eat Easy,makeeateasy.us
Precise Gluten Free Foods Inc.,precisegf.com
Yamba Hummus,yambahummus.com
Origin Vanilla,originvanilla.com
Painted Turtle Chocolatier,paintedturtlechocolatier.com
