name,domain
"Southern ICEE Distributors, LLC",southernicee.com
Star Orchard,starorchard.com
The Italian Barrel,italianbarrel.com
Wild Country Maple Products,wildcountrymaple.com
Republic Food Enterprise Center,republicfoodenterprisecenter.org
Sweetie Pie by Savie,sweetiepiebysavie.com
"ACRE GOURMET, INC.",acregourmet.com
Beefaholic Brand Seasoning,beefaholic.com
AfroBouffe,afrobouffekitchen.com
JK Coffee and Bakery,jkcofeeandbakery.com
My Singing Vegetables,mysingingvegetables.com
Noba Food,nobafood.com
Sweet Talk Custom Cakes & Confections,sweettalkcakes.com
You Again,youagain.co
Darby’s Bakery,darbysbakery.com
Golden Bay Traders,goldenbaytraders.com
"GUBANC'S, INC.",gubancspub.com
Rowes Wharf Sea Grille,roweswharfseagrille.com
Sweets By Alexandria,sweetsbyalexandria.com
Wolfnights®,wolfnightsusa.com
Brooklyn Swirl,brooklynswirl.com
Mangia Mangia Italian Kitchen,mangia.info
"Masset Spices, LLC",allmasset.com
Schwing’s Restaurant,sosoystershells.com
Serendipity Creamery,serendipitycreamery.com
"WOLF RIVER POPCORN COMPANY, INC.",wolfriverpopcorn.com
Del Popolo,delpopolo.com
"DGD Foods, Inc.",dgdfoods.com
Hometown Bakeshop,hometownbakeshop.com
Jerry’s Meats & Seafood,jerrysmeats.com
Twin Falls Distillery,tfdistillery.com
CRATE to TABLE,cratetotable.com
DOGPATCH URBAN GARDENS LLC,dogpatchurbangardens.com
Pasta Fresca LLC,pastafrescanv.com
Topogato,topogato.com
Frenasia,frenasia.com
Garden Pizza & Seafood,gardenpizza24.com
Healdsburger,healdsburger.com
Mission Pizza,missionpizzatx.com
One Ingredient Mom,oneingredientmom.com
55 Thai Kitchen,55thaikitchen.com
Deri Dari,deridari.com
"Eat Mise, Inc.",eatmise.com
Philly Green Catering LLC,phillygreencatering.com
Rooted In Red,rootedinred.co
Stuff by SJ,stuffbysj.com
Sustainable Bartender,sustainablebartender.com
Sweet Monkey Business,sweetmonkeybusiness.com
Bon Appetreat,bon-appetreat.com
EMILIA FOOD LOVE USA,us.emiliafood.love
Fafani Foods,fafanifoods.com
Guru Ji's Hot Sauce Taste Testing Society,gurushotsauce.com
Left Lane Pepper Company LLC,leftlanepeppercompany.com
Renee's Crepes & Cakes,reneescrepes.com
Sweet and Simple Kettle Corn,sweetandsimplekettlecorn.com
Bon Appétit Crêperie Chicago,bonappetitcreperiechicago.com
et Oliva,etoliva.com
FGPbar,fgpbar.com
La Fondita.,lafondita.com
Mahak Foods,mahakfoods.com
NutrieMart,nutriemart.com
Sambrosa Care,sambrosa.com
"Spice of Life, LLC",enjoyspiceoflife.com
9º80º Gourmet Sauces & Marinades,980sauce.com
"Paryani Foods, LLC",paryanifoods.com
Side Gig LLC,side-gig.co
Spice Crave Co,spicecrave.com
Brotaco Foods,brotacofoods.com
Golden Spoon Scottsdale,goldenspoonscottsdale.com
JustOne Organics,justoneorganics.com
Milk Mustache,themilkmustache.com
Uncle IceBerg's Hawt Products,uncleicebergs.com
"LEBB, LLC dba Jarhead BBQ",jarheadbbq.com
Myx Kitchen,myxkitchen.com
Sparrow Food Solutions,sparrowfoodsolutions.com
The Lakehouse Bakery,thelakehousebakery.com
Ya'Eat,yaeat.tv
Atlas Seasonings,atlasseasonings.com
The ChemSource,thechemsource.com
Chef Ami Tampa Bay,tampa.chefami.com
Figure Ate,figureatefoods.com
MadApron,madapron.com
Seth Shreds,sethshreds.com
"TM International, Inc. dba SimplyFood",simply-food.com
Beyond the Dish,beyondthedishbakery.com
"CSL USA, Inc.",cslusa.com
Dr. Vanilla,drvanilla.com
Fresh Foodies Gourmet,freshfoodiesgourmet.com
Howl About It Bakery,howlaboutitbakery.com
Mountain West Foods,mountainwestfood.com
Nolt Bakery Supplies,noltbakery.com
Oao Sushi Go,oaosushigo.com
tempinnkeeper Yummy Breakfast Recipes & More,tempinnkeeper.com
The Green Chicken Miami,thegreenchickenmiami.com
The Superhero Box,thesuperherobox.com
Healthy Lunch Inc,healthyluncheon.com
Maz Bakery,mazbakery.com
Motiv Shrimp Solution,motivshrimp.com
"Supreme Specialty Foods, LLC dba Beyond The Equator",beyondtheequator.com
Deborahs Delicious Delights,deborahsdeliciousdelights.com
Food Assets,foodassets.com
Manele Spice Co.,manelespice.com
Pop Central Popcorn,popcentralpopcorn.com
The Natural Savage LLC,naturalsavage.org
Tischler Finer Foods Inc,tischlerfinerfoods.com
Bonjour Bakery Miami,bonjourbakerymiami.com
Broadway Corned Beef,broadwaycornedbeef.com
Layla's Food Company,laylasfood.com
Leafstone USA Inc,leafstoneusainc.com
Meiji Cuisine,meijicuisine.com
Rivera's Mexican Foods,riverassalsa.com
The Tea Leaf Company,thetealeafcompany.co.uk
Humalogic,humalogic.com
Procurium Meals,procuriummeals.com
Saint Rocco's Treats,saintroccostreats.shop
SoLa Cajun Seasonings,solacajunseasoning.com
Your Healthy Choice LLC,yourhealthychoicellc.com
DOCs Smokehouse,docsbbq.net
Anjel Foods,anjelfoods.com
Hazel Mountain Chocolate,hazelmountainchocolate.com
Pregel USA Inc,pregelusa.com
BrazilianBreads,brazilianbreads.com
R. Weinrich German Bakery,weinrichgermanbakery.com
Cakes For All Seasons,cakesforallseasons.co.uk
"Hyht Bites, LLC dba Moon Fruit",moonfruitsnacks.com
Roll’n Pin Café & Grille,rollnpin.com
Kitchen Angel,kitchenangel.com.au
AK Harms GmbH dba Ruut,ruut.de
"Kelly's Bakery Pk, LLC",kellysbakerypk.com
Presotea USA,presoteaus.com
Island Noodles,islandnoodles.com
Boston Chipyard,chipyard.com
PURE Meal Prep SD,puremealprepsd.com
HBH Enterprises,piscespros.com
RubySnap Fresh Cookies,rubysnap.com
321glō Collagen+ Snacks,321glo.com
Osteria Tulia,tulianaples.com
Snappers Fish And Chicken,snappersofflorida.com
"ICC Global Trade, LLC",iccglobaltrade.com
"Pop-A-Licious, LLC",pop-a-liciousny.com
Zars Kitchen,zarskitchen.com
Plant-Based on a Budget,plantbasedonabudget.com
Donut World,mydonutworld.com
Lillie Belle Farms,lilliebellefarms.com
Omega 3 Nutrition,eatomega3.com
Yumbox LLC,yumboxmeals.com
Adrienne’s Cakes and Pies,adriennescakesandpies.com
Marcia's Pickled Munchies,marciaspickles.com
"My Brigadeiro, LLC",mybrigadeiro.com
"NIELSEN'S PASTRIES, INC.",nielsenspastries.com
Vandemoortele USA Inc.,banquetdor.us
The Criollo Group,thecriollogroup.com
Brain Bean,brain-bean.com
FIBRFIX,fibrfix.com
Paradise Yogurt,paradiseyogurt.com
T&E Prime Food,primefoodproductsinc.com
Zengers Deli,greatharvestogden.com
Das’ Creamery,dascreamery.com
LIVWELL Foods,livwellfoods.com
Meatout,meatout.org
Ugly Biscuit Baking Company,uglybiscuitbakingcompany.com
Uwe's All-Natural,uwesallnatural.com
"Double Shot, LLC",firsttrackscoldbrew.com
JJ’s Rockin Cupcakes,jjsrockincupcakes.com
Joys Pizza,joeyfratellos.com
Mitzi’s Table,mitzistable.com
Artisanal Italian Foods,artisanalitalianfoods.com
Bazile Sauce,bazilesauce.com
four paws treats | BUY HEALTHY DOG TRAINING TREATS | CHEWY & HOLISTIC,fourpawstreats.com
Hoppin' Grape Homebrew Supply,hoppingrape.com
MIZZ'IPI SISTAH CHEFS LLC.,missipichef.com
"Royalty Meat Company, LLC.",royaltymeatcompany.com
Sol Mexican Grill,solmexicangrill.com
Sunny's Gourmet Products,sunnysgourmetproducts.com
Ard's Farm Market,ardsmarket.com
Chicks and Love Pizza,chicksandlove.com
Chocolate Lab Denver,chocolatelabdenver.com
"Great Harvest Bread Co. of Clackamas, Oregon",greatharvestclackamas.com
Hard Times Chili Spice Co.,hardtimeschili.com
Miz G’s House of Pies,mizgshouseofpies.com
Buttercup Cakes & Farm House Frosting,farmhousefrosting.com
DOG'S FOR THE EARTH LLC,dogsfortheearth.com
Eisteins Bagels Inc,einsteinnoah.com
Jiang’s Mongolian Grill,jmgrill.com
Nuts by ofi,olamnuts.com
McGill International,mcgillint.com
Whalebird Kombucha,whalebirdkombucha.com
Tarzana Armenian Deli,tagdeli.com
Easy Entrees by Silver Spoons,ezentrees.com
Marmelaad,marmelaad.com
Meals For Miles,mealsformiles.com
Nut-Tritious Foods,nut-tritiousfoods.com
Spirochete Brewing Inc.,spirochetebrewing.com
Super Natural Foods Company,supernaturalchef.com
Baba's,lovebabas.com
Bantam Market,bantammarket.net
Jane Butel Cooking School,janebutelcooking.com
Kampai Sushi,reddingkampaisushi.com
Kan-Ade,kan-ade.com
"SANTI RESTAURANT, LLC",santirestaurant.com
Special Leaf,specialleaf.com
Heartland Sweetners,idealsweet.com
Asami Tea,asamiteashop.com
Big Pop's Farm Raised Louisiana Alligator by the Pound or Whole,bigpopslagator.com
Crushed Ice Catering,crushedicecatering.com
CHATHAM MILLS FARMERS MARKET,chathammillsfarmersmarket.com
Coquito NYC,coquito-nyc.com
"Foster's Crafted Jerky, llc.",fostersjerky.com
Pandora's Pops,pandoraspops.com
Brick Oven,stpetersbrickoven.com
Justy’s Jelly,justysjelly.com
Piccadilly Artisan Yogurt,piccadillyartisanyogurt.com
Satura Cakes,saturacakes.com
"Sidekicks Salsa, LLC",sidekickssalsa.com
U-LUV Foods,uluvfoods.com
Dreamallows,dreamallows.com
Flour Lane Bake Shop,flourlanebakeshop.com
Kake Kompani,kakekompani.com
Lee’s Wok,leeswoknewport.com
Melrose Baking Company,breadmanla.com
St James Bagels,stjamesbagels.com
Sweet Treat Supply,sweettreatsupply.com
House of Hummus LLC,house-of-hummus.com
Intrigue Chocolate Co.,intriguechocolates.com
Kolache Cafe,kolachecafe.com
Keksi Cookie Company,keksi.com
Fiestazucar,fiestazucar.ueniweb.com
Mesocano Foods,mesocanofoods.com
Mimi's Gourmet Pasta Sauce,mimisgourmetpastasauce.com
Palooza Brewery and Gastropub,paloozafresh.com
Rising Tide Botanicals,risingtidebotanicals.com
AccidentalChef.Life,accidentalchef.life
County Square Market,countysquaremarket.com
Dolce Federica,dolcefederica.com
Kona Poke House,konapokehouse.com
Pound Cake Heaven,poundcakeheaven.net
A&A Baking Solutions Corp.,aabaking.com
"The Natural Pasta Company, LLC",putneypasta.com
Pequot Lakes Supervalu,pequotlakessupervalu.com
"Taste Connections, LLC",tasteconnections.com
Boneyard's Bloody Blend,boneyardbloody.com
High Point Creamery,highpointcreamery.com
"The Royal Gourmet, Co.",theroyalgourmet.com
Cherry Valley Feed Supplies,cherryvalleyfeedandsupplies.com
Magnolia-Star Baking Supply Co.,magnolia-star.com
Savory Palate,savorypalate.com
Seeds and Greens Natural Market & Deli,seedsandgreensmarket.com
Coastal Maine Popcorn Co.,coastalmainepopcorn.com
Brick Pizzeria Napoletana,pizzeriabrick.com
"Nica's Market, LLC",nicasmarket.com
Northtown Coffee,organicnorthtown.com
Roxie’s Market of Quincy,roxiesofquincy.com
Tail Waggins Dog Bakery,tailwagginsbakery.com
Ferriday Market,themarketsonline.com
Harriet's Cakes & Pies,harrietscakesandpies.com
Grand Rapids Cheesecake Company,grcheesecake.com
KHL FLAVORS INC.,khlf.com
KMG Foods LLC,kmgfoods.com
No Coast Sushi,nocoastsushi.com
PowerUp Health Inc.,poweruphealth.com
BoCa Flavor,bocaflavor.com
"CAFFE TOSCANO, INC.",caffetoscanofl.com
"FREEZE DRY GUY, INC.",freezedryguy.com
Organic Chef To Go,organiccheftogo.com
Chabelitas Taqueria,chabelitasvale.com
Dirty Dalmatian Rubs,dirtydalmatianrubs.com
Frank's Honey,frankthebeeman.com
Blood & Fire Co.,bloodandfireco.com
Golden Farms,goldenfarmsfoods.com
Woof Gang Bakery & Grooming Fleming Island,woofgangflemingisland.com
Skin So Natural,skinsonatural.us
Jonny Boy Cookies,jonnyboycookies.com
Bliss Tree USA,bliss-tree.us
Just.Find.Best,justfindbest.com
Rhodes Mall,rhodesmall.com
Advantage Natural,natural-advantage.net
Italian Fine Foods LLC,diaugusto.com
WILLOW MERCANTILE LLC,willowmercantile.com
The Butchery Quality Meats,butcherymeats.com
Desert Provisions,desertprovisions.com
Little Wild Things Farm,littlewildthingsfarm.com
TukTuk YumYum Frozen Yogurt,tuktukyumyum.com
Sweet Love Bakery,sweetlovebakerynh.com
Curry Cruiser,currycruiser.com
Free World Industries,freeworldindustries.com
Lo’s Seafood & Oriental Market Inc,losseafood.com
Town Bagel,townbagel.com
YUM Allergy-Friendly Bakery,yumafbakery.com
"Baked, Brewed, Beautiful",bakedbrewedbeautiful.com
Piezzetta,piezzetta.com
Saporito Pizza,saporito-pizza.com
Whipstone Farm,whipstone.com
LTLCHK,ltlchk.com
Kanira,kanira.co
Penny’s Pie Classes,pennyspies.com
Tchefuncte's Restaurant,tchefunctes.com
Seven Bridges Cooperative,breworganic.com
CALIFORNIA BURRITO,californiaburritosnh.com
Dessert Crazy,dessertcrazy.com
JOSIE'S PURE LATIN CUSTOM CATERING & PRIVATE CHEF SERVICE,josiespurelatin.com
Petworth Of Colorado Springs,petworthcs.com
SpringEats.Com,springeats.com
Virginia Foodie,vafoodie.com
Fed & Fancy,fedandfancy.com
Jimmyz Original Hibachi House,jimmyzhibachi.com
Prince Sweets,princesweets.com
Westtown Brew Works,westtownbrewworks.com
Garden Brunch Cafe,gardenbrunchcafe.com
The Lean Machine meal prep,theleanmachinesd.com
The Protein Creations,theproteincreations.webs.com
7 Greens Detroit Salad,7greens.com
Newport Food LLC,newportfood.net
"Superior Ice Cream Equipment , LLC",superioricecreamequipment.com
TEUSCHER CHOCOLATES OF SWITZERLAND,teuschermadison.com
d' Elissious LLC,delissiouscakestudio.com
Savory Spoon,savoryspoon.com
Shake It Up Brands!,shakeitupbrands.com
Intina Spice,intinaspice.com
Rock The Rub,rock-the-rub.com
Tempo Granola,tempoeats.com
The Potent Goat,thepotentgoat.com
Bell Buckle Holdings Inc (BLLB),bellbuckle.com
Buhrmaster Baking Co,buhrmasterbakingco.com
Erie Bread Company,eriebread.com
Gabe's Gourmet Foods,gabesgourmetfoods.com
Heidi’s Pancake House,heidislaketahoe.com
Maui Foods,mauifoods.net
Lawadessa Restaurant,lawadessarestaurant.com
ZeroCarb LYFE,zerocarblyfe.com
FTW Hot Sauce,ftwhotsauce.com
Fully Charged Allergy Friendly Snacks,fullychargedsnacks.com
IDOF - I Dream of Falafel,idof.com
Coco Verde Vegan,cocoverdevegan.com
Southern Craft Stove + Tap Tupelo,southerncraftstoveandtap.com
Gluten Free Creations Bakery,glutenfreecreations.com
Bay Laurel Culinary,baylaurelculinary.com
Frostline Frozen Treats,frostlinefrozentreats.com
Simply Impeccable Fudge,simplyimpeccablefudge.com
CAKES BY KAROL INC,cakesbykarol.com
"FM Bakery, LLC",harvestmoonbakingco.com
Midnight Makes and Bakes,midnightmakesandbakes.com
African Afro LLC,africanafro.com
Hog In Black,hoginblack.com
Kyure LLC dba Yoi,yoifresh.com
A Blessed Cookie Co,ablessedcookie.com
Mandarin Roots,mandarinroots.com
One Girl Cookies,onegirlcookies.com
Otto's Pizza Stix Inc.,ottospizzastix.com
Pizza Meal Kits,pizzamealkits.com
Toujour by Joannamour LLC,toujourbyjoannamour.com
Circle Food Products Inc,tortillaland.com
Cocktail.com,cocktail.com
Cooking Panda,cookingpanda.com
Michael’s Italian Feast,michaelsitalianfeast.com
New Hope CBD,newhope-cbd.com
Powerhouse Bakery,powerhousebakery.com
TS Ma Chinese Cuisine,tsmacc.com
Pollystyle,pollystyle.com
Half Lemons,halflemons.com
"Avandel, Ltd. dba Axia Spirit",axiaspirit.com
Czechbox Bakery,czechboxbakery.com
MacReady Artisan Bread Company,macreadybreadcompany.com
"PUT-IN-BAY CAMEO PIZZA, LLC",putinbaycameopizza.com
The Gluten Free Goat Bakery,glutenfreegoat.com
Tuscany Cookies,tuscanycookies.com
NICHOLS SUPERMARKETS INC,nicholsliverpool.com
Essential Confection,essentialconfection.com
Gratisfied,gratisfied.com
Martin’s Quality Meats & Sausage,martinssausage.com
Nibbs Club,nibbsclub.com
Wren Catering & Events,wrencatering.com
Asheville Toffee Company,ashevilletoffee.com
Food and DIY,foodanddiy.com
LOS ROAST LLC,losroast.com
The Total Cat Store,thetotalcat.com
"Gym-N-Eat Crickets, LLC",gymneatcrickets.com
Somerset Famous Pizza,somersetfamouspizza.com
DONGS SPECIALTY FOOD,dongsspecialtyfood.com
George F Brocke & Sons. Inc.,gfbrocke.com
Mellow Mango,themellowmango.com
JILLYCAKES LLC,jillycakesorlando.com
Rinaldi Sausage,rinaldisausage.com
Cooking With Curves,cookingwithcurves.com
Alma Superfoods,almasuperfoods.com
Silesian Flour,sflour.com
Hartford Baking Co,hartfordbaking.com
"BERGEY'S BREADBASKET, Inc.",bergeysbreadbasket.com
Zouz,zouzfoods.com
Nerdy Dad Foods,nerdydadfoods.com
Paradise Spreads,spreadparadise.com
Mandela Burger,mandelaburger.com
Natural Obsession,shopnaturalobsession.com
Intimaterial.com,intimaterial.com
Milano Market Westside,milanomarketwestside.com
"Angie's Wholesale Groceries, Inc.",angieswholesale.com
Gran-Hola,whatsupgranhola.com
Cape Ann Sea Salt Co.,capeannseasalt.com
Egg N Bird,eggnbird.com
Eve's Bakery,evesbakery.com
Winchester Cookie,winchestercookie.com
Bake Effect,bakeeffect.com
Eat REAL America,eatrealamerica.com
Nacho Madre's Inc,nachomadresgf.com
Black Fig Food,blackfigfood.com
"A&S Bagels, Inc.",aandsbagels.com
LABADIES BAKERY,labadiesbakery.com
Moochs Munchies - a HEALTH-CONSCIOUS PET FAMILY,shop.moochsmunchies.com
Smokin’ Joes Rib Ranch,smokinjoesribranch.com
Grazing Box San Diego,grazingboxsd.com
Food Building,foodbuilding.com
Gulf Smoked Seafood,gulfsmokedseafood.com
Lee Williams Meats Inc,houseofmeats.com
Lubrano’s Trattoria,lubranostrattoria.com
My Pizza Spot,mypizzaspot.us
Scandinavian Food,scandinavianfood.about.com
Braised In Balance,braisedinbalance.com
"BOSCO'S BISCUITS, LLC",boscosbiscuits.com
"SALMONS MEAT PRODUCTS, Inc.",salmonsmeatproducts.com
Shug & Spice,shugandspice.com
The Healthy Moose,thehealthymoose.com
Ben's Best Charcuterie,bensbestcharcuterie.com
Blueberry Frozen Yogurt,blueberryfroyo.com
Roberto’s Salsa & Sauces,robertos-salsa.com
Aadhya LLC,aadhya.llc
Aribaro Pet Company,aribaro.com
Bootleg Granola,bootleggranola.com
Honest to Goodness Personal Chef Services,honesttogoodness.com
eat g.a.n.g.s.t.e.r.,eatgangster.com
Noli’s Pizzeria,nolispizzeria.com
Sasas Mix,sasasmix.com
"CONFETTI PEPPERS, LLC",confettipeppers.com
Little Cook,littlecooks.co.nz
VICTORY DANCE FOODS,victorydancefoods.com
Superfine Kitchen,superfinekitchen.com
Inizio Pizza Napoletana,iniziopizza.com
Chef Jack Organics,chefjackskitchen.com
Fresko Des Moines,freskodsm.com
Green Vine Market,greenvinemarket.com
Precinct Pizza,precinctpizza.com
Bright Bowls,brightbowls.com
"Electric Avenue Chef, Inc.",electricavenuechef.com
Khoury's Mediterranean Restaurant,khouryslv.com
Oriental Taste by Chef Creations,orientaltasteus.com
Rising Tide Natural Market,risingtidemarket.com
Afghan Kabob and Grill,afghankabobandgrill.com
Dragon Tiger Noodle Co.,dragontigernoodle.com
The Queen Of Cakes &,queen-of-cakes.com
CTI Foods Wilder ID,careers-ctifoods.icims.com
Mad Lemon,drinkmadlemon.com
Akimori Hospitality Group,akimorinyc.com
AlioCare,aliocare.es
Little Mighties,littlemighties.com
APNI RASOI LIMITED,apnirasoi.co.uk
Hillsdale General Store,hillsdalegeneralstore.com
Thinking of You Creations,thinkingofyoucreations.com
BLUE PLATE TACO LLC,blueplatetaco.com
Uli's Famous Sausage LLC,ulisfamoussausage.com
"Waco Beef & Pork Processors, LLC",holysmokedsausage.com
"Tilley's Favorite, LLC",tilleysfavorite.com
"Adrienne's Classic Creations, LLC",adriennecc.com
"G & K Sales, Inc.",ingredient.trade
Green Valley Farms Market & Creamery,greenvalleyfarms.us
Hopscotch: Cakes & Confections,hopscotchcakes.com
"Best Buy Grocers, Inc.",bestbuygrocers.com
ICON Meats,iconmeats.com
"Robb Ross Foods, Inc.",robbrossfoods.com
"Thrushwood Farms Quality Meats, Inc.",thrushwoodfarms.com
Treat Your Dog LLC,treat-your-dog.com
"Cavé, A Paleo Eatery",cavepaleoeatery.com
Milene Jardine Chocolatier,milenejardine.com
Fig Tales,figtales.com
"FIRE ISLAND RUSTIC BAKESHOP, LLC",fireislandbread.com
Abrazo Mate,abrazomate.com
Ingredient Specialties,ingredient-specialties.com
Mulberry Street Italian Food,mulberrystreet.net
Once Upon A Coconut - A Beverage Company,onceuponacoconut.com
TOAST-IT,justtoastit.com
Happyist,eathappyist.com
Entire Tea,entiretea.com
Glam Foods LLC,glamfoodsllc.com
Koko Kai Coconut Yogurt,kokokaiyogurt.com
Lucia Ristorante & Bar,luciaofnewmilford.com
VGF OKC,vgfokc.com
Bad to The Bones Biscuits LLC,badtothebonesbiscuits.com
Corrina’s Corner,corrinascorner.com
Happy by Chocolate,happybychocolate.com
Huangxinguoji,teaproduct.weebly.com
Lick Creek Kitchen,lickcreekkitchen.com
Bountiful Larder Inc.,bountifullarder.com
"Cheat Day Sweets, LLC",cheatdaysweets.com
KeHo Foods,kehofoods.com
Oro Chocolate,orochocolate.com
"Squally's ""Juice Bar & Cafe""",squallyscafe.com
ATARASHI,sushiatarashi.com
Love of Yum,loveofyum.com
NOCE VITA GOURMET FOODS,nocevita.com
No Harm No Cow,noharmnocow.com
California Blending Corp,calblending.com
Randazzo Fresh Market,randazzofreshmarket.com
Chocolate Uplift,chocolateuplift.com
VILLAGE MILL BREAD COMPANY,villagemillbread.com
Yum Crumbs,yumcrumbs.com
Hanline Group,hanlinegroup.com
King Daddy's Chicken,kingdaddys.com
Ansel's Awesome Sauce,anselsawesomesauces.com
Bad Dog Bistro,baddogbistro.com
Cubcakes,cubcakeshop.com
"Del Bene Produce, Inc.",delbeneproduce.com
"Ting’s, LLC",tingschips.com
Wonder Bagels,wonderbagels.com
Burger Bach,theburgerbach.com
CEDAR ALL NATURAL INC.,cedarallnatural.com
Fresh n Local Foods Inc.,fnlfoods.com
Holi Scoops,holiscoops.com
Imagineering Foods,imagineeringfoods.com
Moodygirl,moody-girl.com
My Thai Mill Valley,mythai.com
Simply Layered Inc,simplylayered.com
"Thompson Farms Country Cured Meats, LLC",thompsonfarms.com
"Snooks Eatery, LLC",snookseatery.com
888 Ristorante Italiano,888ristoranteitaliano.com
Bond Caviar,bondcaviar.com
Farmburguesa,farmburguesa.com
RecipeRUSH,playreciperush.com
Togamay,togamay.com
"Feel Good Foodie, Inc.",feelgoodfoodie.net
Kitchen Confidante LLC,kitchenconfidante.com
My Oven's Meals,myovensmeals.com
Oregon Seaweed,oregonseaweed.com
Project FoodBox,projectfoodbox.org
STA - Savory Taste Alliance,savorytastealliance.com
The Amish Market,theamishmarket.net
Trash Panda Grocery App,trashpandaapp.com
Why Not Pie,whynotpie.com
"Impact Food, Inc.",impact.food
Lizard Mill Sauce Co.,lizardmill.com
"Amerikoa Ingredients, LLC",amerikoa.com
Bosco Factory,gelatosgourmet.com
Butter Craft Provisions,buttercraftprovision.com
Rice Culture,riceculture.com
Satisfied Food Co.,satisfiedfoodco.com
BAKESMITH,bakesmith.com
"C’est La Vie, The Cake “N” Quiche Company",cestlavie-bakery.com
Groovy Kitchen,eatgroovy.com
"Florida Private Chef, Maii Groff",floridaprivatechef.com
Choputa,choputaeats.com
Rito Loco,ritoloco.com
Tiffany's Sweet Spot,tiffanyssweetspot.com
Chocolate Nugget Candy Factory,chocolatenuggetcandyfactory.com
HipBurger,hipburger.com
Morgan Creates LLC,morgancreatesllc.com
Retreat Drinks,retreatdrinks.com
Your Just Desserts LLC,your-just-desserts.net
Brewster Pastry,brewsterpastryshop.com
Free Cakes For Kids Hackney,freecakesforkidshackney.com
Sister Pie,sisterpie.com
"Fashion Food, LLC",fashionfoodllc.com
Tastefulspoons,thetastefulspoons.wordpress.com
"THE SPICE, L.L.C.",thespiceames.com
Tri-Valley Bistro,trivalleybistro.com
Farm Fresh Meals Inc.,farmfreshmeals.com
"GreensPlease, Inc.",greensplease.com
Mary Jane's Bakery,maryjanesbakeryco.com
"MCLOB USA, LLC dba McLob Ingredients",mclobingredients.com
Paris Morning Bakery,parismorning.com
Salsa de Rosa,salsaderosa.com
BEDROCK+KITCHEN,bedrock-kitchen.com
Peggotty Provisions,peggottyprovisions.com
Beyond The Grove Fresh Food and Catering,beyondthegrovecatering.com
"Voodoo Food Group, LLC",doyouvoodoo.net
Anita’s Crepes,anitascrepes.com
Brooklyn Ice Cream Factory,brooklynicecreamfactory.com
Loli's,eatlolis.com
"Premium Food Group, Inc.",premiumfoodgroup.com
Brothers Food Provisions,brothersfoodprovisions.com
Cien Chiles,cienchiles.com
"Nucolato USA, LLC",nucolato.com
Lean Joe Bean,leanjoebean.com
Rocket Baby Bakery,rocketbabybakery.com
Blue Magnolia,bluemagnoliaproducts.com
Craft Brew Supply Company,craftbrewsupplyco.com
"Empire Drying Services, LLC",empiredrying.com
Old Town Olive,oldtownolive.com
Outside Table,outsidetable.com
Arvanza Global LLC,arvanzaglobal.com
Cu3ed Sugar,cubedsugar.com
Fitz on 4th,fitzon4th.com
Alex Intl Trading Corp.,alexinternationalcorp.com
Barouche,barouche.eu
Beauty's Biscuits,beautysbiscuits.com
Meribo,meribopizza.com
Smallcakes Cupcakery and Creamery- Chicago,smallcakescupcakerychicago.com
A.BAKER,abakercakes.com
Aloy Thai Cuisine,aloythai.com
Booskies Cookies,booskiescookies.com
Familia Kitchen,familiakitchen.com
Harker Farms Inc,harkerfamilyfarms.com
Henry Clean Co.,henryclean.com
Italia Bakery & Deli,italiabakeryanddeli.com
Culinary Reaction & Discovery LLC,culinaryreaction.com
LA FLACA,laflacaatx.com
Chai Curious,chaicurious.com
PureJerkyCo,purejerkyco.com
"Sweet Guilt, LLC",sweetguilt.com
Tailored Menu,tailoredmenu.co
Tidbits Candy,tidbitscandy.com
FLAMING BURGER LLC,flamingburger.net
GREAT Kids Snacks,greatkidssnacks.com
Madelyn Specialty Cakes,madelynspecialtycakes.com
Caroline’s Desserts,carolinesdesserts.com
Mr. Wish Abington,mrwishusa.com
The Better Butters,thebetterbutters.com
"No Nuts, LLC",gononuts.com
Spinnaker Chocolate,spinnakerchocolate.com
"International Fruit Marketing, Inc.",internationalfruit.com
2nd. Language,taste2ndlanguage.com
Benkerts Bakery,benkerts.com
Cookies From Scratch,cookiesfromscratch.com
Eat Me In A Pinch,eatmeinapinch.com
K9 Super Supplements,k9supersupplements.com
"NuBev, Inc.",nubev.com
Soul Vegan,soulvegan.com
"Allie's Banana Bread, LLC.",alliesbananabread.com
Shadeau Breads,shadeaubreads.com
Stone Cold Meats,stonecoldmeats.com
Fontecchio's Gourmet Foods,fontecchiosfoods.com
GF Sweeties LLC,gfsweeties.com
Orchard Hill Farms,orchardhillfarms.com
Gourmanoff Bakery,gourmanoffbakery.com
"Sophast Sales & Marketing, LLC dba No Knead Bakery",nokneadbakery.com
The Hog And The Hen,thehogandthehen.com
The Patch,themindfulpatch.com
Däsh Bakery,orderdashbakery.com
Proto Foods,thesgoodlife.com
Rooted Water,rootedwater.com
Anyway Protein,anywayprotein.com
Bernie's Whole Food For Dogs,berniesluxe.com
Broad Street Dough Co.,broadstreetdough.com
Earth Sugar,loveearthsugar.com
Modu .,eatmodu.com
"Elderberry Boost, LLC",elderberry-boost.com
The Starfish Cottage Cakes,thestarfishcottage.com
Velvet Vapors,velvetvapors.com
Watson's Candies,watsonscandies.com
Heidelberg Baking Co,heidelbergbakingco.com
Irum Proteins,irumproteins.com
Master Vegan Cooking,mastervegancooking.com
"Gastronaut, LLC",gastronautsf.com
Sweets N Treats,sweetntreats.com
Tsuki Sake,tsukisake.com
D.R.E.A.M PET CO.,dreampetco.com
Uplift Florae,getuplifted.com
Lovejoy's Real Ice Cream,lovejoysicecream.com
Sperare Foods,sperarefoods.com
Olly's Ice,ollysice.com
Phil's Secret Sauce LLC,philssecretsauce.com
Pitchoun!,pitchounbakery.com
ChinChile Products,chinchileproducts.com
Meal Preps 4 Me,mealpreps4me.com
"SMART CENTERS, INC.",laflordemexico.com
The Horn Ethiopian Hot Sauce,tastethehorn.com
Gil's Ice Cream Supplies,icecreamsupplieswholesale.com
Kono's Kitchen,konoskitchen.com
Saraghina Restaurant,saraghina.com
Alvott,alvott.com
"Biogenic Foods, LLC",biogenicfoods.com
Fetching Foods,fetchingfoods.com
First Choice International Supermarket,firstchoiceinternationalsupermarket.com
Milk Yourself Milk Bath Company,milkyourself.com
Spicy Soul Handels GmbH,spicysoul.at
Attivo Culinary,attivoculinary.com
City Tamale Inc,citytamale.com
OBX Popcorn,obxpopcorn.com
"Alexander Commercial Enterprises, LLC (ACE) dba Spiceworks International",spiceworksintl.com
Brevaa.com Inc.,brevaa.com
Jemila Foods,jemilafoods.com
SteveHacks,stevehacks.com
Graham's Organics,grahamsorganics.com
Pride Foods,pridefoods.org
"The Bagel Project, LLC",bagelproject.com
Zilla Meals,zilla-meals.com
"FUKUYOSE, INC.",webesushi.net
Greens First Lean,greensfirstlean.com
Inspiralized,inspiralized.com
"Allys Cooking, LLC",allyscooking.com
Dufresne's Breads and Desserts,vegandreamdesserts.com
Tatnuck Meat Mart,tatnuckmeatandsea.com
Troop Nutrition,trytroop.com
Divine Confections,divineconfections.net
Dog Wax Balm,dogwaxbalm.com
Steph's Garden,stephsgardengrown.com
RiNo Peak Coffee,rinopeakcoffee.com
Sweetpotato Awesome,sweetpotatoawesome.com
Bento Picnic,bentopicnic.com
Nutristore Foods,nutristorefoods.com
Along Came Carol Creative Food,alongcamecarol.com
Bellacucinafoods,bellacucinafoods.com
ChocAllure,choc-allure.com
Nolia Chocolates,noliachocolates.com
Opus Farm,opus.farm
Fratelli Pizza,fratellipizza.net
Laura's Cakes,laurascake.com
Bay Area Farmers Market,bayareafarmersmarkettexas.com
3 Margaritas LLC,threemargaritasfenton.com
Bully Sticks Central,bullystickscentral.com
Grillheads Supply Co,grillheadssupply.com
Mr. Brettz Gourmet Snacks,mrbrettz.com
Cades Cakes,cakeyall.com
Electric Cuisine LLC,ecuisinernt.com
Vine n Shop,vinenhop.com
Cabi,cabifoods.com
Meat the Fungi LLC,meatthefungi.com
Nutz About Popcorn,nutzaboutpopcorn.com
Sarah's Treats Bakery,sarahstreatsbakery.com
Perfectus Pet Food,perfectuspetfood.com
Seeds & Salt,seedsandsalt.com
Doganic,doganic.com
Gourmet for Good | Corporate Catering that Gives Back,gourmetforgood.com
"Phoenix Food Ingredients, LLC (PFI)",phoenix-nc.com
Buff Cake Barkery,buffcakebarkery.com
Tend Prenatal,tendprenatal.com
"Virginia Park Foods, LLC",virginiaparkfoods.com
"AYO Foods, LLC dba AYO Almond Yogurt",ayoyogurt.com
D's Bakeshop,dsbakeshop.co
Superfood & Company,superfoodandcompany.com
Akasha Superfoods,akashasuperfoods.com
J.S. Blends LLC,thespicygnome.com
Standing Stone Farm,standingstonefarms.com
Angelo's Pasta and Deli,angelospastaanddeli.net
The Amazing Dip Company,theamazingdipcompany.com
Bridger Beef,bridgerbeef.com
Culimer USA LLC,culimerusa.com
Curries n Cravings,curriesncravings.com
Eat Unrestricted,eatunrestricted.com
WorldClass,worldclass.com
Homemade Pasta,danjoyshomemadepasta.com
Old School Chocolate Company,oldschoolchocolatecompany.com
Find Jersey Fresh,findjerseyfresh.com
Nautical Salt Company,nauticalsaltcompany.com
Oea Bakery,oeabakery.com
Opal Bakeshop,opalbakeshop.com
Spinning Dough,spinningdough.com
Well Lean LLC,welllean.com
Jungle Foods US,junglefoods.us
Organic Roots Inc,organicroots.net
SIMPLY HEAVENLY FOODS LTD,simplyheavenlyfoods.co.uk
SunSobo LLC,sunsobo.com
IdeationFoods Inc,ideationfoods.com
STASHED - Next Level Instant Meals,stashedfood.com
Big Woof Treats,bigwooftreats.com
KCookie Company,kcookiecompany.com
dabbleberries,dabbleberries.com
Mora Condiments,eatmora.com
Tudie's Cookies & Sweets,tudiescookies.com
THE GRATEFUL BREAD INC,gratefulbreadbaking.com
Top Tree Herbs,toptreeherbs.com
Wise Guys Sauces,wiseguyssauces.com
newr company,newrcompany.com
The Sound of Cooking,thesoundofcooking.com
You're a Cookie!,youreacookie.com
Orleans Foods Ltd. Co.,orleansfoodsltd.com
Pup Plates,pupplates.com
Root Foods,eatrootfoods.com
Inedit Gourmet,ineditgourmet.com
Ingredient Supply Corp. ( ISC),ingredientcorp.com
"Meat & Complete, LLC",meat-complete.com
Uplifting Promotions,upliftingpromotions.com
Growee Foods,groweefoods.com
Insain Hot Sauce,insainhotsauce.com
Avomexicano,avomexicano.in
Refresh Boxes,refreshboxes.com
"Ryszard Food Distributor, Inc.",ryszardfood.com
Heirloom Chef,heirloomchefcincy.com
Vivian's Gourmet,viviansgourmet.com
Palete,paletefoods.com
"Bear River Bottling, LLC",bearriverbottling.com
Chocolate Thunder,chocolatethunder.us
Luci Mae's,lucimaes.com
The Heirloom Pantry,theheirloompantry.co
Burrito Shop,burritoshops.com
Chet's Anytime Bloody Mary Seasoning Mix,chetsbloodymary.com
Alabama Fruitcake,alabamafruitcake.com
Happai Oy,happai.fi
ParTake Kitchen,partakekitchen.com
Sweet Hearts Patisserie,sweetheartspatisserie.com
Baking By Cece,bakingbycece.com
We Take The Cake,wetakethecake.com
Garlic Lovers Corner,garlicloverscorner.com
Hella Phat Vegan,hellaphatvegan.com
Simply Chew,simplychew.com
Good Harvest Market,goodharvestmarket.com
Long Grain Website,longgraincamden.com
Nola Cookie Co.,nolacookieco.com
Sazi Foods,sazifoods.com
Patric Food & Beverage Development,patricdevelopment.com
Rehkopf Enterprises,rehkopfs.com
"Hedonist Artisan Chocolates, LLC",hedonistchocolates.com
Hello Good Pie,hellogoodpieco.com
Brooklyn's Bites,brooklynsbites.com
Jubileats Innovative Foods,jubileats.com
"Koko Products, LLC dba Kokada",kokada.com
Lane & Simple,laneandsimple.com
Chefcipes,chefcipes.com
Dresden Stollen Bakers,dresdenstollen.com
The Farmer's Hand,farmers-hand.com
"GoodLove Foods, LLC",goodlovefoods.com
Joro Protein,joroprotein.com
"Lucky Dog Gelato, Inc.",luckydoggelato.com
OFBF Oil Free Butter Free,ofbflifestyle.com
The Mercato by Certified Piedmontese,cpmercato.com
TickWarriors,tickwarriors.com
"Niramaya Foods, LLC",niramayafoods.com
Vineyard Nutrition,vineyardnutrition.com
Cassava Kitchen,cassavakitchen.com
Scoville Brothers LLC,scovillebrothers.com
Rasa Malaysia,rasamalaysia.com
SBS Pet by Jones-Hamilton Co.,petsbs.com
What the Cluck Inc.,whatthecluckus.com
A Meal With Dignity,amealwithdignity.org
Bright Bread Company,brightbreadco.com
GoodPepper,goodpepper.co
"Ikaria Nutrition, LLC dba Odyssey Snacks",odysseysnacks.com
Simple Staples,simplestapleschi.com
Dough On The Go,dough-on-the-go.com
Hot Llamas Hot Sauce,hotllamas.com
"Integrated Proteins, LLC",integrated-pro.com
Amy's Raw Honey,amysrawhoney.com
Fanwich Food Truck,fanwichfoodtruck.com
Focacceria Ristorante,focacceria26.com
PUR Cold Pressed Juices,purcoldpressed.com
ReMade Foods,remadefoods.com
Jrk!,eatjrk.com
Freaky Carrot Health Bar,freakycarrotchicago.com
"Liberation Nails, Inc.",liberation-nails.com
Mad Mini's,madminisfoods.com
SnackCraft LLC,snackcraft.com
The Good Salad,thegoodsalad.com
Tomato Joes,tomatojoespizza.com
Epic Fine Chocolates,epicfinechocolates.com
Protein Quick,proteinquick.com
Simply Made Sweet Treats LLC,simplymadesweettreats.com
Ummino,ummino.com
Chanson International Corp.,chanson-international.com
healthienut,healthienut.com
Have Your Cake LA,haveyourcakela.com
KetoBakes,ketobakes.com
Lucky Thai,luckythaicuisinewhittier.com
"Twice the Spice, LLC",twicethespice.com
Allie's Naturals,alliesnaturals.com
Big Daddy Heat Hot Sauce,bigdaddyheat.com
Frosted Cakery,frostedcakery.com
mueslihaus,mueslihaus.com
"Red Tail Productions, LLC dba Chef Dr. Mike",chefdrmike.com
Curious Cookie,curiouscookieco.com
Yummy Acai LLC,yummyacai.com
OnyyaOrganic Sp. z o.o.,onyyaorganic.com
"Pancibus, LLC",pancibus.com
Smithfield Gourmet Bakery,smithfieldgourmetbakery.com
Spicewater,spicewater.com
"HavSun Florida, Inc.",havsunflorida.com
Lambs & Thyme,lambsandthyme.com
Bertie's Creative Creamery and Chocolates,bertiescreativecreamery.com
Kind Bean,thekindbean.com
Yun Hai Taiwanese Pantry 雲海嚴選,yunhai.shop
aussie-bakery,aussiebakerypuffpastry.com
Baking It Real LLC,bakingitrealkits.com
Musa's Albanian Meats,musasllc.com
Ni Japanese Deli,nijapanesedeli.com
Zion's Botanicals,zionsbotanicals.com
Ceres Life Corp.,enjoyceres.com
ifiGOURMET Provisions,ifiprovisions.com
Z Asian - Vietnamese Kitchen,eatzasian.com
Wicked City Kitchen,wickedcitykitchen.com
Kate's Plate,katesplate.com
Spundipity Cotton Candy Company,spundipity.com
603 Bar and Lounge,603dover.net
California Birthday,californiabirthday.com
Fruniti,drinkfruniti.com
Tono Pizzeria + Cheesesteaks,tonomn.com
Calico Cupboard Cafe & Bakery,calicocupboardcafe.com
Schumitsch Companies,sch-companies.com
Wild Iceland Fish Oil,wildicelandfishoil.com
"Glycerin Traders, LLC",glycerintraders.com
Aliza Green Food Consulting,alizagreen.com
Jackboy's Dog Bakery,jackboydogbakery.com
Berna's Body Butter,bernasbodybutter.com
Carmen's Salsa,carmenssalsa.com
Clean Energy - cleansmoothie.com,cleansmoothie.com
School Kine Cookies,skcookies.com
Seatown Sweets,seatownsweets.com
Kanda Chocolates,kandachocolates.com
Honix | StaySweet™,honix.com
Colavita Recipes,colavitarecipes.com
It's Easy As Pie,itseasyaspie.com
Miller's Craft Meats,millerscraftmeats.com
We Want Veggies,wewantveggies.com
DOOR COUNTY CREAMERY,doorcountycreamery.com
Pasta Zing,regalkitchenstore.com
"Southern Caramel, LLC",southerncaramel.com
"Three Farm Daughters, LLC",3farmdaughters.com
Wacky Sauces LLC,wackysauces.com
Wild Kauai Chocolate,wildkauaichocolate.com
Windward Jerky Company,windwardjerky.com
Food For Tot,food-4tots.com
Oggies LLC,oggiesnyc.com
Long Food Industries,longfoodindustries.com
Sweetly Splendid,sweetlysplendid.com
Torch Companies,torchsauce.com
Bake Me Healthy,bakemehealthybox.com
Big V's Craft BBQ,bigvscraftbbq.com
Bin 54 Steak & Cellar,bin54chapelhill.com
Fosters Family Foods Inc,fostersfamilyfoodsec.com
Hoppy Biscuits,hoppybiscuits.com
Kelsi's Kitchen,kelsiskitchen.com
Miami Chef,miamichef.com
Sinachi's Instant Nigerian Foods,sinachis-instant-nigerian-foods.myshopify.com
Daily Bread LLC,omegabun.com
JC Desserts,jcdesserts.com
milli mylk,millimylk.com
New India Bazar SF,nibsf.com
Grillbird,grillbird.com
HEAVENLY CONFECTIONERY,heavenlyconfectionery.com
Hercules Food Co.,herculesfoodco.com
Pet Pantry of Harbor Springs,petpantryharborsprings.com
Village Bake Shoppe,villagebakeshoppe.com
Baked Cookies,bakedcookiesanddough.com
The Nutty Duo,thenuttyduo.com
Effi Foods dba Unimaginable Foods,unimaginablefoods.com
mycro,letsmycro.com
Natuur Brands,natuurbrands.com
Rosedale Farm,rosedale1920.com
TENUTA market,tenuta.market
5 Loaves Food Company,5loavesfood.com
Chef Ami,chefami.com
Chewbebe,chewbebe.com
8 Mile Meadow,8milemeadow.com
Walker's Fresh Foods,walkersfresh.com
Fort Myers Olive Oil and Balsamics,fortmyersoliveoil.com
Hummus Goodness,hummusgoodness.com
Play House Spices,playhousespices.com
As You Wish Personal Chef Svc,asyouwish-personalchef.com
Elise Tries to Cook,elisetriestocook.com
Bombay Kitchen Foods,bombaykitchen.com
Fuzera,fuzera.com
The Gunny Sack,thegunnysack.com
Xssant,xssant.com
Baked By Moe LLC,bakedbymoe.com
Bare Bucha,barebucha.com
Grateful Bread Company,welovesourdough.com
Nourish Yourself Deliciously with Chef Palma,chefpalma.com
KAO GANG,kaogangpga.com
Kaz Ramen,kazramen.org
Pastry Chef's Boutique,pastrychefsboutique.com
Smith Meat Packing Inc,smithmeatpacking.com
YummiTummi! LLC,yummitummipets.com
BŪCH Hard Kombucha Seltzer,buchbev.com
HalalCBD,halalcbd.io
Harpreet Sangha & Associates,foodscienceco.com
Bucket of Bread LLC,bucketofbread.com
Happy Hemp,gethappyhemp.com
Irish Breakfast Box,irishbreakfastbox.com
Sublime Flavors,sublimeflavors.com
Casa Reynoso,casareynoso.com
"Classic Pizza Crusts, Inc.",classicpizza.com
Wild Leaven Bakery,wildleavenbakery.com
California Soju Co.,californiasoju.com
Araya Artisan Chocolate,arayachocolate.com
High Tech Burrito,hightechburrito.com
"Samcakes, LLC DBA Long Table",longtablepancakes.com
XTRACT Optimized Ingredients,xtractinc.com
Gelateria Gemelli,gelateriagemelli.com
J Bagels & Cafe,jbagelstrumbull.com
Meal Prep Plans,mealprepplans.com
OKO Rye,okokitchen.com
Poblano South,poblanosouth.com
SuperLoveCookies and gifts,superlovecookies.com
Wave The Grain,wavethegrain.com
Basso Pets,bassopets.com
David Verdo Personal Chef & Catering,chefdavidverdo.com
Simpls,simpls.com
Feelin O2 Good,feelino2good.com
Garrett Valley Farms,garrettvalley.com
"Isadore Nut Co., LLC",isadorenutco.com
North Freeze Dry,northfreezedry.com
Taco Yo,ordertacoyo.com
Supply Mex,supply-mex.com
"Onion Solutions USA, LLC",onionusa.com
"Deena Summer, LLC dba Sherman's Tennessee Hot Crackers",shermanstennesseehotcrackers.com
"Carnivore Bar, Inc.",carnivorebar.com
"Drops of Dough, LLC",dropsofdough.com
