name,domain
Grassfed Beef Crisps,beefcrisps.com
Nutreat,nutreat.com
Pancho Tacos,tacopanchorestaurants.com
The Panza,thepanza.com
Bakery Normand,bakerynormand.com
Creative Bakery Solutions Llc,creativebakerysolutions.com
Edelife Distributing LLC,edelife.com
Fuji Natural Food,fujinf.com
"Tio Pelon's Salsita, Inc",tiopelonsalsita.com
Dave's Meat & Nuts,davesmeatandnuts.com
Sree Vaishnavi Enterprises,dishwarmer.com
Bucha Brewers,buchabrewers.com
Candy Counter,candycounter.net
HAMLE MEDITERRANEAN SUPERMARKET,hamlemarket.com
Street Noodles,streetnoodles.com
Legacy Food Storage,legacyfoodstorage.com
McDonald's Meats,mcdonaldsmeats.com
"Pidgin Restaurant Group, LLC dba Public Taco",publictaco.com
Paramount Fresh Chicago| Delivered Fresh to Your Door,paramountfresh.com
Vibeinfusion,vibeinfusion.com
C. S. Steen Syrup Mill,steenssyrup.com
GAPP ENTREPRISES INC USA - XOCO-LATTE,xoco-latte.com
Garden Of Esther,gardenofesther.com
Java Dragon Coffee Service,javadragon.coffee
Mouth of Mundus,mouthofmundus.com
Mainstreet Bakery,msbakery.com
Biked Goods Co,bikedgoods.co
The Colorado Peach Company,coloradopeachcompany.com
"Vitality Consultants, LLC | The Official Anti-Inflammatory Diet Masterclass",vitalityconsultantsllc.com
Insanely Good Recipes,insanelygoodrecipes.com
Passport Global Flavors,passportglobalflavors.com
Primal Eats,primaleats.com
Snack & Dessert Solutions,mondelezinternationalfoodservice.com
Sweet by Nature Inc.,sweetbynatureinc.com
Texas Kitchen Salads,texaskitchensalads.com
Vibe Organic Juice Bar,vibeorganicjuicebar.com
825 Main Products,825mainproducts.com
Alamo City Popcorn Company,alamocitypopcorn.com
gFoodNow.com,gfoodnow.com
Redstone American Grill,redstonegrill.com
Aubergine Kitchen,auberginekitchen.com
Sweetlix Llc,sweetlix.com
PieconicNY,pieconicny.com
Gourmet Ghee Company,gourmetghee.com
War Eagle Mill Food Group,wareaglemill.com
Your Special Tea,yourspecialtea.com
Badger Ham,badgerhams.com
Coracao Chocolate,coracaochocolate.com
Delivery Bistro,deliverybistro.com
"Hany's Harvest, Inc.",hanysharvest.com
Smoked Midwest LLC,smokedmidwest.com
"How Do You Take Your Coffee?, Inc.",takeyourcoffee.com
"Blendfresh, LLC",blendfresh.com
Browny Coffee,brownycoffee.com
Cookie Cab,cookiecab.com
Cavé Bistro,cavebistro.com
Planet Bake,planet-bake.com
SPE Certified,specertified.com
Christner's Prime Steak and Lobster,christnersprimesteakandlobster.com
Ramona Bakery,ramonabakery.com
Cuatro Leches Dessert Bakery,cuatroleches.com
Indian River Bee Co.,indianriverbeecompany.com
Alfredo Paradiso Inc,alfredoparadiso.com
Alps Sweet Shop,alpssweetshop.com
Auburn Dairy Products Inc,yamiyogurt.com
No Sugar Aloud LLC,nosugaraloud.com
Bunka Tea,bunkatea.com
"Fine Ingredients, Inc.",fineingredients.com
Homemade Shea,homemade-shea.com
Morty's Munchies Dog Bakery & Boutique,mortysmunchies.com
Big Lu Dog Treats,big-lu.com
Kismet Refining Company,kismetrefining.com
Downtown Kitchen,downtownkitchen.com
Harvest to Highchair,harvesttohighchair.com
Health Trail Natural Foods,healthtrailnaturalfoods.com
Kennedy's Kakes,kkakes.com
Pepperoni Grill,pepperonigrill.com
Sisters Bakery,sistersbakery.com
"Supermarket Italy, LLC.",supermarketitaly.com
Jan's Sweet Sensations,jans-sweetsensations.com
That Little Cake Place,thatlittlecakeplace.com
"Ashley Farms, Inc.",ashleyfarmsinc.com
Sweet Life Patisserie,sweetlifedesserts.com
"Blazin Bajan, LLC",blazinbajan.com
Helena Avenue Bakery,helenaavenuebakery.com
Planet Grilled Cheese,planetgrilledcheese.com
Simply Done LLC,simplydonenwa.com
Grove Pastry Shop,grovepastryshop.com
Maya Moon Co.,mayamoon.co
Mollycoddled Hash Slinger,mollycoddledhashslinger.net
The Cookie Cups,thecookiecups.com
Bailan,bailans.com
Baum's Fried Pecans,baumsfriedpecans.com
"Inpopnito, Popcorn In Disguise",inpopnito.com
Jacks Snacks,jackssnacks.com
Lamb and Honey,lambandhoney.com
Nature's Agave,naturesagave.com
Naughty Nutty Love LLC,naughtynuttylove.com
"BPIP, LLC dba Ponder Brands",ponderbrands.com
Rance's Chicago Pizza,rancespizza.com
Sturm Farms,sturmsberryfarm.com
chefscottnechay.com,chefscottnechay.com
Eggs By The Bay,eggsbythebay.com
Slice Project,sliceprojectpizza.com
Popcorn Central,popcorn-central.com
Simchick Meats Inc,lsimchick.com
Standard Bakery Inc,standardbakeryhawaii.com
Josie's Best Gluten Free Mixes,josiesbestgf.com
Bellaire Smokehouse,bellairesmokehouse.com
Chubby Charlies Pizza,chubbycharliespizza.com
The Red Bandana Bakery,theredbandanabakery.com
Cranberry Sweets,cranberrysweetsandmore.com
Yulonda's Edible Sensations,yesdesserts.nyc
Dean Street Taco Chips,deanstreetchips.com
HEALTHY RICAN by Nutrition Dork LLC,healthyrican.com
Ora Cacao,ceremonial-cacao.com
Popcorn Junkie,mypopcornjunkie.com
Harvest Table,harvesttablenapa.com
Kountry Fresh Pizza,kountryfreshpizza.com
Pepperoni's Pizzeria,pepperonispizzeria.com
Nufs,nufs.ca
"TRUONG, CAN DINH",vietnamesefood.com.vn
Cakes by Christa,cakesbychrista.com
Garden to Doorstep Organics,gardentodoorsteporganics.com
Giselle's Vegan Kitchen,giselleskitchen.com
Sun Valley Mustard,sunvalleymustard.com
Gingerbread Factory,gingerbreadusa.com
Master Chef Mobile Kitchens,masterchefnyc.com
Tofu Shop Specialty Foods Inc,tofushop.com
Baked by Bros.,bakedbybros.com
"Barking Mad Baking Company, LLC",barkingmadbakingcompany.com
FRIENDS Upscale Comfort Food,friendsupscalefood.com
Julias Bakery Inc,juliasbakery.com
Beef Jerky Bros,beefjerkybros.com
Polymer Assembly Technology,pfccorp.com
"Yoder Popcorn, LLC",yoderpopcorn.com
Chicago Dough Co,chicagodough.com
Bar Harbor Popcorn,barharborpopcorn.com
"Guero Y Maria, LLC",gueroymaria.com
Hazienda La Rambla SL,haziendalarambla.com
Pin Up Balm,pinupbalm.com
Pushkins Bakery,pushkinsbakery.com
The Feedery,feedery.com
The Landing Market,thelandingmarket.com
Art Of Baking,artofbaking.net
Chocolat Du Monde,chocolat-du-monde.com
Oregon Oyster Farm Inc,oregonoyster.com
Terra Mia Ristorante Italiano - Livermore California,terramialivermore.com
Changing Seasonings,changingseasonings.com
Go Coffee Energy Co.,gocoffeeenergy.com
Intersect Usa,intersectusa.com
"Sisters Sans Gluten, LLC",sisterssansgluten.com
Sweet Treats,sweettreatswilliamsburg.com
Barkley's Bag,barkleysbag.com
"Que SeRaw SeRaw, Fresh Fast and Flavorful",queserawseraw.com
Bombay Sauce Co.,bombaysauceco.org
Inspired Indian Cooking,inspiredindiancooking.com
Fridgefull Thinking,fridgefullthinking.com
Black Bird Bakery,blackbirdbakery.com
"Sunflower Family, Inc.",sunflowerfamily.us
Culiraw,culiraw.com
Anderson and Son Sauce Company,andersonandsonsaucecompany.com
Burton Meat Farm,burtonmeatfarm.com
Grove Harvest,groveharvest.com
Tortas Mexico,tortasmexico.com
"Double T Gourmet Food, Inc. dba Truly Texas",trulytexasfoods.com
"HEAVENLY YOGURT, INC.",heavenly-yogurt.com
National Frozen & Refrigerated Foods Assn,easyhomemeals.com
Bahner Farm,bahnerfarm.com
Halphen Red Burgers,halphenredburgers.com
Quaintrelle,quaintrelle.co
Bow Tie Creamery,bowtiecreamery.com
Best Of Little Italy,bestoflittleitaly.com
"CACCIATORE BROS., INC.",cacciatorebros.com
Poke Bowl Co.,pokebowlco.com
Rukab Distributing,fatsacksnacks.com
Marathon Healthy Foods,marathonhealthyfoods.com
International Food Club Inc,internationalfoodclub.com
Killer Pecans,killerpecans.com
"Plain Chicken, Inc.",plainchicken.com
Set The Table Personal Chef Services,setthetablela.com
True Taste of Thai: Thai Home-Cooking Class,truetasteofthai.com
The Bolder Chip Company,bolderchips.com
Cara'Sens USA,carasensusa.com
IT'S JERKY INC.,itsjerky.com
"Lokal Artisan Foods, LLC",lokalartisanfoods.com
"VERDE VALLEY OLIVE OIL TRADERS, LLC",vvoliveoil.com
"Five Points Baking Company, LLC",fivepointsbakingco.com
"NRG LYFT, LLC",nrglyft.com
Camella's Kitchen,camellaskitchen.com
NaturCress Heartburn Relief Supplement,naturcress.com
The Oatball Company,oatballs.com
Private Label Pet Brands,privatelabelpetbrands.com
Sincerely Wilma,sincerelywilma.com
Cookie Society,cookiesociety.com
Bread Man,breadman.com
KC Biscuit Company,perfectsquarebiscuits.com
88 INTERNATIONAL MARKET LLC,88imarket.com
Mountain Mama Natural Foods,mountainmamanaturalfoods.com
Rainforest Supply,rainforestsupply.com
Yours Freshly Inc,yoursfreshly.com
Bun Appetit Donuts,bunappetitdonuts.com
Ingredi Co.,ingredi.com
Brewed Food Fermentation,brewed-food.com
"Lockerbeans, LLC",lockerbeans.com
Red Kite Candy,redkitecandy.com
The Rotary,therotaryeats.com
Grit and Griddle,gritandgriddle.com
Hayley's Donut,hayleysdonut.com
"Selo Oils, Inc.",selooils.com
"The Soul Solution, Inc.",thesoulpatty.com
Zombie Spice Rub Company LLC,zombiespicerub.com
J.R. Kelly Company,jrkelly.com
RegionAle,regionalesandwich.com
Sweets & Treats Boutique,shopsweetsandtreats.com
Tres Amigos Bakery,tresamigosbakery.com
BlissBomb Baked Mini Donuts,bliss-bomb.com
Fresh Flavors,freshflavors4u.com
Harvest Supermarket,harvestsupermarkets.com
"Innovesca, LLC",innovesca.com
Natures Cupboard Inc,naturescupboardonline.com
P.S. Taco Company,pstacocompany.com
Sweet And Savory Meals,sweetandsavorymeals.com
Crema Lusso,cremalusso.com
DC Chocolate Design,dcchocolatedesign.com
"Gustitos Bakery, Inc.",gustitosbakery.com
"WESTERN CONSOLIDATED FOODS, INC.",westconfoods.com
"Wallace Foods, Inc.",wallacefoods.com
Holtman's Donut Shop,holtmansdonutshop.com
"TREASURED EARTH FOODS, INC.",treasuredearthfoods.com
Vega Food Industries Inc,vegapeppers.com
"VIVAPURA, LLC",vivapura.net
"AGAN'S BAKERY, LLC",agansbakery.com
Boetje Foods Inc.,boetjefoodsinc.com
Frezko Taco Spot,frezko.com
Mighty Wild,mightywild.com
Triple D Orchards Inc,tripledorchards.com
Taco Box,tacobox.com
Generations Bakery,generationsbakeryatlanta.com
Everything Brittle LLC,everythingbrittle.com
Freckle's Juice,frecklesjuice.com
Frescobene Foods,frescobene.com
"Passion for Spices, LLC",passionforspices.com
Good Life Naturals,madebygoodlife.com
Botany AI,botanyai.co
Cafe 1505,cafe1505.com
Harczak Sausage Company & Lazic Deli,harczaks.com
Spitfire Gourmet,spitfiregourmet.com
Mandi Foods,mandifoods.com
"San Antonio's Gourmet Olive Oils, Inc",sanantoniosgourmetoliveoils.com
Sugaree Baking Co,sugareebaking.com
123Dough,123dough.com
Invasion,eatinvasions.com
CB Supplements,cbsupplements.com
jdfarms.us,jdfarms.us
SwahaLife,swahalife.com
Chef Charmaigne's Creative Cuisine,chefcharmaigne.com
"Energyent, Inc.",energyent.com
Park Kitchen,parkkitchen.com
Buttersweet Bakery,buttersweetbakery.com
COOKIE...take a bite!,cookietakeabite.com
Metropol Bakery,metropolbakery.com
2 Sisters' Salsa Co.,2sisterssalsa.com
Chef's Mandala,chefsmandala.com
Alliance Bakery,alliance-bakery.com
Deer Creek Malthouse,deercreekmalt.com
"Harvest Market Natural Foods, Inc.",harvestmarketde.com
Tall Grass Bakery,tallgrassbakery.com
Sugar House Coffee,sugarhousecoffee.com
Brimstone Originals Specialty Foods,brimstoneoriginals.com
East Coast Impex,eastcoastimpex.com
Spice Station Silverlake,spicestationsilverlake.com
"Troyers Trail Bologna, Inc.",troyerstrail.com
La Segunda Central Bakery,lasegundabakery.com
My Texas Kitchen,mytexaskitchen.com
Royco International Inc,roycointl.com
"Watson's Candies, Inc.",watsonschocolates.com
Down Home Meats Inc,downhomemeatsinc.com
Eating By V,eatingbyv.com
Georgios Gourmet Pizzeria,georgiosgourmetpizza.com
"J.B. Cusick Co., Inc.",jbcusick.com
Mama Emma's,mamaemmas.com
Raw Chocolate Love NYC,rawchocolatelovenyc.com
Cake Suite,cakesuite.com
Cook By Color,cookbycolor.com
Ham's Sandwich Shop,hamsshop.com
KM Foodservice,kmfoodservice.com
Rosatis Pizza Tucson,rosatistucson.com
Tatapela,tatapela.com
Wild Willys Burgers,wildwillysburgers.com
Coni Super Foods,conisuperfoods.com
Daily Feast Inc.,dailyfeastinc.com
Everest Foods Enterprises,everestfoodsenterprises.com
Meatball U,meatballu.com
SeaSide Poke,seasidepoke.com
"Slofoodgroup, LLC",slofoodgroup.com
Weckerly's Ice Cream,weckerlys.com
A Touch Of Honey,tofhoney.com
Creature Coffee Co,creaturecoffee.co
Middleby Bakery Innovation Center,middlebybic.com
Dine Personal Chef Services,dinecs.com
River-Sea Chocolates,riverseachocolates.com
Sullivan Brothers Coffee Company,sullivanbrotherscoffee.com
Superior Baking Company Inc.,superiorbakingco.com
"MERIDIAN GROCERY, LLC",meridiangrocery.com
Moonlet Foods,moonletfoods.com
Original Cream Puffs,originalcreampuffs.com
Papa's Best Batch,papasbestbatch.com
Revolution Creperie LLC,revolutioncreperie.com
Germantown Iga,germantownfreshmarket.com
Reinberger Nut Butter,reinbergernb.com
Santa Barbara Public Market,sbpublicmarket.com
Tasu Asian Bistro Sushi & Bar,tasucary.com
Brite Idea Foods / H2wOw,h2wow.com
Dulceology,dulceology.com
Falcon Rice Mill Inc.,falconrice.com
Reaper Robs,reaperrobs.com
Basu's HomeStyle Indian Cuisine,basushomestyle.com
Empanadas To Go,empanadastogo.net
Melissa Guerra,melissaguerra.com
Paso Pups,pasopups.com
Strudel Haus,thestrudelhaus.com
"Anahola Granola, LLC",anaholagranola.com
HIPPO BURGERS LLC,hippoburgers.com
Gibson’s Natural Grocer,gibsonsnatural.com
Mapp'd Global Foods,mappdfoods.com
SC Real Foods,screalfoods.com
Boston Donuts,bostondonuts.com
HOLTON FOOD PRODUCTS CO.,holtonfoodproducts.com
Marita’s Sweet Potato Pie,maritassweetpotatopies.com
Metropulos Fine Foods Merch,metrofinefoods.com
Valentino’s Restaurant of Garden Street,valentinospizzas.com
Wen’s Yunnan Noodle & Ramen,wensnoodle.com
Little Harvest,littleharvest.com
Avecus,avecus.pl
Siam Pepper,siampepperthaicuisine.com
Wood Fired Oven Baker,woodfiredovenbaker.com
Carousel Candies,carouselcandies.com
Prayani,prayani.com
Rocchio Coffee Roasters,rocchiocoffee.com
KUBEBA(No NutSense Inc.),kubebalife.com
Red River Market,redriver.market
Mamas Bakery,mamasbakery.com
"GAUFRE GOURMET, INC.",gaufregourmet.com
NORTHWEST PINE APPLE LLC,northwestpineapple.com
Z. Cioccolato - Fudge Like No Other,zcioccolato.com
Mancuso’s Luncheonette,mancusosluncheonette.com
Nearly Normals Gonzo Cuisine,nearlynormals.com
Apple Ridge Farm,appleridge.net
Camel City Hemp,camelcityhemp.com
"House Of Bread, Inc.",houseofbread.com
Las Mexicanas Food Truck,mexicanaslas.com
Mad About Food,madaboutfood.blogspot.com
Northshea,northshea.com
Shirini Bakery,shirinibakery.com
August First,augustfirstvt.com
Buchmann Eggs Inc.,buchmannegg.com
The Ambrosia Bakery,ambrosiabakery.com
Granola lab,wild-crunch.com
Harlan Johnson,hjaa.com
Healthier Options,healthyoptions.com.ph
New England Rock Moss Company,nerockmoss.com
The Ghee Co.,thegheeco.com
Rani Foods,ranibrand.com
Sea Cuisine Inc,seacuisine.com
Sweet Delights Cakery,sweetdelightscakery.com
Temujin Foods,temujinfoods.com
Crooks Corner Restaurant,crookscorner.com
Fornax Bread Co Inc,fornaxbread.com
Girasole Beauty,girasolebeauty.com
Green Olive Company,greenolivecompany.com
HealthBay Natural Foods,healthbaynatural.com
Hong Kong 88,88delivery.com
"JGS Food Products, Inc.",jerissauce.com
Scream Sorbet,screamsorbet.com
The Secret Sauce,thesecretsauce.com
Cake As Canvas,cakeascanvas.com
Vaad Hakashruth Of Kansas,vaadkc.org
Commodities Marketing Inc,commoditymarketing.com
Dayton Community Grocery,daytongrocery.com
Doreens Pizza Inc,doreenspizza.com
Trattoria Bolu,trattbolu.com
Grandpa’s Kitchen,grandpaskitchen.com
Wind and Fire Coffee Roasters,windandfirecoffee.com
Delaware Sub Shop,delawaresub.com
Simply Vapour,simplyvapour.com
Kebab Daddy,kebabdaddy.com
Little Unicoco,littleunicoco.com
Myers Meat Market,myersmeatmarket.com
"Peter's Chocolate Shoppe, Inc.",peterschocolateshoppe.com
Seminalia,seminalia.com
Spotted Duck Creamery,spottedduckcreamery.com
The Pickled Beet,thepickledbeet.com
UpDog Smoothies & Juices,updogsmoothies.com
"F & GOODE DESSERTS, INC.",fngoodedesserts.com
LULUS BREAD AND BAGELS,lulusbagels.com
Zomick's,zomickschallahrecipe.com
MotherOrganica,motherorganica.com
Albano’s Villa,albanosvilla.com
Ambica Foods,ambikafood.net
Fuji Grill III,fujigrill3.com
"GRASSROOTS NATURAL MARKET II, INC.",grassrootsnaturalfoods.com
FARMERS MARKET OF CARBONDALE,carbondalemarket.com
"HOLLY'S CUPCAKE SHOP, INC.",hollyscupcakeshop.com
Naturally Northwoods,naturallynorthwoods.com
T-BONES Great American Eatery,t-bones.com
Mootone Fine Japanese Cuisine,mootone.com
Olive Branch & Grape Vine,obagv.com
Siunik Armenian Grill,siunikarmeniangrill.com
Southdown MarketPlace,southdownmarketplace.com
Toro Toro Pan Latin Steakhouse,torotorofortworth.com
"ELBOW'S MAC N CHEESE, INC.",elbowsmacncheese.com
"ShoEi Foods (U.S.A.), Inc.",shoeifoodsusa.com
ALL VEGETARIAN INC.,veganforall.com
Desserts By Rita,dessertsbyrita.com
FRANCO AMERICAN BAKERY,francobreads.com
Galanga Thai Cuisine,galangathai.com
La Luce Pastry Shop,lalucepastry.com
"Graceleigh, Inc. dba Sammy's Milk",sammysmilk.com
The Chef and the Baker,thechefandthebaker.com
Cholito Chicken,cholitochicken.com
Martha’s Country Bakery,marthascountrybakery.com
"Sanoun, LLC",sanoun.com
Jalapa Jar,jalapajar.com
KELLY FAMILY FARMS. LLC,kellyfamilyfarms.com
Paul’s Grains,paulsgrains.com
Solanos Homemade Ice Cream Factory dba Yuma Ice Cream,yumaicecream.com
The Crust and Crumb Baking Company,thecrustandcrumb.com
To You Snacks,toyousnacks.com
BAGUETTE ET CHOCOLAT LLC,baguetteetchocolat.com
"EASYTALY, LLC",konasdeli.com
enFuso,enfuso.com
Farmhouse Kitchen & Gardens,farmhouse-gardens.com
"Swiss American Products, Inc.",elta.net
Arepa Culture NC,arepaculturenc.com
"Putnam Pantry Chocolates, Ice Cream, and Cafe",putnampantry.com
Blondie's Cookies,blondiescookies.com
"Clo-Clo Vegan Foods, LLC",clocloveganfoods.com
Seed & Shell,seedandshell.com
Spruce On Tap,spruceontap.com
"Vevan Foods, LLC",vevanfoods.com
Butternut Bakehouse,butternutbakehouse.com
Chickenmash Farm,chickenmashfarm.com
Gharibian Farm,gharibianfarm.com
OME CALLI FROZEN TREATS LLC,omecallifrozentreats.com
Pizza Shack Tustin,pizzashacktustin.com
Burbank Farmers Market,burbankfarmersmarket.org
Chocoberry Café,chocoberrycafe.com
"CHOICE FOODSERVICES, INC",choicekitchen.com
East Wind Snack Shop,eastwindsnackshop.com
Nana's All Natural,nanasallnatural.com
US FLOUR,usflour.com
Double-G Brand,doublegham.com
Pink Sumo Sushi & Sake Cafe,pinksumoct.com
"Salwa Foods, Inc.",salwafoods.com
The Midway School Bakery,midwayschoolbakery.com
"CLOUD 9 BAKERY, LLC",cloud9bakerycafe.com
Pizza 900,pizza900.com
Sugar Blossom Bake Shop,sugarblossombakeshop.com
Superior Pasties,superiorpasties.com
Nate's Raw Harvest,natesrawharvest.com
Deron's Miracle Meat Dust,deronsmiraclemeatdust.com
Great Harvest Bread Co of Denver,greatharvestdenver.com
River Lea House LLC,njgarlic.com
Julia’s Kitchen,juliaskitchenboulder.wordpress.com
"Mojamix, Inc.",mojamix.com
The Recipe Kit Warehouse,therecipekitwarehouse.com
Backroads Bakery,backroadsbakery.net
Buck’s Fifth Avenue,culinaryexotica.com
Deanna’s Gluten Free,deannasglutenfree.com
Fowl and Fodder,fowlandfodder.com
Bianco Gelato,biancogelato.com
Mignon Chocolate LLC,mignonchocolate.com
The Pita Post,thepitapost.com
Zia’s Delicatessen,ziasdeli.com
Oak Creek Espresso,oakcreekespresso.com
Collins Brothers Chowder Co,collinsbrotherschowder.com
Kabutos Japanese,kabutos.com
Middle East Market,middleeast-market.com
Natural Polymer International Corp.,npiccorporate.com
"Chocolate, Chocolate and more",chocolatechocolateandmore.com
SweetE Organic,sweeteorganic.com
Thai Diva Cuisine,thaidivacuisine.com
"Atlanta Smokehouse Products, LLC",atlantasmokehouse.com
Blonde Beard's,blondebeards.com
CLE Juice Box,clejuicebox.com
Nisha’s Flavors of India,nishasindianfood.com
Rizzo’s Roast Beef and Pizza,rizzoswilmington.com
Sussex Meat Packing,sussexmeat.com
The Clean & Colorful Kitchen,cleanandcolorfulkitchen.com
The Hummingbird Room,thehummingbirdroom.com
Boudreaux Cajun General Store,cousinboudreaux.com
Lucy’s Kitchen and Market,lucystogo.com
NEW TAIPEI NOODLE HAUS INC,taipeinoodlehaus.com
The Crepe Chef,thecrepechef.com
Florentino Ice Cream,florentinoicecream.com
Hot Stuff Foods,orionfoodsys.com
John and Jill’s Cheesecake,johnandjillscheesecake.com
Feast Raw Bar & Bistro,feastbozeman.com
K’s Sugar & Spice,kssugarandspice.weebly.com
Kabob Hut,kabobhut.net
KOKO Coffee Deli Carry-Out,kokotaos.com
Scotto’s Bakery & Pastry,scottosbakery.com
The Blue Turtle Tea & Spice Company,blueturtleteaandspice.com
The Sugar Cookie,nocrunchycookies.com
Chickies French Fry & Chicken Bar,chickiesonline.com
Embark Craft Ciderworks,embarkcraftciderworks.com
Holloways Farm,hollowayschickencoops.com
Oregon Right To Know,oregonrighttoknow.org
Snow Monster INC.,minimonstercafe.com
Republic of Cake,republicofcake.com
Yoku Moku of America,yokumoku.com
Bandon Coffee Cafe,bandoncoffee.com
Mario & Franks II,marioandfranks.com
Modigliani Cafe,modiglianicafe.weebly.com
Montana Jerky Company,montanajerkyco.com
Rasberrys,rasberrys.net
Bake & FUN,bakeandfun.com
Boulder Tamales LLC,bouldertamales.com
Old Grist Mill Bread Company,oldgristmillbreadcompany.com
Swerseys Chocolate,swerseys.com
The Republic of Barbecue,republicofbbq.com
The Rose Establishment,theroseestb.com
Blue Sky Cafe & Juice Bar,blueskycafe.biz
Craft Pita,craftpita.com
Di Stefano’s Pizza Palace,distefanospizza.com
Gluten Free Goddess Bakery,theglutenfreegoddess.org
"Portland Bloody Mary Mix, LLC",portlandbloodymarymix.com
Treat Me Sweet Cookies,treatmesweetcookies.com
Grey Goose Gourmet,greygoosegourmet.com
Salsa Grille,salsagrille.com
Sweets & Eats Cupcakes,sweetsandeatscupcakes.com
The Shark On the Harbor,ocshark.com
Lemongrass Asian Bistro,lemongrassasianbistro.com
"Midland Distribution, Inc. dba Zdan Brand",zdanbrand.com
Noodle Boulevard,noodleblvd.com
Screamen Eagle Pizza,screameneaglepizza.com
Giddy’s Pizzeria,giddyspizzeria.com
Goot Essa,gootessa.com
Organica Natural Foods,organicanaturalfoods.com
Jewell Treats,jewelltreats.com
Rubino’s Italian Imports,rubinositalianimports.com
Souper Market,thesoupermarket.com
Borealis Breads,borealisbreads.com
Doggy Fresh,doggy-fresh.com
Haven Row,havenrow.com
Chung Seng Food Manufacturer,chungsenginc.weebly.com
E G Emil’s,emilsturkey.com
Noodleswing,noodleswing.com
Sweet Cakes By Cynthia,sweetcakesbycynthia.com
The Hamburger Man Catering,hamburgermancatering.com
"Highcliffe Baked Goods, LLC dba Worlds Best Carrot Cake",worldsbestcarrotcake.com
Konadu Body Care by Nature LLC,konadubodycare.com
MIA CAKE HOUSE CORP.,miacakehouse.com
My Pet Carnivore,mypetcarnivore.com
"Tate Family Foods, LLC.",tatefamilyfoods.com
Your Health Source,yourhealthsource.org
Green Dragon Bistro and Brewpub,pdxgreendragon.com
Lucky B Bison,luckybbison.com
Maya's Mills,mayasmills.com
Ostrowski of Bank Street,ostrowskiofbankstreetsausage.com
Pâtisserie Paris Je T’aime,patisserie-paris-je-t-aime.com
Popsations Popcorn Company,popsationspopcorn.com
Rachel K’s Bakery,rachelksbakery.com
Simply Asia Foods LLC,simplyasia.com
Sloan Super Market,sloansupermarket.com
Truburger,truburgerny.com
"Food.com, Inc.",food.com
Black Apple Hard Cider,blackapplehardcider.com
SLCFlyers,slcflyers.com
The Cheese Steak Shop,cheesesteakshop.com
Mongers' Provisions,mongersprovisions.com
Sweet Desires,sweetdesires.com.au
ALL ABOUT BROWNIES INC.,allaboutbrownies.com
POPtions! Popcorn,poptionspopcorn.com
KoogleBites Inc,kooglebites.com
The Little Soapmaker,thelittlesoapmaker.com
The Cozy Tea Cart,thecozyteacart.com
INUS Protein,inusprotein.com
Pizza-Porta,pizza-porta.com
"Surfside Foods, LLC",surfsidefoods.com
Fresh Chef Experience,freshchefexperience.com
Sushi Nabe Japanese Restaurant,sushinabechattanooga.com
Farrell Bread,farrellbread.com
Lido Bakery,lidobakery.com
mainstreet gourmet bakery,mainstreetgourmetbakery.com
NATURE'S GARDEN NATURAL HEALTH FOODS CORP.,naturesgardenfl.com
Postcard Foods,postcardfoods.com
Recipes & Rotations,recipesandrotations.com
The Dairy Free Co.,thedairyfreeco.com
5 De Mayo Mexican Restaurant,5demayomr.com
Adelmo’s Ristorante,adelmos.com
TODDLER FOOD PARTNERS,toddlerfoodpartners.org
Duguays Chicken & Seafood,duguayschickenandseafood.com
Savory Accents,savoryaccents.com
The Popcorn Station,thepopcornstation.com
Bella Vita Gourmet Olive Oils & Balsamics,bvoliveoil.com
Essentially Chocolate,essentiallychocolate.com
"Texas Quail Farms, LP",texquail.com
Vaniglia E Cioccolato Gelateria,gelateriadeerfield.com
Village Baking Co.,villagebakingco.com
Astro Burgers,astroburgers.com
City Dogs Grocery,citydogsgrocery.com
Sub Marias Deli,submariasdeli.com
"Klass Time, LTD",klasstime.com
Monnett Farms,monnettfarms.com
Patton’s Meat Market,pattonsmeatmarket.com
Westtown Fare Restaurant & Bar,westtownfare.com
Yodeling Moose,yodelingmoose.com
Back 2 Basics Cooking,back2basicscooking.net
Burnham & Morrill Company,bmbeans.com
Byblos Miami,byblosmiami.com
Fountain Pimento Oil & Fountain Jamaican Black Castor Oil Hair Food,fountainoil.com
MARCONDA'S MEATS INCORPORATED,marcondas.com
"TREEHOUSE BAKERY, LLC",treehousevegan.com
"AINSLEE'S SALT WATER TAFFY, INC.",ainslees.com
Alpine Bakers,alpinebakeryandtrattoria.com
NATURE'S OLD TIME MEATS LLC,naturesoldtimemeats.com
Sattwa Chai,sattwachai.com
Super Bread Inc,superbread2.com
Sweet Honeybee Bakery,sweethoneybeebakery.com
"Cinnamom Bakery, LLC",cinnamombakery.com
Dominion Tea,wholesale.dominiontea.com
Luxx Chocolat,luxxchocolat.com
Favor Desserts,favordesserts.com
Flavor Pursuit,flavorpursuit.com
Humble Nut Butter,humblenutbutter.com
Kickapoo Gold,kickapoogold.com
"Mary's Cakery & Candy Kitchen, LLC",maryscakeryandcandy.com
PILGRIM'S MARKET,pilgrimsmarket.com
Sweet Timez Bakery,sweettimez.com
Comparius,comparius.com
"Adventure Bakery, LLC",adventurebakes.com
El Supermercado,el-supermercado.com
Emma’s Tamales,emmastamales.com
"Food Partners, Inc.",foodpartners.com
Wonder Falafel,wonderfalafel.com
The Coffee Mill Roasters,thecoffeemillroasters.com
Vitalize Mints,vitalizemints.com
Barkfield Road,barkfieldroad.com
Brome Burgers & Shakes,bromeburger.com
Joaquin Deli,joaquindeli.com
Mason Dixon Bakery,masondixonbakery.com
Orsi’s Italian Bakery & Pizzeria,orsibakery.com
PHO 84 INC.,pho84.com
Savani Farms,savanifarms.com
Faraci Pizza,faracispizza.com
Sammy’s Pizza & Restaurant,sammyspizzahibbing.com
"Araza Natural Purees, LLC",arazapurees.com
Slab Town Pizza,slabtownpizza.com
Stufy’s Drive-Thru,stufys.com
"Market Value Products, Inc. (MVP)",marketvalueproducts.com
Bella Nonnas Olive Oil & Vinegar,bellanonnasoils.com
Five Seasons Whole Foods Market,fiveseasonswholefoodsmarket.com
"Hair of the Ferret Co., LLC",hairoftheferret.com
Avlee Greek Kitchen,avleegreekkitchen.com
Kim Gregory | Pure Pastry,kimgregorypurepastry.com
Steve’s Wood Fired Pizza,steveswoodfiredpizza.com
Marco & Pepe,marcoandpepe.com
Shepherdstown Sweet Shop Bakery,wvbakery.com
Aunt Yese’s,auntyeses.com
Mother Earth's Snack,motherearthssnack.com
My Little Lunch Box,mylittlelunchbox.com
"Peter's Chocolate Co., Inc.",peterschocolate.com
REINECKER BAKERY LTD.,reineckersbakery.com
CostaLivos Mountain Gold Olive Oil,costalivos.com
E F Reimann Company,efreimann.com
Just a Piece of Cake,justapieceofcake.com
Sonoran Sno-Cones,sonoransnocones.com
"TOP 100 CHINESE RESTAURANT, INC.",top100-29palms.com
Sweet Pea Bakery,sweetpeabakery.net
"DOWN EAST & SEAFOOD, INC",downeastseafoodny.com
Gondola House,gondolahousepizzeria.com
Silver Rice,silverrice.com
ZANTI CUCINA ITALIANA,zanticucina.com
Banato,banato.com
Boston Brisket Co,bostonbrisket.com
Casa Bella Pizza,casabellapizza1965.com
Homemade Pirogi,homemadepirogi.com
SD BARS LLC,sdbar.co
Stucs Pizza,stucs.net
Thai Cottage,thai-cottage.com
"Bare Naked Bakery, LLC",barenakedbakery.com
La Tia,moleslatia.com
That Biscuit Place,thatbiscuitplace.com
Gourmet Glatt,gourmetglatt.com
good good,goodgoodfoodco.com
Mikailian Meat Products Inc,mikailianmeatproducts.com
Old Fashioned Kettle Korn,oldfashionedkettlekorn.com
SMASHING OLIVE LLC,smashingolive.com
Sweet Frosted Cookies,sweetfrostedcookies.com
Amazing Royal Jelly,amazingroyaljelly.com
La Indiana Tamales,laindianatamales.com
Mandala Chocolate,mandalanaturals.com
Meals for Fido,mealsforfido.com
Michele Coulon Dessertiere,dessertier.com
"Pound Cakes, LLC",eatpoundcakes.com
Four Elephants,4elephantsfood.com
Vegetable + Butcher,vegetableandbutcher.com
Rajaji Curry House Indian,therajaji.com
BODEGA..,cafebodegamqt.com
"NEW EARTH MARKET, L.P.",newearthmarket.com
Pets Are People Too!,paptoo.com
Cranberry Hills,cranberryhillscafe.com
Olive Tree Marketplace,olivetreemarketplace.com
"Doreva Produce Co., Inc.",dorevaproduce.com
Drew’s Fresh Popcorn,drewspopcorn.com
Manzanilla Spanish Brasserie,manzanillanyc.com
Gourmet Goddess,gourmetgoddessaust.blogspot.com
Heirloom Salad Company,heirloomsaladco.com
Sioux Z Wow Sauce Co,siouxzwow.com
"The Alpine Wurst & Meat House, Inc.",thealpineonline.com
Conner’s Supermarket,connerssupermarket.com
Elisa’s Love Bites,elisaslovebites.com
Fairy Cakes Cupcakery,fairycakesbuffalo.com
Seneca Sunrise Coffee,senecasunrisecoffee.com
Sierra Bounty,sierrabounty.org
"WHAT ALE'S YA, INC.",whatalesya.com
Zen Sushi & Sake Bar,zenlexington.com
Utica Bread,uticabread.com
Frost Cinnamon Roll Co,frostcinnamonrollco.com
24K,oliveoil24k.com
Enchanted Olive,enchantedoliveoil.com
Total Source Foodservice,totalsourcefoodservice.com
Aspen Ridge Natural Angus Beef,aspenridgebeef.com
Grainmaker,eatgrainmaker.com
Flywheel Coffee Roasters,flywheelcoffee.com
Homefire Grill Inc,homefiregrill.ca
Pass Health Foods,passhealthfoods.com
The Shoreline Vine,theshorelinevine.com
Turro Foods,turrofoods.com
Art Of Bread,artofbread.com
Cleo Sweets,cleosweets.com
La Jolla Baking Co,lajollabaking.com
La Noisette Sweets,lanoisettesweets.com
BLUWAVE SUSHI INC,bluwavesushi.com
Domenic’s Pizzeria,domenicspizzeria.com
FRÍO Gelato,friogelato.com
Go Africa Cafe,goafricacafe.com
Poseidon Bakery,poseidonbakery.com
Shop Chop and Serve Personal Chef Service,shopchopandserve.com
"CHEF JOHN VLANDIS, LLC",chefjohnvlandis.com
Cookies Etc,cookiesetc.com
"RICE HOUSE OF KABOB, LLC",ricehouseofkabob.com
Tre Amici,treamicipizza.com
CHOUX Bakery,chouxsf.com
Global Delights Coffee Roasters,globaldelights.com
Salt House of Sonoma,salthouseofsonoma.com
Whistle Stop Bakery,whistlestopbakery.com
Yam Country Pies,yamcountrypies.com
EAT REAL CAFE,eatrealcafe.com
Gnarly Pepper,gnarlypepper.com
GOOD FOOD COMPANY NEW CORP,goodfoodco.com
"Rockin' & Roastin' Coffee, LLC",rockinandroastin.com
Tea Witch Tea,teawitchtea.com
BELGIAN SWEETS LLC,belgiansweetsshop.com
Nicosia’s Gourmet Products,nicosias.com
Duke's Delites,dukesdelites.org
Roj Syrups,rojsyrups.com
Sibeiho,sibeiho.com
Susie G’s Specialty Cakes,susiegscakes.com
Gourmet Soul Restaurant and Catering,gourmetsoul.com
Seven Suns Inc,sevensunscoffee.com
Village Bake House,villagebakehouse.com
Carney’s Express Limited,carneytrain.com
Charlie's Cheesecake Works,charliescheesecakeworks.com
Coco Thai Bistro,cocobistro.com
SKY Kombucha LLC,skykombucha.com
Alms + Fare,almsandfare.com
Bars Bakery,barsbakery.com
Betty Ann’s Subs,bettyannssubs.com
Champlain Valley Apiaries,champlainvalleyhoney.com
Circle R Beef Inc,circlerbeef.com
Dole Foodservice,dolefoodservice.com
Larchwood Farms,larchwoodfarms.com
My Sweet Brigadeiro,mysweet.com
Zymbiotics,zymbioticsllc.com
Bryn Mawr Farmers Market,brynmawrfarmersmarket.blogspot.com
Genesis Kitchen,genesis-kitchen.com
Hula Cookies & Ice Cream,hulacookies.com
Kokobee,kokobeechocolate.com
Leg Up Farmers Market,legupfarmersmarket.com
Taylor’s Farm Market,taylorfarmsmarket.com
Tritordeum - The Golden Cereal,tritordeum.com
Cupcakeology,cupcakeologypa.com
"Dusty Road Farm, LLC",dustyroadfarm.com
Henry J Meat Specialties,eathash.com
Mukti’s Kitchen,muktiskitchen.com
"Umi Organic, LLC",umiorganic.com
Vintage Maine Kitchen,vintagemainekitchen.com
Bend Pizza Kitchen,bendpizzakitchen.com
HANDS ON SWEETS LLC,handsonsweets.com
"Morris Orchard, LLC",morrisorchard.com
Owowcow Creamery,owowcow.com
Solay Wellness -SO WELL,natural-salt-lamps.com
Stani Dairy,stanidairy.com
Country Cupboard Cookies,countrycupboardcookies.com
FreshZen Foods,freshzenfoods.com
O-Ku Sushi Dc,o-kusushidc.com
Sam’s Italian Market & Bakery,samsitalianmarket.net
Dutch Maid Delights,dutchmaiddelights.com
"The Chattanooga Butter Company, LLC",chattanoogabutter.com
Monuts,monutsdonuts.com
Rosa Mia Pizza,rosamiapizza.com
Brothers Nuts,brothersnuts.com
Chiporro Sauce Company,chiporro.com
Drago Sisters Bakery,dragosisters.com
KRYSTAL STELLY,krystalstastytreats.com
SideStreet Burgers,sidestreetburgers.weebly.com
Zaytoons,zaytoonsrestaurant.com
Burrito Bistro,burritobistro.com
Czimer’s Game & Sea Foods Inc,czimers.com
Lou’s Full-Serv,lousfullserv.com
Parkville Crabs,parkvillecrabs.com
Teodora Bakery-Café,teodorabakerycafe.wordpress.com
Willows Cranberries,willowscranberries.com
Baum’s Candy,baumscandy.com
Cooking and other Adventures / Petite Indulgence,petite-indulgence.com
Final Foods,finalfoods.com
Kosher Goat Milk,kgoatmilk.com
Napa Meat Co.,napameat.co
Newton Enterprises,newton-enterprises.com
Pantry Fried Chicken,pantryfriedchicken.com
Papa’s Cupcakes,papascupcakes.com
Power Up Foods (PUF),powerupfoods.com
Cardinal Cake Company,cardinalcakecompany.com
"Claro's Italian Markets, Inc.",claros.com
Five Suns Foods,fivesunsfoods.com
French Secret Pastry,frenchsecretpastry.com
Lemmon Avenue,lemmonavenue76498455.wordpress.com
Nature's Choice Foods,natureschoicefoods.com
The Makery Cake Co.,themakery.com
CiboDivino Marketplace & Cafe,cibodivinomkt.com
Organically Africa,organicallyafrica.com
Plateful.ly,prep-guys.com
"Scarlet Begonias Coffee Roasters, LLC",sbroasters.com
S & R Bakers,snrbakers.com
The Elusive Cow Cafe,theelusivecow.com
Beet Box Inc.,beetboxdenver.com
Cake Art,cakeart.com
Originnuts,originnuts.com
Paris Croissant,pariscroissants.com
AMY'S CUPCAKE SHOPPE,amyscupcakeshoppe.com
Aroma Dough Inc.,aromadough.com
JP's Delights,store.jpsdelights.com
Lush Gelato,lushgelato.com
The Halal Bites,thehalalbites.com
Muddy Paws Cheesecake,muddypawscheesecake.com
"Arnold's Candies, Inc.",arnoldscandies.com
Baby Tots Den,babytotsden.com
Marion's Gelato LLC,marionsgelato.com
MUMBO SAUCE,mumbosauce.com
Paleo Meals To Go,paleomealstogo.com
Gus’ Italian Grille Xpress,italiangrillexpress.com
"Jen's Cafe, LLC",jenscafebars.com
Kitsby,kitsby.com
The Clam Shack,theclamshack.net
"Bread Los Angeles, Brooklyn Bagel Bakery, Pastry Lab, Oliver's Artisan Breads",breadlosangeles.com
"Pies, Cakes & S'More, LLC",piescakessmore.com
"Pop's Homemade Water Ice, Inc.",popsice.com
Amy Cakes,getamycakes.com
Ice Cream 504,icecream504.com
Klavon’s Pizzeria & Pub,klavons.com
Pacific Ocean Market Inc,pacificoceanmarket.com
Quibos,quibospepper.com
SUNSHINE CANNING LLC,sunshinecanning.com
"Coconut Whisk, LLC",coconutwhisk.com
"JULIA'S HOMESTYLE BAKERY, LLC",borobakery.com
Lake Region IGA,lakeregioniga.com
Lucchesi’s Ravioli & Pasta Company,lucchesis.com
Papa’s Pizzeria and Italian Cuisine,papasitaliancuisine.com
PayLess Discount Foods,paylessdiscountfoods.com
Sweet Savour Bakery,sweetsavourbakery.com
The Holy Donut,theholydonut.com
Wellness Bakeries,wellnessbakeries.com
West Side Oat Company,westsideoatcompany.com
Broadway Food Palace,bwayfood.com
Life Gourmet Shop LLC,lifegourmetshop.com
P&M Orange Street Market,pnmorangestreet.com
Tutu’s Pantry,tutuspantry.com
212 Pizza Company,212pizzaco.com
Bagel Plaza,bagelplaza.com
El Zarape Mexican & American Restaurant,elzarapemendota.com
Grindhouse Killer Burgers,grindhouseburgers.com
Schulze Bar-B-Que & Catering,schulzesbbq.com
Top This Pizza,topthispizzaco.com
Blue Plate Mayonnaise,blueplatemayo.com
Cake Box Bakery,cakeboxbakery.net
Go G,gog.rs
Lynn’s Cake & Candy Supplies,lynnscakeandcandy.com
Natures Storehouse,natures-storehouse.com
"NUTTY FOODS, LLC",nuttyfoodz.com
Cook With What You Have,cookwithwhatyouhave.com
"Greens Gone Wild, LLC",greensgonewild.com
Miss Lippe's Dumpling Party,misslippes.com
Perk Valley Pet Eatery,pvpeteatery.com
Seeti,shopseeti.com
AME’s Skin Therapy,amesskintherapy.com
Boyd Brokerage,boydbrokerage.com
Hi Sweetie,hisweetieus.com
Nuts About Greens,nutsaboutgreens.com
Truffle Hill Chocolates,trufflehillchocolates.com
"FROSTING CUPCAKES, LLC",sweetfrostingsbakeshop.com
Perennial Pantry,perennial-pantry.com
Valley Harvest Nut Co,valleyharvestnut.com
Classic Crust Pizza,classiccrustpizza.com
Grand Banks Specialty Foods,grandbanksfoods.com
"PEKING PALACE OF TUCSON, L.L.C.",pekingpalacetucson.com
Sarkozy Bakery,sarkozybakery.com
The Daring Kitchen,thedaringkitchen.com
Biotic Brands,bioticferments.com
Evol USA Inc.,evol-usa.com
Flyfuel Food Co.,eatflyfuel.com
HP Cafe,hpcafesedona.com
Inveev,inveev.com
Troy Food Company,troyfood.com
Cafeteria Boston,cafeteriaboston.com
Dee’s One Smart Cookie,deesonesmartcookie.com
Dry Creek Store,drycreekgeneralstore1881.com
Wedge Cheese Shop,wedgecheeseshop.com
Twisted Tree Cafe,twistedtreecafe.com
Belen de la Cruz Empanadas & Pastries,belendelacruz.com
Chopstix Chinese Bistro,peachtreecitychopsticks.com
Da Vine Foods,davinehawaii.com
Jenuine Desserts,jenuinedesserts.com
Kabab Je Rotisserie & Grille,kababje.com
Your Local Kitchen,yourlocalkitchen.com
Coastal Gourmet,coastal-gourmet.com
Sunset Pizzeria,sunsetpizzeriaonline.com
Agapi Gourmet Foods,agapigourmetfoods.com
Boss Burger,theburgerboss.com
Cabot’s Candy,cabotscandy.com
Dasha Barbours Southern Bistro,dbsbistro.com
Kreyol Kitchen LLC,mykreyolkitchen.com
Phoenicia Honey Co.,phoeniciahoney.co
Valentis Pizza Inc,valentispizza.net
"Casey's Creations, LLC",saladsbycasey.com
"Harbor Market & Kitchen, LLC",harbormarket.com
Jersey Girl Baking Company,jerseygirlbakingcompany.com
Cook LA,cooklaonline.com
Raw Ingredients 4 Life,rawingredients4life.com
Sweet Bar Bakery,sweetbarbakery.com
Sweet It Is!,sweetitis.net
Cured by Visconti,curedbyvisconti.com
Jenny’s Homemade Cookies,jennyshomemadecookies.com
Oil and Vinegar Cellar,oilandvinegarcellar.com
Kitchen Intuition,kitchenintuition.net
MAMA JULIANNE'S LLC,mamajuliannes.com
Delightful Sweets by Mary,delightfulsweetsbymary.com
Machu Picchu Peruvian Cuisine & Bar,machupicchucharlotte.com
"Oregon Honey Products, LLC",nectarcreek.com
Skagit Valley Food Co-Op,skagitfoodcoop.com
"The Healthy Epicurean, LLC",thehealthyepicurean.com
Tomatillo Taco Joint,tomatillotacojoint.com
Luke Palladino Seasonal Italian Cooking,lukepalladino.com
"THE CAKE SHOP OF SAN JOSE, LLC",jaxcakeshop.com
The Fresh Feast,thefreshfeast.com
Old Salt Market Place,oldsaltpdx.com
Taco Nano,taconano.com
Smidgen,asmidgenof.com
Simply Texas Gourmet Foods,simplytx.com
9 Dang Fine Thai,9dangfinethai.com
"Mike & Mike's Desserts, LLC",mikeandmikesdesserts.com
Nice Gifts & Minnesota Nice Spice,nicegifts.shop
Nish Nush,nishnushnyc.com
"Onana Foods, LLC",onanafoods.com
Specialty Sandwich,specialtysandwich.com
Golden Grain,goldengrainpasta.com
Willy B's Barbecue,willybbbq.com
Rua’s West End Pizzeria,ruaswestendpizzeria.com
Silvio's Organic Ristorante & Pizzeria,silviositalianfood.com
Amato’s Woodfired Pizza,amatoswoodfiredpizza.com
Cake & Caramel Co.,cakeandcaramel.com
"Happy Bakeshop, LLC",happybakeshopcolorado.com
"Healthy Flavors, Inc.",healthyflavors.net
Humble Honee,humblehonee.com
IMPASTIAMO,impastiamoclasses.com
Little Vicky's,littlevickys.com
Fitalife Corp. dba Purple Sprout,purplesprout.com
Ricobene’s,ricobenespizza.com
Christie Foods,christiefoods.com
Messy Mixer,messymixer.com
Sip Me,sipmemaui.com
Viva Foods - Health Kitchen,vivafoodsdelivery.com
"AMBROSIA NATURAL BAKERY, LLC",ambrosianaturalbakery.com
Cakelava,cakelava.com
GOOD TROUBLE GOURMET,goodtroublegourmet.com
Wedding Cake Art and Design Center,weddingcakeartanddesigncenter.com
Blacksburg Bagels,blacksburgbagels.com
GLØKTCHN,gloktchn.com
