name,domain
GrainBooster,grainbooster.com
Kale Von Celery,kalevoncelery.com
Keystone Bakery,thekeystonebakery.com
Sweet Escape Treats,sweetescape-treats.com
VegeCooking,vege-cooking.com
Sandwich America,sandwichamerica.com
Eco-Licious,ecoliciouscharlotte.com
Mr. B's Barbeque,mrbsbarbecue.com
MOUNTAIN MAUS' REMEDIES LLC,mountainmausremedies.com
"Steak Sauce & More, LLC.",zipsauce.com
Shade Tree Kitchens,shadetreekitchens.com
CITY BAKING LLC,citybakingcorp.com
Vui's Kitchen - fresh Vietnamese,vuiskitchen.com
Simi Valley Home Brew,simivalleyhomebrew.com
AppeThai,appethairestaurant.com
"CaribFusion, Inc.",caribfusion.com
"CUPPA YO FROZEN YOGURT, LLC",cuppayo.com
Lowcountry Flavor Factory,swamptonic.com
Burrito del Sol,burritodelsol.com
CJ Inspirations,cjinspirations.wordpress.com
RAMONA SUSAN'S BAKE SHOP LLC,ramonasusansbakeshop.com
Savvy Bites,savvybites.co
Asahi Ryokueken,aojiruusa.com
AURORA MARKET,denverfarmersmarket.com
Iconic Foods,iconicfoods.com
Natural Valley Kitchen,naturalvalleykitchen.com
STELLA GELATO INC.,stellagelato.com
Zwïta,zwitafoods.com
Chumami Chili Oil,chumamichilioil.com
"PHO HOAI, INC",phohoai.com
Saj Bakery,thesajbakery.com
B & B Brands,bb-brands.com
Ingredient Connection,ingredient-connection.com
Organics to You,organicstoyou.org
Avellino Pizza & Grille,avellinospizza.com
Gelateria Dolce Crema,dolcecrema.com
OMG Granola,omggranola.com
"DONKEY SAUCES, LLC",obrothersorganics.com
Dunda Sauce,dundasauce.com
Real & Rosemary,realandrosemary.com
Sipos Bakery,siposbakery.com
Village Eatinghouse,villageeatinghouse.net
STELLAS BAKERY INC,stellasbakeryonline.com
"Empanadas & More, LLC",empanadasandmorevaldosta.com
"LA CALLE DOCE, LLC",lacalledoce-dallas.com
Shanghai Mong,shanghaimongnyc.com
"THE RAW FOOD WORLD, INC.",therawfoodworld.com
Uncle Dean’s Good Groceries,uncledeans.com
Jamwich,getjamwiched.com
New York Grilled Cheese,newyorkgrilledcheese.com
"HENRY HIGGINS BOILED BAGELS, LLC",hhboiledbagels.com
Honey & Butter Macarons,honeynbutter.com
Cakes On The Move,cakesonthemove.com
Elements of Nutrition,eonnutrition.com
Inita Cheesecake Lady,initacheesecakelady.com
Lake City Cakes,lakecitycakes.com
Monterey Food Ingredients,montereyfoodingredients.blogspot.com
Sweet Sensation Body Sugaring,sweetsensationhouston.com
Waltzing Kangaroo LLC,waltzingkangaroo.com
"LUSCIOUS LORRAINE'S, INC.",lusciouslorraines.com
Arancino Di Mare,arancino.com
Naturally Organic,naturallyorganic.co.nz
West Seattle Thriftway,westseattlethriftway.com
Cop Food Sales,copfoodsales.com
Trattoria Lincontro,trattorialincontro.com
White Jasmine,whitejasmine.com
Franco Pizza,francospizza.com
Gilbert's Cheese Experience,gilbertscheeseexperience.com
La Fonda Del Bosque,lafondadelbosqueabq.com
Respectable Bird,respectablebird.com
Encinitas Fish Shop,thefishshopencinitas.com
Fast Easy Bread,fasteasybread.com
Xocolatl Small Batch Chocolate,xocolatlchocolate.com
Bryant Blueberry Farm,bryantsblueberries.com
Dolce Monachellis,dolcemonachellis.com
The Cupcakerie,thecupcakerie.com
"All Things Bugs, LLC",allthingsbugs.com
Laramie Bakery & Deli,laramiebakerydeli.com
Olive Oil Exchange,oliveoilexchange.com
All Good Bakers,allgoodbakers.weebly.com
Avocado California Roll and Sushi,avocadosushieuless.com
Dump-N-Roll,dumpnroll.com
Forno Antico Pizza Napolitana,fornoanticopizzanapolitana.com
Next Door by Wegmans,wegmansnextdoor.com
Paradise Pantry,paradisepantry.com
PETALUMA PIE COMPANY LLC,petalumapie.com
Ventnor No 7311,ventnor7311.com
Addis Ethiopian Food,ethiopianfoodrecipesiowa.weebly.com
Spice Barn,spicebarn.com
Country Caning,countryhomecanning.com
De Witt Marketing,dewittmarketinginc.com
FROGS ORGANIC BAKERY INC.,frogsorganicbakery.com
Good Culture Kombucha,goodculturekombucha.com
Mozzafiato Gelato and Coffee,mozzafiatogelato.com
Supermercados Morelos,supermercadosmorelos.com
Sweet Grown Alabama,sweetgrownalabama.org
Twenty Four Carrots,twentyfourc.com
F I R E D Mobile Pizza,fired-pizza.com
Le Chat Gourmet Culinary Arts,lechatgourmet.com
Nantucket Secret Spice,nantucketsecretspice.net
THE LITTLE PIE COMPANY LTD,littlepiecompany.com
The Montana Chocolate Company,mtchocolatecompany.com
Berke's Peanut Butter,berkespeanutbutter.com
CUPCAKERY THE,thecupcakery.com
Riganato Old World Grille,riganato.com
River City Sweets LLC,rivercitysweets.net
Blue Sheep Bake Shop,bluesheepbakeshop.com
Farmers Natural Foods,farmersnaturalfoods.com
Gluuteny Bakery,gluuteny.com
Schmaltz’s Sandwich Shop,schmaltzssandwichshop.com
Dish'n It Out,dishnitout.com
Eugene's Table,eugenestable.org
Greatful Dog Bakery,gratefuldogbakery.com
Munchees Popcorn,muncheespopcorn.com
KLINGER'S BREAD COMPANY,klingersbread.com
Laurie's 909,lauries909.com
Mid Jersey Pet Supply-Pro Salt,midjerseypetsupply.com
"Out of the Bubble Bakery, LLC",obubblebakery.com
Spork Foods,sporkfoods.com
Alpine Bakers Inc,alpinebakeries.com
"Bold Palate Foods, LLC",boldpalatefoods.com
"SAMMYS PIZZA LAKESIDE, INC",sammyspizzalakeside.com
Shio Ramen Shop,shioramenshop.com
Sushify,try.sushify.com
WHITE SALMON BAKING CO. LLC,whitesalmonbaking.com
Dimaio Cucina,dimaios.com
dot donuts,dotdonuts.com
"Farm to Fork Meals, LLC",farmtoforkmeals.com
PHEASANT CREEK FARMS LLC,pheasantcreekfarms.com
Mo-Mo-Paradise,momoparadiseusa.com
Pel&Meni -The world of dumplings-,pelandmeni.com
Chocolate Passion,chocolatepassion.net
"GOOD TO GO MEAT PIES, LLC",goodtogomeatpies.com
Green Mountain Orchards Inc,greenmountainorchards.com
Panaca Market,panacamarket.com
Applegate Farms LLC,applegatefarms.com
Black Diamond Culinary,blackdiamondculinary.com
Garcia Supermarket,garciassupermarket.com
Gunnison Vitamin & Health,gunnisonvitamin.net
"JENNY WENNY CAKES, LLC",jennywennycakes.com
GOUP Premium Factories,goup.es
Popcorn Heaven-Steele Creek,popcornheaven-steelecreek.com
Presby's Maple Farm LLC,presbysmaplefarm.com
"R&D Marketing, LLC",rdmarketingms.com
Sprout Bake,sproutbake.com
Taco Naco KC,taconacokc.com
Tessera Foods,tesserafoods.com
Zarela Restaurant,zarela.com
Akki's Cupcakery & Tea,akkiscupcakery.com
"CHRISOULA'S CHEESECAKE SHOPPE, LLC",chrisoulascheesecakeshoppe.com
Goodwin Creek Farm & Bakery,aftonvirginia.com
Herban Vegans,herbanvegans.com
Sonoma Salad Co,sonomasaladco.com
madebypauline,madebypaulineny.com
Ollio Patisserie,olliopatisserie.com
Pinch & Pour,pinchandpour.com
PRETTY BIRD INTERNATIONAL,prettybird.com
INTERNATIONAL CHEWING GUM ASSOCIATION,gumassociation.org
Cookiegrams of Georgia Inc,cookiegramsofga.com
LIL' POP SHOP LLC,lilpopshop.com
Liz’s Little Kitchen,lizslittlekitchen.com
"Papa C Pies, LLC",papacpies.com
Pure Delite Cupcakes,puredelitecupcakes.com
Annie’s Soup Kitchen,anniessoupkitchen.com
Flour & Sugar Cakery,flourandsugarcakery.com
Joy Rising Bakery,joyrisingbakery.com
Open Range Grill and Tavern,openrangesedona.com
OREGON KOSHER,oregonkosher.org
Pfg Florida,pfgflorida.com
RAVIOLI HOUSE THE,theraviolihouse.com
The Kids Cooking Connection,kidscookingconnection.com
Nino’s Italian,ninos-italian.com
Sugar & Spice Bake Shoppe,sugarandspicebakeshoppe.com
Sully’s Steamers,sullyssteamers.com
Urban Olive Oils & Balsamics,urbanoliveoils.com
"Saint Brian's BBQ, Inc",saintbriansbbq.com
Beigel Bakery,beigels.net
Champa Thai & Sushi Restaurant,champathaisushi.com
Conrad’s Legacy,conradslegacy.webs.com
"FreshPoint Connecticut, LLC",connecticut.freshpoint.com
Bluebird Sweets,bluebirdsweets.com
"ROSYCAKES, LLC",rosybakescakes.com
Stanley’s Pierogi,stanleyspierogi.com
AH Juice Organics,ahjuice.com
EUPHEBE LLC,euphebe.com
P.S. Creative,edsorchardmarket.net
Altitude Brewing & Supply,altitudebrew.com
Bell’s Home Blend,bellshomeblend.com
Fit4me Foods,fit4mefoods.com
Po Wing Hong Food Market,powing.com
Spicy Element,spicyelement.com
Wicked Island Bakery,wickedislandbakery.com
Fresh From Hell,freshfromhell.com
"Lloyd's Ice Cream, Inc. dba Lic's Deli & Ice Cream",licsdeliandicecream.com
"Simply Panache Products, LLC",amangoparty.com
Arbordoun,arbordoun.com
Jayasri Sweets,jayasrisweets.com
Lancaster County Farmers Market,lancastercountyfarmersmarket.com
Kiawe Island Bistro,kiaweislandbistro.com
Amycakes,amycakesbakery.com
BEASLEYS SMOKEHOUSE SAUSAGE COMPANY LLC,beasleyssmokehousesausage.com
Third and Hollywood,thirdandhollywood.com
Three Rivers Food Co-Op,threeriversmarket.coop
BRUG Bakery,brugbakery.com
Raskin Fish Market,raskinfish.com
Sweetly Divine,sweetlydivine.com
"Bread Beckers, Inc.",breadbeckers.com
bxvFood Fine Catering,bxvfood.com
Single Ingredient Groceries,singleingredientgroceries.com
Alpine Meats and Deli,alpinemeatsanddeli.com
"BIG TOM BEVERAGES, INC.",bigtombeverages.com
Rye Bar & Southern Kitchen,ryeraleigh.com
Tazzina Di Gelato,tazzinadigelato.com
Terrafertil US,us.naturesheart.com
Dor Lo Pizza,dorlopizza.com
Flourgirl Patissier,flourgirlpatissier.com
Ranchos Natural Foods,ranchosnaturalfoods.com
Razza Pizza Artigianale,razzanj.com
St. Honoré Boulangerie,sainthonorebakery.com
T & N Feed And Pet Supplies,tandnfeed.com
Toscana Italian Ristorante,toscanaitalian.com
Glarus Chocolatier,glaruschocolatier.com
"INSPIRATION MIXES, LLC",inspirationmixes.com
MR. CHEESE BREAD LLC,mrcheesebread.com
Organic Beauty and Cultural Products,organicbeautyandculturalproducts.com
Stan’s Berry Patch,stansberrypatch.com
The Crystal Spoon Corp,thecrystalspoon.com
"Green Mountain Repellents, Inc",gmtick.com
Tea Maineia,teamaineia.com
Batch Cupcakery,batchcupcakery.com
Carbone’s Restaurant,carbonesrestaurant.com
Cheesecake Love,cheesecakelove.com
Gabriella Chocolates Inc,gabriellachocolates.com
Revolution Bakery,revolutionbakery.com
GREAT FALLS TEA GARDEN LLC,greatfallsteagarden.com
The Lunch MOB,thelunchmob.co
Butch’s Grillacatessen & Eatzeria,eatbutch.com
Caradaro Club,caradaroclubpizza.com
Deli King of Linden,delikinglinden.com
Ellary's Greens,ellarysgreens.com
"Great Harvest Bread Company - Boulder, Colorado",ghboulder.com
Standard Fare,standardfareberkeley.com
The Blend Superfood Bar,theblendsuperfoodbar.com
Valentes Deli Bakery & Italian Market,valentesdeli.com
Mountain Valley Meats,mountainvalleymeats.com
Town Square Market,townsquaremarket.com
"WHAT'S BREWIN', LLC",whatsbrewin.org
Yogurt 4 You,yogurt4you.com
Cakemakers Etc,cakemakers.com
"CAMPBELL'S NUTRITION CENTER, INC",campbellsnutrition.com
Dijon: A French Bistro,dijonbistro.com
Jones Toffee,jonestoffee.com
Kuro-Obi,ippudony.com
Liquid Nicotine Wholesalers,liquidnicotinewholesalers.com
"LOTTIE'S CREAMERY, LLC",lottiescreamery.com
Pastry Corner Bakery & Cafe,pastrycornercafe.com
Rei Da Picanha Restaurant,reidapicanha.net
The Secret Chocolatier,thesecretchocolatier.com
Chef Cherie,chefcherie.com
Crunchy Mama Granola,crunchymamagranola.com
Drip Cafe,dripcafede.com
"Katie's Plates, LLC",katiesplates.com
"SAKE HIBACHI SUSHI & BAR, INC.",sakehibachi.com
The Fresh Monkee,thefreshmonkee.com
The Tubby Olive,thetubbyolive.com
Bernini Honolulu,berninihonolulu.com
CRUST PIE SHOP LLC,crustpieshop.com
Janina’s Fine Desserts,janinasfinedesserts.com
Lee’s Deli,leesdeliracine.com
JUST HEAVENLY FUDGE FACTORY LLC,justheavenlyfudge.com
PHILLYPINOY,phillypinoyfoods.com
Root Coffeehouse and Cafe,rootfennville.com
Adirondack Popcorn Company,adirondackpopcorn.com
ANGELINE'S BAKERY LLC,angelinesbakery.com
Apple Creek Amish Market,applecreek.biz
BLACKBERRY HILLS BAKERY LLC,blackberryhillsbakery.com
Cookies & Milk,cookiesandmilksac.com
Brelundi,brelundi.com
Cakes to Celebrate,cakes-to-celebrate.com
Chicago Gyros,chicagogyrosanddogs.com
"CITY NUT & CANDY, INC.",citynutandcandyonline.com
Elite Gourmet Desserts,elitegourmetdesserts.com
Heart Rock Herb & Spice,heartrockherbandspice.com
Maui Rainbow Tea,mauirainbowtea.com
BusyMom Baking,busymombaking.com
Lisa’s Italian Deli,lisasdeli.com
Mediterranean Diet Center,mediterraneandietcenter.com
Perry County Marketplace,pcmarketplace.net
RANCHAR CRE8IONS UNLIMITED LLC,glutendairyfreerecipes.com
"SIMPLY SWEET CAKERY, INC.",simplysweetcakery.com
"SmartLife Chocolate, LCC",smartlifechocolate.com
Stanley’s Hamburgers,stanleyshamburgers.com
The Olive Tree Mediterranean Grille,theolivetreemediterraneangrille.com
Ultimate Burger,ultimateburger.net
Your Pets' Chef,yourpetschef.com
Ava’s Cupcake Shoppe & Cafe,avascupcakes.com
Baking Works,bakingworks.org
"JAE'S ASIAN BISTRO AND SUSHI, INC.",jaesasianbistroandsushi-seattle.com
Native Cold Pressed,nativecoldpressed.com
Ozone Layer Deodorant,ozonedeodorant.com
Eatfabulously,eatfabulously.com
Ginger Biscuits,ginger-biscuits.com
Made Today Cafe & Bakery,madetodaycafeandbakery.com
Set for Dinner,setfordinner.com
The Hemp Bakers,thehempbakers.com
Yardley Farmers Market,yardleyfarmersmarket.com
Cosimo’s Pizza,cosimospizzacafe.com
Elizabeth’s An American Bistro,elizabethsbistro.com
FIRE AND EARTH KITCHEN LLC,fireandearthkitchen.com
Gilbert Chocolates,gilbertchocolates.com
it! Candy,haveyoutriedityet.com
Tubb's Shrimp & Fish Co.,tubbsseafood.com
Casa Cosenza,casacosenza3705.com
Crepes & Croissants,crepesetcroissants.com
BuddhaTeas Fenugreek Tea,fenugreektea.org
Hilltop Supermarket,hilltopsupermarket.com
In a Nutshell,inanutshell.com
Mama Mary’s Pizza,mamamaryspizza.com
Marcia’s Garden Soap Shop,marciassoaps.com
Sweeeeet.com Desserts,sweeeeet.com
"ArboVe, LLC",arbove.com
Gastamo Group,gastamogroup.com
Liz Anthony Nutrition,lizanthonynutrition.com
"NANCY JO'S BURGERS AND FRIES, INC.",nancyjosburgers.com
Ristorante Olivio,ristoranteolivio.com
"SMACKERS BBQ, LLC",smackersbbq.com
Sonyola Granola,sonyolagranola.com
Always Hungry,bealwayshungry.com
"Caris CBD, LLC",cariscbd.com
Midwest Ag Enterprises,midwestagenterprises.com
U-Sushi,u-sushi.com
Yummies Donuts & BBQ,yummiesdonuts.com
Blue Smoke Salsa,bluesmokesalsa.com
EL GAUCHO MEAT MARKET INC,gauchomeatmarket.com
Padingtons Pizza Inc,padingtons.com
GELATO DOLCE VITA LLC,gelatodolcevita.com
Gambinos Italian Eatery,gambinosnj.com
"PATRICIA'S TABLE, LLC",patriciastable.com
Rashida Sawyer Bakery,rashidasawyer.com
Forgia Brick Oven Pizzeria,forgiapizzeria.com
Ginger’s Garden Cafe,gingersgardencafe.squarespace.com
The Peppered Cupcake,thepepperedcupcake.com
Whh Ranch Inc,whhranchco.com
Adams Food,adamsfoods.com
Bowery Bagels,bowerybagels.com
Monsoon Bellevue,monsoonrestaurants.com
National Feed,nationalfeed.com
Bizzy Lizzy Bakery,bizzylizzybakery.com
"Central Bean Co., Inc.",centralbean.com
Happy Curry Foods,happycurryfoods.com
Modern Italian Bakery Of West Babylon Inc.,modernbakedprod.com
BEST POPCORN COMPANY,bestpopcorncompany.com
COLORADO EGG PRODUCERS ASSOCIATION,coloradoeggproducers.com
Harmony Bakery,harmonybakery.net
The Perfect Pickle,the-perfect-pickle.com
Pho 1 Noodle and Grill,pho1noodlegrill.com
Snow Goose Farms,snowgooseproducemarket.com
The White Rabbit Café & Pâtisserie,thewhiterabbitcafe.com
Try It Raw,tircafe.com
Cakes 4 All,cakes4all.com
"Register Meat Company, Inc.",registermeats.com
Jesse Seafood Market,jessmarket.com
Kitchen Collage Of Des Moines,mykitchencollage.com
Pastries A La Carte,pastries51.com
Roses Catering LLC,rosescatering.com
Tinoco’s Meat Market,tinocosmarket.com
Bread Box,breadboxclub.com
"FARM TO FIT, LLC",farmtofit.com
Julliani’s Pizza,julliannis.com
Sitzman Supply LLC,sitzmansupply.com
So Sweet Lebanese & French Pastries,sosweetpastries.com
SOFRA Bakery & Cafe,sofrabakery.com
Whole and Nourished,wholeandnourished.com
Cakes by Connie,cakesbyconnie.net
Chabaa Thai Bistro,chabaathai.com
Diblasi Cold Cut Center,diblasissubs.com
Fisher Scones,fisherscones.com
"Tararine, Thai Cuisine",tararinethai.com
American Barbecue,americanbarbecuesystems.com
Pier Market Seafood Restaurant,piermarket.com
"Watermark Specialty Foods, LLC",watermark101.com
"FOUR SEASONS PIZZA, LLC",myfourseasonspizza.com
Bandito Taco & Taste of Persia,banditotacoandtasteofpersia.com
Little skillet LLC,littleskilletsf.com
Morrison Milling Co.,morrisonmilling.com
THE PROPER PIE COMPANY LLC,theproperpiecompany.com
Arends Family Foods,arendsfamilyfoods.com
B Town Barbell Club,btownbarbellclub.com
Depot Street Tavern,depotsttavern.com
Mana Ai,manaai.com
Meeteetse Chocolatier,meeteetsechocolatier.com
Rising Sun Breads L.L.C.,risingsunbreads.com
Barkz Biscuit Bakery,dogcakeworld.com
Bucks County Biscotti Co.,buckscountybiscotti.com
CAKE AFFECTION INC.,cakeaffection.com
Petit Pierre Bakery,petitpierrebakery.com
Pure Healthy Eatery,liveandeatpure.com
Saji-Ya,sajiya.com
Thai Time Cuisine,thaitimecuisine.com
Wee Bee Jammin',weebeejammin.com
Cinclare,cinclarefoodanddrink.com
"Clark's Gringo Foods Salsa, Ranch Dip, and Chili Mix",clarksgringofoods.com
Matthews Hematology Oncology Assoc,matthewsoncology.com
Osteria Cucina Rustica,osterianj.com
United Markets,unitedmarkets.com
Babycakes Cupcakery,babycakescupcakery.com
Burrito Me,burritome.com
Seven Beef,sevenbeef.com
"TRIPLE H HOMESTEAD, LLC",triplehhomestead.com
"BACCHUS & BARLEYCORN, LTD.",bacchus-barleycorn.com
"Basic Batches Bakery, LLC",basicbatchesbakery.com
Bizios Fresh Market,biziosmarket.com
GLUTEN FREE GEM LLC,glutenfreegem.com
SoilSoup,soilsoup.com
8Fifteen Sandwiches,8fifteensandwiches.tumblr.com
Great Barrington Bagel Co,gbbagel.com
"Kind Roots, LLC",kindrootsco.com
Cassini’s Pizza,cottagegrovepizza.com
"Kayla´s Cake, LLC",thekaylascake.com
Krystal Thai,krystalthai.com
"MELTS ON MAIN STREET, LLC",meltsonmainstreet.com
Saffa Home Foods,saffahomefoods.com
Silk Fudge,silkfudge.com
Internationl Botanical Ingredients (IBI),ibispice.com
Jiggy Rays,jiggyrays.com
Range Farms,marysturkeys.com
SWEETLY SCRUMPTIOUS LLC,sweetlyscrumptious.com
J Annette’s Cheesecakes,jannettes.com
Masala By Marigold,masalabymarigold.com
Huppybar,huppybar.com
Royal Cakery,royalcakery.com
Treatie Beatie Cake Shop,treatiebeatiecakes.com
Discover Bulk Foods,discoverbulk.com
Grand Cakes,grandcakes.com
Green Bone Bakery,greenbonebakery.com
Swiss Meat & Sausage Co.,swissmeats.com
Dosie Dough,dosiedough.com
Stocked General,stockedgeneral.com
Brickell's Ice Cream,brickellsicecream.co.uk
Little Sicily Pizzeria & Bakery,littlesicilypizzaandbakery.com
My Own Meals Inc,myownmeals.com
Rebel Daughter Cookies,rebeldaughtercookies.com
Enliven Foods,enlivenfoods.com
Two Chef Mission,twochefmission.com
Caribbean Liquid Sugar,heyshuga.com
"DC Meats, Inc.",dcmeats.net
Hibachi Grill & Noodle Bar,hibachigrillmiami.com
"Better Brownie Bites, LLC dba B.T.R. NATION",btrnation.com
New Paltz Bagel Cafe,newpaltzbagelcafe.com
ROYO BREAD CO.,eatroyo.com
Sweet Fix Creamery,sweetfixcreamery.com
Weyira Olive Oil & Vinegar Tasting Gallery,weyiraoliveoil.com
Barrys Beanies,barrysbeanies.com
"FREEMAN FOODS OF NORTH ENGLISH, INC.",northenglish.freemanfoods.net
GeumSam Ginseng,geumsam.com
Hutch’s Food Center,hutchsfoodcenter.com
Seven Grains Natural Market,sevengrains.com
"STOCKS & BONDY, LLC",stocksandbondy.com
Green House Bistro & Bakery,greenhousebistro.com
PIZZA BY CHRIS INC,chriss-pizza.com
Taco Trader,tacotrader.com
The Dreamy Spoon,thedreamyspoon.com
TSIM NEEJ,tsimneej.com
Burgers & Chile Loco,burgerschileloco.weebly.com
Chef Pascal Corp,chefpascal.com
"H. Fox & Co., Inc.",foxs-syrups.com
New Sahara Restaurant,saharagrill.com
Piattino Neighborhood Bistro,piattinonj.com
BAM Healthy Cuisine,bamhealthycuisine.com
Beantown Pastrami,beantownpastrami.com
Lakeview Bagels & Deli,lakeviewbagels.com
"Nunu Chocolates, LLC",nunuchocolates.com
"PAPA GIO'S OF CHULUOTA, LLC",papagios.com
Eat @ Banning & 5th,eatwhitebear.com
El Carreton Mexican Taqueria,elcarretongainesville.com
"Leonore Restaurant, LLC",leonorerestaurant.com
"TENNESSEE GRASS FED, LLC",tennesseegrassfed.com
Josef’s European Pastry Shop,josefspastryshop.com
"RIVER WAVE FOODS, LLC",riverwavefoods.com
The EurekaSally Gallery of Art & Chocolate,eurekasally.com
Piedmont Food & Agricultural Processing Center (PFAP),pfapnc.org
C & R Central Office,crsupermarkets.com
Grandad’s Apples,grandadsapples.com
Linnane & Co,linnaneco.com
Lola Savannah Coffee & Tea,lolacc.com
Love That Spice,lovethatspice.com
Maine Meat,memeat.com
Mas Taco,mas-taco.com
Setas Mushrooms,setasmushrooms.com
The Daily Kitchen & Bar,thedailykitchenandbar.com
Breadbar LA,breadbar.la
Bridger Valley Buffalo Co,bridgervalleybuffalo.com
California Pomegranate Co.,gfreefoodie.com
Country Oven,countryoven.com
Da Crack Mexican Grinds,dacrackkauai.com
Kens Market,kensmarkets.com
"NEW YORK CRAFT MALT, LLC",nycraftmalt.com
All Natural Horse Treats,allnaturalequine.com
Cold Fusion Gelato,coldfusiongelato.com
RAW by Canines First,rawbycaninesfirst.com
Soque River Farmers Market,abbyjsgourmet.com
Whey Power Plus,wheypowerplus.com
Ediblend Superfood Café,ediblend.com
"Honest Origins, Inc.",honestorigins.com
Jeanie’s Party Cakes And Supplies,jeaniespartycakes.com
Little King Sandwich Shop,littlekingsandwiches.com
Spam Tour Truck,spam.com
Two Pals & A Pup LLC,twopalsandapup.com
Villaggio Iccara,villaggioiccara.com
Vito Marcellos Italian Bistro,vitofoods.com
Arroyo Grande Meat Company & Village Butcher Shop,agmeatcompany.com
CRAFT KITCHEN AND BREWERY LLC,craftkitchenandbrewery.com
El TacoBike,eltacobike.com
La Union Supermarket,launionmercado.com
Mignardise,mignardisehawaii.com
Nyc Birthday Cakes,nycbirthdaycakes.com
SoCal Homebrew,socalhomebrew.com
Sweet Tales Cake Boutique,sweettalescakeboutique.com
Ali’s Cookies,shipacookie.com
"BARONCINI, L.L.C.",baroncinirestaurant.com
Basil’s Flame Broiled Chicken,basilschicken.com
Charlottesville Dog Barkery,cvilledogbarkery.com
Moody Foods Corp. dba Kingdoms Best Tamales,kingdomsbesttamales.com
"CHEHALEM FLATS, LLC",cflats.com
JO2 Natural Cuisine,jotwo.com
M & M Patisserie,mandmpatisserie.com
Marché Museum Cafe,marcherestaurant.com
Pomegranate on Main,pomegranateonmain.com
Sherni’s Candies,sherniscandies.com
GOODIES Homemade,goodieshomemade.com
Grando Cioccolato,grandocioccolato.com
Maui Kombucha,mauikombucha.com
Nutmeg Olive Oil Company,nutmegoliveoil.com
"SJMC ENTERPRISES, LLC",shawnajana.com
Taqueria Odelay,tacoodelay.com
7th Street Deli,7thstreetdeligj.com
Empire Pizza Restaurant,empirepizzapittsfield.com
Kakao Chocolate,kakaochocolate.com
Le Cheval Restaurant,lecheval.co
Pizzeria Delight,pizzeriadelight.com
Soup Thyme,soupthyme.com
Parisian Star Desserts,parisianstardesserts.com
"SUTTON INVESTMENTS, LLP",seattlesuttonmn.com
Alfano’s Little Sicily,alfanospizza-restaurant.com
CHEF,chefk9.com
Earthly Juices & Earthly Vegan Express,earthlyjuicecart.com
Nick’s Pizza Palace,nickspizzapalace.net
Prairieland Food Coop,prairielandmarket.org
"RITA'S BAKERY, INC.",ritasbakery.net
Rocco’s Pizza House Restaurant,roccospizzadanvers.com
Sarno’s Restaurant & Lounge,sarnosrestaurant.com
Sweet Martha's Cookie Jar,sweetmarthas.com
Nova Asian Bistro,novaasianbistro.com
Rick’s Dog Deli,ricksdogdeli.com
Caked Up Cafe,cakedupcafe.com
Guiseppe’s,guiseppesristorante.com
"KISSY'S SWEETS AND TREATS, L.L.C.",kissyssweets.com
Soumaya & Sons Bakery,soumayasonsbakery.com
1Eatz,1eatz.com
2941 Mediterranean Street Food,2941streetfood.com
"American Brand Enterprises, LLC",americanbrandllc.com
Armadillo Pepper,armadillopepper.com
Cocorico Cuisine,cocoricocuisine.com
Amazing Thai Cuisine Broken Arrow,thaifoodbrokenarrow.com
"Connie's Cookie Jar, L.L.C.",conniescookiejar.com
Sol Alchemy Snacks,solalchemysnacks.com
Valley Food Storage,valleyfoodstorage.com
Chef Method,chefmethod.com
Green Tree Cooperative Grocery,greentree.coop
Nelli Grocery,nelligrocery.blogspot.com
Rocky Point Farm,rockypointblueberries.com
THE FOOD CO-OP,foodcoop.coop
Amazon Juices,amazonjuices.us
Brown Baguette Bakery Cafe,brownbaguette.com
Earth and Sky Bar,earthandskybar.com
Lilybites,lilybites.com
Natural Way Cafe,naturalwaycafe.com
Nunu’s Mediterranean Cafe & Market,nunuscafe.com
F.A. NINO'S ARTISAN PRODUCTS LLC,faninos.com
HFT Grill,hftgrill.net
"It's Good Organics, Inc.",itsgoodorganics.com
Mrs. London’s,mrslondonsbakery.com
NEW CASCADIA TRADITIONAL LLC,newcascadiatraditional.com
"PACO'S BAKERY, INC.",pacosbakery.com
"CUSTOM PIE, INC.",custompie.com
Kaka’ako Farmers’ Market,farmloversmarkets.com
Loui’s Pizza & Roast Beef,louispizzaandroastbeef.com
Roma’s Italian Beef & Sausage,romaschicago.com
True Seasons Organic Kitchen,trueseasonskitchen.com
Tutor & Spunky’s Deli,tutorandspunkys.com
Wild Roots Organic Foods,wildrootsorganicfoods.com
Second Floor Bakery,secondfloorbakery.com
Two Southern Sissies BBQ,twosissies.com
Arktos Meadery,arktosmeadery.com
Athens Bread Company LLC,athensbreadcompany.com
"good phyte foods, LLC",goodphytefoods.com
LAKE MARY CHEESECAKE CO INC,lakemarycheesecake.com
Oh Là Là Cake Creations,ohlalacakecreations.com
Roti Road House Cafe,rotiroadhouse.com
Silver Coin Indian Grill,silvercoinusa.com
SIMERLYS INC,simerlysmarket.com
The Clark Fork Pantry,clarkforkpantry.com
"GALEOS CAFE, LLC",galeoscafe.com
Nuts Nuts Group Inc & Nuts-nuts alfresco Enterprises NV,nuts-nuts.com
Sound Homebrew Supply,soundhomebrew.com
The Saucy Burger,thesaucyburger.com
Withey's Health Foods,witheyshealthfoods.com
NORTH CREEK FARMERS MARKET ASSOCIATION INC,glensfallsfarmersmarket.com
"CREATIVE CATERING SERVICES, INC",creativecateringservices.com
Latino Market & Grill,latinomeatmarket.com
Mediterranean Bakery & Deli,mediterraneanbakeryanddeli.net
Pet Adventure,pet-adventure.com
Roe Seafood,roeseafood.com
Rowdy Hog Smokin BBQ,rowdyhogbbq.com
Western Meat Block,westernmeatblock.com
Amandine Bakeshop,amandineseattle.com
An Italian Affair,anitalianaffair.com
Dame Farm & Orchard,damefarmandorchards.com
Loutre Market,loutremarket.com
Sahabee Honey,sahabeehoney.com
"COOKIES BY SHAR, INC.",cookiesbyshar.com
Blackbird Doughnuts,blackbirddoughnuts.com
Cathy’s Biscotti,cathysbiscotti.com
Jaws Jumbo Burgers,jawsjumboburgers.net
Lazy Bagel,lazybagel.com
Marathon Food Service,marathonfoodservice.com
Osteria La Civetta,osterialacivetta.com
Patisserie of the Pacific,patisserieofthepacific.com
Rell-Brook House of Naturals LLC,rellbrook.com
"SUE'S HEALTH FOODS, INC.",sueshealthfoods.com
Tiber Canyon Ranch,tibercanyon.com
Tuscany Italian Market,tuscanyjackson.com
Upstart Hospitality,upstarthospitality.com
Adcock Pecan,adcockpecans.com
Brown Sugar’s Bar-B Q,brownsugarsbarbq.com
Foodasia International Corp.,foodasiacorp.com
Lucky Treats,lucky-treats.com
Manhattan Beach Farmers Market,mbfarmersmarket.com
New South Kitchen & Bar,newsouthkitchen.com
Pizzeria Pezzo,pizzeriapezzo.com
Poppyseeds Bagels,poppyseedsbagels.com
Romanicos Chocolate,romanicoschocolate.com
"U ROLL EXPRESS, INC.",urollsushi.info
Chococoa Baking Company,chococoabaking.com
Comfortable Cooking,ricewildtree.webs.com
F J ROBERTS PUBLISHING LLC,superbabyfood.com
Sardi’s Fusion,sardisfusion.com
Seed Bakery,seedbakerypasadena.com
Cheesecake Funk,cheesecakefunk.com
Fresh-n-Healthy Meals,freshnhealthymeals.com
Golconda Chimney,golcondachimney.com
HONEY WAFER BAKING COMPANY,honeywafer.com
Humble Bagel,humblebagel.com
Mansoura Pastries,mansourapastries.com
NEW YORK EATS LLC,newyorkeats.net
Sasquatch Cookies,sasquatchcookies.com
Yummy’s Donuts House,yummysdonuthouse.com
ARIZONA FOODS GROUP INC,arizonafoodsgroup.com
Boikey's,boikeys.com
"Dakotaland Feeds, LLC",dakotalandfeeds.com
New Mexico Catalog,new-mexico-catalog.com
OPA! Foods LLC,opafoods.com
Paella Depot,paelladepot.com
Shaver-Hill Maple Farm,shaverhillfarm.com
Stephanie’s Sweets & More,stephaniessweets1113.blogspot.com
Barley & Board,barleyandboard.com
Monroe Farmers Market,monroefarmersmarket.org
"Select Savory Seasonings, Snacks & Sauces",selectsavory.com
YAYAYA,drinkyayaya.com
Best Health Food Store,besthealthfoodstore.net
Cupcake Caramel by Sweets Bakeshop,sweetsbakeshop.com
Heart of Celebration,heartofcelebration.com
"Somers Family Specialties, LLC dba MustKetch",mustketch.com
Seeductive Foods,seeductivefoods.com
The Local Juicery & Kitchen,thelocaljuicery.com
Thoma Meat Market,thomameat.com
Bangkok Center Grocery,bangkokcentergrocery.com
Nuttee Bean Co.,nutteebean.com
Good L'oven Cookie Shop,goodlovencookieshop.com
Hard Nectar,hardnectar.co
Tea India,teaindia.com
The Maple Shop,mapleshopnj.com
"Ajinomoto North America Inc., Nutrition and Health",ajiusafood.com
Clean Copack,cleancopack.com
CAKE MART GmbH,meincupcake.de
Salt Me!,saltmepink.com
Bakefully Yours,bakefully.com
Grace Signature LLC,gracesignature.com
Happy Panini,happypanini.com
Roux 61,roux61.com
"E Fit Foods, Inc.",efitfoods.com
Full Moon Restaurant,fullmoonrestaurant.com
Shmuck's Sweet Stuff,shmuckssweetstuff.com
"BAKE AUSTIN, LLC",bakeaustin.com
Tucker Cooker Company,tuckercooker.com
Sifers Valomilk Candy,valomilk.com
Farmbox Delivery,farmboxdelivery.com
Savory Gourmet,savorygourmet.com
Summerland Trading,summerlandtrading.com
Nottoli & Son,nottoli.com
Jackie's Board Life,jackiesboardlife.com
Noble Pies,noblepies.com
Trex Corp Inc,teamtrex.com
Yum Actually,yumactually.com
Houston Hot Sauce Festival,houstonhotsauce.com
"Kids' Cake Boxes, LLC",kidscakeboxes.com
Leslie's Lumpia,leslieslumpia.com
"Simply Spice Rubs, LLC.",simplyspicerubs.com
Volcano Kimchi,volcanokimchi.com
Headlock Hot Sauce,headlockhotsauce.com
Jefferson County Ciderworks,jeffcocider.com
Liv Nut Free,livnutfree.com
Encinitas Yogurt and Ice Cream,only8frozenyogurt.com
For Goodness Cakes,forgoodnesscakes.org
Mile High Spice Company,milehighspicecompany.com
Smith Family Popcorn,smithfamilypopcorn.com
The Apple Valley Creamery and Bake Shop,theapplevalleycreamery.com
Butcher & Bull,butcherandbull.com
Victual,shopvictual.com
Olinda Olives,olindaolives.com
"Sugar Momma's Hermann, MO",sugarmommashermannmo.com
The Yellow Chilli - Redefining Indian Food,theyellowchillisantaclara.com
Blue Kitchen,blue-kitchen.com
Mangia e Bevi.,mangiaebevi.us
Sanborn Foods Inc,sanbornfoods.com
"Synergy Animal Products, Inc.",synergyanimalproducts.com
Honeyhill Farm,thehoneyhillfarms.com
IPAP,ipap.com
That Rub LLC,mmmthatrub.com
"Old School Mill, Inc. dba Old School Brand",oldschool.com
Theia Brands Inc.,theiayummyfoods.com
Sponge Factory Inc,thespongefactory.com
Sweet Eats Cakes,sweeteatscakes.com
Quinoa Esta Bakery,quinoaestabakery.com
DIANDAS ITALIAN AMERICAN PASTRY CO,diandasbakery.com
Divya's,divyas.com
Glazier’s Market,glaziersmarket.com
Globan Organics Tm,globanorganics.com
Kalona SuperNatural,kalonasupernatural.com
NagaBhutSpices,nagabhutspices.com
The Culinary Stone,culinarystone.com
Owl Creek Organics & Natural Products,owlcreeknaturalproducts.com
Couture Chocolates,couturechocolates.com
"LELULOS PIZZERIA, LLC",lelulospizza.com
"Prager Brothers Artisan Breads, Inc.",pragerbrothers.com
Sift Bakehouse,siftbakehouse.com
Sprouts Vietnamese Eatery,sproutsvietnam.com
Blossom Ice Cream,blossomicecream.com
"CHESTER'S HAMBURGER CO., LTD.",chestershamburgers.com
Gabby's Garden Natural Foods,gabbysgardenfoods.com
575 Pizzeria,575pizzeria.com
Sweet & Flour,sweetandflournj.com
South + Pine American Eatery,southandpine.com
The Greedy Ant Gourmet,thegreedyantgourmet.com
"Global Farms Enterprises, Inc.",global-farms.com
Nova Foods,novafoods.com
Relish Big Tasty Burgers,relishusa.com
WOODWORTH DAVID,get2forks.com
"Artisan Kitchens, LLC",chooseartisan.com
Better Mrkt,thebettermrkt.com
Misfits Bakehouse,misfits.kitchen
Nourished by Nadia,nourishedbynadia.com
Oishii Bento,oishiibento.com
Sweet Hibiscuits,sweethibiscuits.com
The Brick Your Neighborhood Deli,brickmarketdeli.com
Banh Town,banhtown.com
Dorian’s Seafood,doriansseafood.com
Lucky Donuts House,luckydonutshouse.com
NW FERMENTS INC.,nwferments.com
Original Murdick's Fudge,originalmurdicksfudge.com
Pairing Salts®,pairingsalts.com
BellaVia Gluten Free,bellaviafoods.com
CBK Cookies & Cakes,cbkcookies.com
Jim’s Razorback Pizza,razorbackpizza.homestead.com
The Taste of Montana,thetasteofmontana.com
Cheesecake Kravings,cheesecakekravings.com
Jerky Mountain™ beef jerky,jerkymountain.com
Jewel's Bakery and Cafe,jewelsbakeryandcafe.com
KitchN Giggles,kitchngiggles.com
Sweet Shaubies,sweetshaubies.com
Zio Matto Gelato,ziomatto.com
"Best Bake North America, LLC",bestbakena.net
Deejai Thai Restaurant,deejaithai.com
Hi-Way Bakery,hiwaybakery.com
Sweet Thoughts,sweetthoughts4u.com
Tietgens Super Rama,tietgensfoodstores.com
Zeek Bar,zeekbar.com
Big Daddy’s Pizzeria,bigdaddyspizzeria.net
Big John’s Pacific Food Importers,bigjohnspfiseattle.com
October Fields Farm,octoberfields.com
Redberry Frozen Yogurt,redberry.us
Cub’s Q Authentic Barbeque,cubsq.com
Easy Breezy Frozen Yogurt,easy-breezy.com
Figtree Kitchen,figtreekitchen.com
Ritter’s Cider Mill,ritterscidermill.com
"FRUIT-EZE, INC.",fruiteze.com
Secane Pizza,secanepizza.com
Basil & Bunny,basilandbunny.com
Jenkinson & Sala Family Christmas Trees,farmersproducesalinas.blogspot.com
Murray’s Sturgeon Shop,murrayssturgeon.com
Pat's Pizza and Pasta,patspizzapasta.com
PENNINGS LAWN CARE & LANDSCAPING INC,penningsorchard.com
"Winding Way Farm 2, Inc. dba Dimples Horse Treats",dimpleshorsetreats.com
Sanctuary Dairy Farm Ice Cream,icecreamkidbeck.com
Baguettaboutit,baguettaboutit.com
Blue Monkey Shaved Ice,bluemonkeyshavedice.com
Heirloom Brand,heirloomliqueurs.com
Lekker Eats,lekkereats.com
Mirabella Catering Inc,mirabellacatering.com
Thumb Bread®,thumbbread.com
Abrams & Weakley General Store For Animals,abramsandweakley.com
The Faiya Company,faiya.co
Ambrosia Meals,ambrosiameals.com
Betty’s Chocolate Novelties,bettyschocolates.com
cookie.dough.love.,cookiedoughlove.com
El Gallo Taqueria,elgallopdx.com
HoneyGo,honeygoinc.com
Jerusalem Grill Las Vegas,jerusalemgrillvegas.com
"QUESOS FINOS MEXICANOS, LLC.",quesosfinosmexicanos.com
Riders Leather Seal,ridersleatherseal.com
Confections Of A Rock$tar,coarock.com
Diablo's Southwest Grill,diablossouthwestgrill.com
Mi Tierra Tortillas,mitierratortillas.com
Octo Sushi & Happy Octo Bar,octosushi.com
Slice Nation Pizza Co.,slicenation.com
Uncomplicated Kitchen,uncomplicatedkitchen.org
E C KITCHEN LLC,eckitchenllc.com
Philip Marks Chocolates,philipmarkschocolates.com
Sweet Suga Mama’s,sweetsugamamas.com
Alternutive,alternutive.com
Carissa's the Bakery,carissasthebakery.com
Farm Country Soup,farmcountrysoup.com
Takoma Park Farmers Market,takomaparkmarket.com
Ash Creek Oregon,ashcreekoregon.com
Brew Masters Brewing Supplies,brewmastersbrewing.com
Gene’s Heartland Foods,eudora.heartlandfoodsstores.com
Lovables Catering + Kitchen,lovablescatering.com
Nana's All Purpose Alkaline Seasoning,nanaseasoning.com
Sol Burrito,solburrito.com
VegHealth Institute,veghealth.com
Alexandria Cupcake,alexandriacupcake.com
Boulder Bean,boulderbean.com
Crystal & Spice Shoppe,crystalandspice.com
Cupcake Therapy,thecupcaketherapy.com
Sky’s Pizza Pie,skyspizzapie.com
"Woofables, The Gourmet Dog Bakery",woofables.com
VegeCity Corp,vegecity.com
DICED,dicedsalads.com
Revealnatural,revealnatural.com
Cucina di Catherina LLC,cucinadicatherina.com
Fabulicious Cupcakes,fabuliciouscupcakes.com
LA Hacienda Inc,lahaciendainc.com
Cadillac Cookers,cadillaccookers.com
Highmeadow Farm,highmeadow.farm
Mr Chan’s,mrchans.net
North State Pizza,northstatepizza.com
Seoul Garden - Temple,seoulgardentemple.com
Taza A Lebanese Grill,mytaza.com
The Pub At Chino Hills,thepubatchinohills.com
Windmill Inn Products,windmillinnproducts.com
Cafe Pomidor,cafe-pomidor.blogspot.com
Capri Italian Bakery,capriitalianbakery.com
Hapy Kitchen,hapykitchen.com
House of Bread Bakery Cafe,wasilla.houseofbread.com
"OREGON'S CHOICE, INC.",oregonschoice.com
The Juicing Tree,juicingtree.com
Valentinas Baguette,valentinasbaguette.com
"WHATEVER POPS, L.L.C.",whateverpops.com
1845 Meat Company,1845meat.com
Dancing Bee Bakery,dancingbeebakery.com
Mr. Sausage,mrsausagefinefoods.com
12 Farms Restaurant,12farms.com
Floozies Pie Shop,obrigadorestaurant.com
Masterlink Sausage and Meats,masterlinksausageandmeats.com
SD Chicken Pie Shop,chickenpieshops.com
"Arora Food Group, LLC dba TruEats Modern Baking Co.",trueats.com
Zel’s Roast Beef,zelsroastbeef.com
Big Sales Co.,bigsalesco.com
Cakehead Bakeshop,cakeheadbakeshop.com
"CELEBRITY CITY CAKES, LLC",celebritycitycakes.com
Frederic Loraschi Chocolate,fredericloraschichocolate.com
Frosting on Top,frostingontop.com
Baked Cafe & Bakery,bakeddowntown.com
Cake Flour,cakeflourbakery.com
Chick-Cago Grille,chickcagogrille.com
"Damoori Enterprises, LLC",damoorikitchen.com
"Essence Food & Beverage, LLC",essencefoodbeverage.com
Good & Tasty Bakes,goodandtastybakes.com
Michele Foods,michelefoods.com
New York Bake Company,nybakeco.com
Pinocchios's Pantry - Authentic Italian Food,pinocchiospantry.com
Pittsfield Rye & Specialty Breads Co,pittsfieldrye.com
Reunion Productions Inc,reunionproductions.com
Stewart's Food Store Inc.,stewartsolney.com
The Alabama Biscuit Co.,alabamabiscuit.com
The Cafe Krave,thecafekrave.com
Triolo’s Bakery,triolosbakery.com
All About Neem,allaboutneem.com
Molly’s Sugar Shack,mollyssugarshack.com
Proper's Pickle,properspickle.com
Cumberland Foodstop,cumberlandfoodstop.com
Valentino Pizzeria Trattoria,valentinopizzeria.com
Flamin’ Joes,flaminjoeswings.com
Rawsome Food LLC,idahound.com
Bella’s Cookies,bellascookies.com
Juniper Austin,juniperaustin.com
Mazopiya,mazopiya.com
"RockinBeauty, LLC",rockinbeauty.com
Bombay Spice: Indian Grocery and Spices,bombayspiceabq.com
Solsage LLC,solsagefoodtruck.com
Stellow Coffee & Floral,stellow.com
Cheesecake Heaven,cheesecakeheavenny.com
"Georgie & Tom's Food Co., PBC dba Georgie & Tom's",georgieandtoms.com
MFM Design LLC,mfmdesignllc.com
The Little Sugars,thelittlesugars.com
Berthoud Pizza Company,berthoudpizzacompany.com
"GULF COAST SOURDOUGH AND WILD YEAST BREADS, LLC",gulfcoastsourdough.com
"MAXIMUM PIZZA, LLC",papas-pizzeria.com
Miss Moffett’s Mystical Cupcakes,mysticalcupcakes.com
Royal Indian Grocery Store,royalindiangrocery.com
Smooth Pops,smoothpops.com
Squirrel Creek Bulk Foods,squirrelcreekfoods.com
Faboo Cakes,faboocakes.com
Health Food Emporium,healthfoodemporium.com
Larry’s Pizza & Subs,larrys-pizza.com
Sapore International LLC,saporeinternational.com
Build-a-Breakfast Build-a-Burger,bbmilwaukee.com
Cheesecake Kitchen,thecheesecakekitchen.com
The Well Nutrition,thewell.health
Hakata Yamaya,yamaya.us
iSmoothies Cafe,ismoothiescafe.com
Ralf’s Bavarian Bakery,ralfsbakery.com
Market Entry Fund,marketentryfund.org
FLORENCE'S HOMESTYLE INC,florenceshomestyle.com
INDAH Foodtruck,indahsushi.com
La Corneta Taqueria,lacorneta.com
Lucky Chocolates,luckychocolates.com
Nickel City Cheese & Mercantile,nickelcitycheese.com
Chopstix Asian Bistro,chopstixasianbistro.com
goa taco,goataco.com
Bakery from Germany LLC,bakeryfromgermany.com
Furpeeps Labs,furpeepslabs.com
Ms B’s Sweet Supplies,msbssweetsupplies.com
Succulent,succulentbakeshop.com
Airmid's Harvest,airmidsharvest.com
Fudge Factory Farm,fudgefactoryfarm.com
RJabs Wings,rjabswings.com
Salento Organics,salentoorganics.com
AbsoluteNom,absolutenom.com
Hopper's Mini Donuts,hoppersminidonuts.com
Homebrew Supply,homebrewsupply.com
Lilian's Table,lilianstable.com
"California Specialty Produce, Inc. dba One Earth Hearts",oneearthhearts.com
Pumpernickels Subs & Sandwiches,pumpernickelssubs.com
757 Boudin Balls - Stuffed,757boudin.com
Boiler Barrel E-Liquids,boilerbarrel.com
Green Apron Cafe,greenaproncafe.com
Square Meal Cafe,asquaremealonwheels.com
Sungrown Bakery,sungrownbakery.com
Thai Garden Bistro,thaigardenslc.com
Joe’s Pasty Shop,ilovepasties.com
Leahey Foods,leaheyfoods.com
Modica’s Deli,modicas.com
"PAIN TRAIN SALSA, LLC",paintrainsalsa.com
Shine Lab Co.,shinelabco.com
Whole Earth Center,wholeearthcenter.com
Ketchie Creek Bakery,ketchiecreekbakery.com
"Pennsylvania Macaroni Co., Inc.",pennmac.com
EatPowerSnacks!,eatpowersnacks.com
4th Generation Market,4thgenerationmarket.com
Grandmas Chicken Soup,grandmaschickensoup.com
GRAND PET BOUTIQUE,grandpet.com
SWEET JULES GIFTS,sweetjulesgifts.com
Voodoo Sweets,voodoosweets.com
Alabama Pet Foods,alabamapetfoods.com
Freeze Cream,freezecreamusa.com
Mario’s Pizza & Italian Restaurant,mariosrockhill.com
Olive Burger,oliveburger.com
Purple Cactus Burrito & Wrap Bar,thepurplecactus.com
Stuffed Cookies,stuffed-cookies.com
Three Leaves Foods,threeleavesfoods.com
Vero’s Mexican and Seafood,verosmexicanandseafood.com
Banchan Story,banchanstory.com
Benjamin Twiggs Cherry Foods,benjamintwiggs.com
Black Cat LES,blackcatles.com
Chocolate World Expo,chocolateworldexpo.com
Ferrucci's Old Tyme Italian Market,ferruccis.com
"Melina's Gourmet Foods, Inc.",melinasgourmet.com
Mu Mu Muesli,mumumuesli.com
Das Güd Spice Co.,dasgudspice.com
